n_trig,n_trig_UD,n_trig_LD,trig_E_tot,trig_E_max,trig_E_mean,trig_t_span,E_UD,E_LD,frac_E_UD,E_UD_max,E_LD_max,det_first,det_last,det_mismatch,both_dets,dt_firstUD_firstLD,n_unique_pix,pix_spread_max,pix_spread_rms,Ew_mean_t,earliest_E,event_class,event_id
2,1,1,365.6464080810547,261.72442626953125,182.82320404052734,6758.701368011274,103.92198181152344,261.72442626953125,0.28421442003742187,103.92198181152344,261.72442626953125,1,0,1,1,6758.701368011274,2,11.914668224084126,11.914668224084124,4837.78097849582,103.92198181152344,MISSED_PROTON,7630
4,2,2,901.7354202270508,420.1238708496094,225.4338550567627,27551.312134699103,247.4736557006836,654.2617645263672,0.2744415381158826,214.81993103027344,420.1238708496094,1,1,0,1,2093.820409621813,4,37.610272717379026,26.355086192932003,7941.413876495561,214.81993103027344,MISSED_PROTON,1164
2,1,1,196.9184741973877,170.641845703125,98.45923709869385,44.90505965828979,26.276628494262695,170.641845703125,0.133439122973924,26.276628494262695,170.641845703125,0,1,1,1,-44.90505965828979,2,0.0,0.0,5.992091777893925,170.641845703125,BS_CROSS_DET,8072
2,1,1,134.5598382949829,126.02692413330078,67.27991914749146,17652.937273037154,8.532914161682129,126.02692413330078,0.06341352865612265,8.532914161682129,126.02692413330078,0,1,1,1,-17652.937273037154,2,4.503300000000001,4.5033,1119.4350436284774,126.02692413330078,CLEAN,19475
4,1,3,1458.7547073364258,537.1395263671875,364.68867683410645,40421.979725098274,16.099647521972656,1442.6550598144531,0.01103656937043883,16.099647521972656,537.1395263671875,0,0,0,1,-14502.834576569823,4,25.967454339807745,22.85191317789388,12795.754332068445,428.32891845703125,CLEAN,1898
2,1,1,202.5186309814453,119.23925018310547,101.25931549072266,35.48901342518369,83.27938079833984,119.23925018310547,0.4112183673904544,83.27938079833984,119.23925018310547,0,1,1,1,-35.48901342518369,2,0.0,0.0,14.593734161001956,119.23925018310547,MISSED_PROTON,10070
3,1,2,2394.665952682495,2205.05419921875,798.2219842274984,28917.99059925108,26.09351921081543,2368.5724334716797,0.010896517395917195,26.09351921081543,2205.05419921875,0,1,1,1,-28917.99059925108,3,42.03112416552498,29.720492918336483,17063.011342267353,163.5182342529297,CLEAN,9704
2,1,1,387.05078315734863,361.8908386230469,193.52539157867432,41541.840305402264,25.159944534301758,361.8908386230469,0.06500424654630767,25.159944534301758,361.8908386230469,0,1,1,1,-41541.840305402264,2,0.0,0.0,2700.39602919971,361.8908386230469,CLEAN,11497
2,1,1,362.19760513305664,305.7870178222656,181.09880256652832,10295.522639479135,305.7870178222656,56.410587310791016,0.8442546651017527,305.7870178222656,56.410587310791016,0,1,1,1,-10295.522639479135,2,25.07348687802516,25.07348687802516,-1603.4796214381643,56.410587310791016,MISSED_PROTON,9227
3,2,1,226.38873291015625,127.49546813964844,75.46291097005208,60503.182011919256,145.986572265625,80.40216064453125,0.6448491070602911,127.49546813964844,80.40216064453125,0,1,1,1,-33.963655029925434,3,6.004432099707683,4.245774654877481,4960.939690752164,80.40216064453125,BS_CROSS_DET,11991
5,2,3,1821.2614479064941,1300.871337890625,364.25228958129884,45580.088078638626,1466.4042205810547,354.85722732543945,0.805158546713136,1300.871337890625,153.20680236816406,0,0,0,1,-10481.225102034976,5,34.78951176866959,25.601760603708485,1860.6745903785259,153.20680236816406,MISSED_PROTON,10457
2,1,1,499.47847080230713,487.310791015625,249.73923540115356,36633.845251254774,12.167679786682129,487.310791015625,0.02436076927827802,12.167679786682129,487.310791015625,0,1,1,1,-36633.845251254774,2,4.50334907485529,4.50334907485529,892.4286519419584,487.310791015625,CLEAN,2431
3,1,2,1385.5947380065918,780.1222534179688,461.86491266886395,35842.51208485973,51.9635124206543,1333.6312255859375,0.03750267736684136,51.9635124206543,780.1222534179688,1,0,1,1,6360.104030119612,3,22.666275486820602,22.666259950615782,16360.764544833533,51.9635124206543,MISSED_PROTON,6294
2,1,1,326.8519582748413,317.5816955566406,163.42597913742065,18712.847540083607,9.270262718200684,317.5816955566406,0.028362267636792192,9.270262718200684,317.5816955566406,0,1,1,1,-18712.847540083607,2,18.01332129904144,18.01332129904144,530.7387901783396,317.5816955566406,MISSED_PROTON,14395
3,1,2,835.8660278320312,527.1665649414062,278.62200927734375,18791.326700233567,186.81431579589844,649.0517120361328,0.22349791662239812,186.81431579589844,527.1665649414062,1,0,1,1,35.84242803143929,3,18.013333333333332,12.737350151773676,11856.59839839578,186.81431579589844,MISSED_PROTON,17394
3,1,2,777.3650016784668,574.5452270507812,259.1216672261556,8698.180411962632,53.78928756713867,723.5757141113281,0.0691943777388977,53.78928756713867,574.5452270507812,0,1,1,1,-8698.180411962632,3,6.004399999999997,4.245751956956505,-6394.323975992019,574.5452270507812,MISSED_PROTON,16054
3,1,2,161.5689811706543,100.13823699951172,53.856327056884766,18988.229770199458,29.594038009643555,131.97494316101074,0.18316658182293907,29.594038009643555,100.13823699951172,0,1,1,1,-18988.229770199458,3,42.031071784573854,29.720455879410732,10813.518894967769,31.836706161499023,CLEAN,2938
2,1,1,150.26810455322266,103.98470306396484,75.13405227661133,27066.617028436132,103.98470306396484,46.28340148925781,0.6919945079039381,103.98470306396484,46.28340148925781,0,1,1,1,-27066.617028436132,2,16.23700849055946,16.23700849055946,18729.950331217016,46.28340148925781,MISSED_PROTON,15775
2,1,1,2266.0794067382812,1583.4544677734375,1133.0397033691406,19915.57178068369,1583.4544677734375,682.6249389648438,0.6987638928560799,1583.4544677734375,682.6249389648438,0,1,1,1,-19915.57178068369,2,20.63686264915285,20.63686264915285,13916.282465925227,682.6249389648438,MISSED_PROTON,6255
3,2,1,617.2612686157227,503.9185485839844,205.75375620524088,66106.74008995388,517.9511108398438,99.3101577758789,0.8391116325853507,503.9185485839844,99.3101577758789,1,1,0,1,20282.898229489547,2,16.23697382180559,16.23697382180559,4766.125656587094,503.9185485839844,CLEAN,18857
2,1,1,162.84042358398438,93.6659927368164,81.42021179199219,28077.46195208248,69.17443084716797,93.6659927368164,0.424798887921656,69.17443084716797,93.6659927368164,0,1,1,1,-28077.46195208248,2,0.0,0.0,11927.274612907248,93.6659927368164,MISSED_PROTON,634
2,1,1,267.15855407714844,142.89752197265625,133.57927703857422,11531.975887026309,124.26103210449219,142.89752197265625,0.4651209186759142,124.26103210449219,142.89752197265625,0,1,1,1,-11531.975887026309,2,19.629599763877003,19.629599763877,-6168.2126683041415,142.89752197265625,MISSED_PROTON,5290
2,1,1,519.7874479293823,506.9197998046875,259.89372396469116,3760.2892823796055,12.867648124694824,506.9197998046875,0.0247555961113609,12.867648124694824,506.9197998046875,1,0,1,1,3760.2892823796055,2,15.600003205127877,15.600003205127877,-93.08820273646865,12.867648124694824,MISSED_PROTON,16263
2,1,1,233.0970001220703,135.78994750976562,116.54850006103516,36.61020013693943,97.30705261230469,135.78994750976562,0.41745304556191654,97.30705261230469,135.78994750976562,0,1,1,1,-36.61020013693943,2,0.0,0.0,15.283039545796662,135.78994750976562,MISSED_PROTON,15560
3,1,2,1126.7532958984375,614.6796264648438,375.5844319661458,30918.894563992202,408.55462646484375,718.1986694335938,0.36259456968268744,408.55462646484375,614.6796264648438,0,0,0,1,-2308.2224598678204,3,27.515816865537133,20.79999750357891,1369.361049218914,614.6796264648438,MISSED_PROTON,1909
4,1,3,1814.2487258911133,1387.8248291015625,453.5621814727783,38977.438268151534,22.402305603027344,1791.846420288086,0.012347979239739522,22.402305603027344,1387.8248291015625,0,0,0,1,-18537.188757433814,4,25.967477386254235,19.500004382483482,29892.90460586777,166.04791259765625,CLEAN,1611
3,1,2,1904.76535987854,1631.7152099609375,634.92178662618,16572.870573098055,16.657114028930664,1888.1082458496094,0.008744969002372465,16.657114028930664,1631.7152099609375,0,1,1,1,-16572.870573098055,3,42.56384080935888,30.320956023003113,7318.769965576339,256.3930358886719,CLEAN,8628
5,1,4,2474.8872289657593,1530.1756591796875,494.97744579315184,50505.64918619279,14.56149959564209,2460.325729370117,0.005883702265386554,14.56149959564209,1530.1756591796875,0,0,0,1,-39285.769369676535,4,35.387710941520716,21.242178101288836,324.92864538712246,1530.1756591796875,BREMS_LOSS,15835
3,1,2,774.0503845214844,459.5473327636719,258.0167948404948,2104.7888260246664,203.4025115966797,570.6478729248047,0.2627768368365614,203.4025115966797,459.5473327636719,1,0,1,1,625.2184538058287,3,36.40000976800845,26.514908175506765,1339.3342600144097,203.4025115966797,MISSED_PROTON,7201
3,1,2,593.8505859375,389.25701904296875,197.9501953125,21479.90748606646,389.25701904296875,204.59356689453125,0.6554797254741385,389.25701904296875,137.69300842285156,0,1,1,1,-21479.90748606646,3,34.09868619169952,26.000012113971536,14520.59769358134,137.69300842285156,MISSED_PROTON,3065
6,2,4,1185.9479532241821,575.805419921875,197.65799220403036,38559.545645908795,144.7300729751587,1041.2178802490234,0.12203745753065107,135.41883850097656,575.805419921875,0,0,0,1,-31.66542865181577,6,41.708195870865715,29.72047312217343,24045.93073017934,190.251220703125,BS_CROSS_DET,9912
2,1,1,256.86659240722656,151.05711364746094,128.43329620361328,31.80801645912003,151.05711364746094,105.80947875976562,0.5880761380132327,151.05711364746094,105.80947875976562,0,1,1,1,-31.80801645912003,2,0.0,0.0,18.705535477140646,105.80947875976562,MISSED_PROTON,3468
3,1,2,800.5255432128906,361.9604187011719,266.8418477376302,8874.763355778881,358.946533203125,441.5790100097656,0.44838860701746186,358.946533203125,361.9604187011719,0,1,1,1,-8874.763355778881,3,36.39997861112008,27.51579861207012,4341.889158308241,361.9604187011719,MISSED_PROTON,12690
3,1,2,460.7150821685791,321.2534484863281,153.57169405619302,41068.20955882471,28.38799476623535,432.32708740234375,0.06161724646090047,28.38799476623535,321.2534484863281,0,1,1,1,-41068.20955882471,3,6.004466666666667,4.245799097408585,2530.510430726203,321.2534484863281,CLEAN,19396
3,2,1,143.62964820861816,86.33233642578125,47.87654940287272,37987.79113221161,57.297311782836914,86.33233642578125,0.39892398608130075,37.2346076965332,86.33233642578125,0,1,1,1,-43.7329640070788,2,0.0,0.0,5317.608179522478,86.33233642578125,BS_CROSS_DET,17754
5,2,3,750.6804676055908,460.74481201171875,150.13609352111817,43734.50131830702,72.25184059143066,678.4286270141602,0.09624846217444404,55.821773529052734,460.74481201171875,1,1,0,1,6880.247398612964,5,29.980172975858558,21.91417421327119,-732.6515501217634,55.821773529052734,CLEAN,10214
2,1,1,191.3885898590088,179.1860809326172,95.6942949295044,17544.528649820055,12.202508926391602,179.1860809326172,0.06375776599525022,12.202508926391602,179.1860809326172,0,1,1,1,-17544.528649820055,2,4.503324074780762,4.503324074780761,1118.5999521521903,179.1860809326172,CLEAN,1473
3,2,1,97.1641788482666,38.377567291259766,32.38805961608887,29556.73624671696,58.786611557006836,38.377567291259766,0.6050234999547427,34.454036712646484,38.377567291259766,0,1,1,1,-17485.60085279417,3,36.026659264741404,25.474695069595807,14859.576690853473,38.377567291259766,MISSED_ELECTRON,12199
2,1,1,155.32000350952148,127.44409942626953,77.66000175476074,18451.778881316062,27.875904083251953,127.44409942626953,0.1794740114176156,27.875904083251953,127.44409942626953,0,1,1,1,-18451.778881316062,2,0.0,0.0,3311.614773620637,127.44409942626953,CLEAN,18136
3,1,2,3077.0050506591797,2600.759521484375,1025.6683502197266,13234.403129513026,327.20703125,2749.7980194091797,0.10633945211753981,327.20703125,2600.759521484375,0,0,0,1,-29.558485050720016,3,42.03113333333333,29.720499400955937,11189.182704464401,149.0384979248047,MISSED_PROTON,9302
2,1,1,586.6551971435547,504.65631103515625,293.32759857177734,40556.041706366115,81.99888610839844,504.65631103515625,0.1397735612121975,81.99888610839844,504.65631103515625,1,0,1,1,40556.041706366115,2,11.914693773761035,11.914693773761035,34887.37932839692,81.99888610839844,MISSED_PROTON,9393
4,1,3,523.3484983444214,191.26878356933594,130.83712458610535,80498.69707348305,15.116854667663574,508.2316436767578,0.028884872538059728,15.116854667663574,191.26878356933594,0,1,1,1,-80498.69707348305,4,44.976992311354316,30.6259787882261,7510.987134191521,184.63955688476562,CLEAN,16813
3,2,1,257.15142250061035,150.08331298828125,85.71714083353679,43369.24602012011,107.0681095123291,150.08331298828125,0.4163621125295349,84.41856384277344,150.08331298828125,0,1,1,1,-36.007835124250356,2,0.0,0.0,3831.724664532406,150.08331298828125,BS_CROSS_DET,7465
4,1,3,815.775712966919,434.3894958496094,203.94392824172974,35643.51207637368,29.83830451965332,785.9374084472656,0.036576603158647004,29.83830451965332,434.3894958496094,0,0,0,1,-32409.658354306288,3,18.013333333333335,12.73735015177368,17118.7621759186,264.4066467285156,CLEAN,16564
3,2,1,323.66143798828125,129.61624145507812,107.88714599609375,64.98546629507297,194.04519653320312,129.61624145507812,0.5995314046038097,116.40784454345703,129.61624145507812,1,1,0,1,29.4553039340352,3,6.004432099707681,4.245774654877482,35.1685511738957,77.6373519897461,MISSED_PROTON,8957
2,1,1,369.5003185272217,354.309326171875,184.75015926361084,24991.713464593122,15.19099235534668,354.309326171875,0.04111225780777652,15.19099235534668,354.309326171875,0,1,1,1,-24991.713464593122,2,0.0,0.0,1027.4657670144322,354.309326171875,CLEAN,16068
2,1,1,282.6836853027344,244.02964782714844,141.3418426513672,28.822050751302037,38.65403747558594,244.02964782714844,0.13673954135057415,38.65403747558594,244.02964782714844,0,1,1,1,-28.822050751302037,2,0.0,0.0,3.9411140005160115,244.02964782714844,BS_CROSS_DET,8050
3,1,2,514.4326839447021,428.71185302734375,171.47756131490073,35238.36007190094,10.758054733276367,503.6746292114258,0.02091246351375447,10.758054733276367,428.71185302734375,0,1,1,1,-35238.36007190094,3,18.013329632370702,12.737347534797903,4205.840571212768,428.71185302734375,CLEAN,14264
3,1,2,838.7184677124023,444.34820556640625,279.5728225708008,34449.95755557133,105.4746322631836,733.2438354492188,0.12575689736612666,105.4746322631836,444.34820556640625,0,0,0,1,-19335.20160645851,3,19.686874577184103,15.308381102375115,14297.78397432483,444.34820556640625,MISSED_PROTON,2358
3,2,1,389.11618995666504,314.0538635253906,129.70539665222168,25845.287923240307,75.06232643127441,314.0538635253906,0.19290466027546666,54.630470275878906,314.0538635253906,0,1,1,1,-15215.875290620314,3,10.400002136751919,7.353912035251865,4427.543374821722,314.0538635253906,CLEAN,14516
2,1,1,575.3937072753906,340.4088134765625,287.6968536376953,30772.557444747647,234.98489379882812,340.4088134765625,0.4083897526643638,234.98489379882812,340.4088134765625,0,1,1,1,-30772.557444747647,2,16.23697382180559,16.23697382180559,12567.197123710419,340.4088134765625,MISSED_PROTON,9035
2,1,1,375.4856491088867,271.5804443359375,187.74282455444336,6932.624722229328,271.5804443359375,103.90520477294922,0.7232778269434796,271.5804443359375,103.90520477294922,1,0,1,1,6932.624722229328,2,4.503349074855292,4.50334907485529,1918.410978120655,271.5804443359375,MISSED_PROTON,11358
2,1,1,319.5486068725586,252.76577758789062,159.7743034362793,35445.27533435633,66.78282928466797,252.76577758789062,0.20899114516027947,66.78282928466797,252.76577758789062,0,1,1,1,-35445.27533435633,2,15.6,15.6,7407.748682648537,252.76577758789062,MISSED_PROTON,15543
3,1,2,543.9414443969727,313.1030578613281,181.31381479899088,32411.582099244788,39.269813537597656,504.671630859375,0.07219492822638873,39.269813537597656,313.1030578613281,0,1,1,1,-32411.582099244788,3,6.004432099707681,4.245774654877482,2344.590876256094,313.1030578613281,BS_SAME_DET,7578
3,1,2,367.2010803222656,188.04324340820312,122.40036010742188,4417.520646350766,46.24458312988281,320.9564971923828,0.1259380366999392,46.24458312988281,188.04324340820312,0,0,0,1,-4406.400715255134,3,24.017795065418568,16.983145759906268,-1589.260108166442,132.9132537841797,MISSED_PROTON,5873
3,1,2,376.2333297729492,247.29664611816406,125.4111099243164,38223.0434659221,17.34764862060547,358.88568115234375,0.04610875020316381,17.34764862060547,247.29664611816406,0,1,1,1,-38223.0434659221,3,6.0044,4.245751956956506,1762.4176543233134,111.58903503417969,CLEAN,17338
2,1,1,348.59847259521484,312.1923828125,174.29923629760742,42378.44517937354,36.406089782714844,312.1923828125,0.1044355975276714,36.406089782714844,312.1923828125,0,1,1,1,-42378.44517937354,2,4.50334907485529,4.50334907485529,4425.818244601541,312.1923828125,CLEAN,13377
2,1,1,224.74074745178223,203.12393188476562,112.37037372589111,19763.333392688088,21.6168155670166,203.12393188476562,0.09618556408714649,21.6168155670166,203.12393188476562,1,0,1,1,19763.333392688088,2,28.123307060159195,28.123307060159195,17862.386022070044,21.6168155670166,MISSED_ELECTRON,527
2,1,1,80.83360290527344,47.788063049316406,40.41680145263672,25007.529033872703,33.04553985595703,47.788063049316406,0.4088094389988053,33.04553985595703,47.788063049316406,0,1,1,1,-25007.529033872703,2,0.0,0.0,10223.313915083834,47.788063049316406,CLEAN,722
2,1,1,453.5126209259033,434.61810302734375,226.75631046295166,25774.88752593748,18.89451789855957,434.61810302734375,0.041662606566458996,18.89451789855957,434.61810302734375,0,1,1,1,-25774.88752593748,2,0.0,0.0,1073.848998287865,434.61810302734375,CLEAN,17719
4,2,2,1705.8715629577637,1156.619873046875,426.4678907394409,9685.108160386111,258.5467948913574,1447.3247680664062,0.15156287290648673,232.9224853515625,1156.619873046875,0,0,0,1,-101.96185382701702,4,33.99941506849787,23.400001602564046,7155.1126250436455,290.70489501953125,BS_CROSS_DET,14435
2,1,1,528.5798263549805,439.7552185058594,264.28991317749023,21046.789195906407,88.8246078491211,439.7552185058594,0.1680438855596218,88.8246078491211,439.7552185058594,0,1,1,1,-21046.789195906407,2,4.503349074855292,4.503349074855291,3536.7842350343803,439.7552185058594,MISSED_PROTON,1649
3,1,2,518.0645751953125,322.5126953125,172.68819173177084,34023.72776309792,17.839019775390625,500.2255554199219,0.03443396948858207,17.839019775390625,322.5126953125,0,1,1,1,-34023.72776309792,3,28.952369693860987,20.79999536682641,11833.397852728292,322.5126953125,CLEAN,9462
3,2,1,318.1640434265137,153.1096954345703,106.05468114217122,27119.537069732716,165.05434799194336,153.1096954345703,0.5187712169306333,138.4766387939453,153.1096954345703,0,1,1,1,-17301.56234550067,3,35.39566584090644,26.852688443472882,13248.69456132536,153.1096954345703,MISSED_PROTON,14378
4,1,3,2282.4801330566406,1878.94091796875,570.6200332641602,30663.143824279567,252.5855712890625,2029.8945617675781,0.11066276881490582,252.5855712890625,1878.94091796875,0,0,0,1,-971.7824245117918,4,50.298422555340885,29.956476347642674,-11589.43275491509,1878.94091796875,MISSED_PROTON,18186
3,1,2,344.8462619781494,245.67095947265625,114.94875399271648,35396.44231484072,21.905412673950195,322.9408493041992,0.06352225640577827,21.905412673950195,245.67095947265625,0,1,1,1,-35396.44231484072,3,7.943135481939386,6.713181255477084,972.2907048831481,245.67095947265625,CLEAN,7599
2,1,1,448.7076759338379,427.0269775390625,224.35383796691895,22537.129536756885,21.68069839477539,427.0269775390625,0.048318091170725185,21.68069839477539,427.0269775390625,0,1,1,1,-22537.129536756885,2,4.503324074780764,4.503324074780762,1088.9510796834627,427.0269775390625,CLEAN,9244
3,1,2,402.3690376281738,267.2737731933594,134.1230125427246,33032.64487105755,267.2737731933594,135.09526443481445,0.6642503478121621,267.2737731933594,71.38319396972656,1,0,1,1,52.26406236121893,3,41.27373135542751,29.415651478875436,5868.507084210114,267.2737731933594,MISSED_PROTON,11850
3,2,1,444.8331413269043,393.6175842285156,148.27771377563477,66247.89289854582,402.22399139404297,42.60914993286133,0.9042131847331307,393.6175842285156,42.60914993286133,0,1,1,1,-12402.148468422467,3,16.715677097862354,12.378490713599403,12255.966458039693,42.60914993286133,CLEAN,6841
3,1,2,406.0352478027344,177.78787231445312,135.34508260091147,32522.78929081681,84.0198974609375,322.0153503417969,0.2069275953642261,84.0198974609375,177.78787231445312,0,0,0,1,-29503.31401840206,3,39.715655238051625,31.055214956196256,20345.580766778818,144.22747802734375,MISSED_PROTON,18384
2,1,1,510.64495849609375,412.5394287109375,255.32247924804688,32580.972440933336,412.5394287109375,98.10552978515625,0.8078791768079177,412.5394287109375,98.10552978515625,0,1,1,1,-32580.972440933336,2,15.600003205127877,15.600003205127877,26321.489195182676,98.10552978515625,MISSED_PROTON,4362
3,1,2,528.0240669250488,424.45172119140625,176.0080223083496,36278.34118466479,21.631092071533203,506.3929748535156,0.040966110119756455,21.631092071533203,424.45172119140625,0,1,1,1,-36278.34118466479,3,15.011113582535366,11.233286131354834,5616.275678787668,424.45172119140625,CLEAN,11197
3,1,2,849.4150676727295,459.7550354003906,283.13835589090985,40139.80952460688,26.805540084838867,822.6095275878906,0.03155764608494884,26.805540084838867,459.7550354003906,0,0,0,1,-16870.87540670667,3,23.829397343990422,17.24644589905088,17679.393385002848,459.7550354003906,BREMS_LOSS,19251
2,1,1,415.9447441101074,362.06256103515625,207.9723720550537,8359.14033280138,53.88218307495117,362.06256103515625,0.1295416851347151,53.88218307495117,362.06256103515625,0,1,1,1,-8359.14033280138,2,7.800001602563939,7.800001602563937,1082.8571249886538,362.06256103515625,MISSED_PROTON,5737
3,1,2,1199.5875701904297,616.2330322265625,399.8625233968099,32404.300522914804,503.27337646484375,696.3141937255859,0.41953867226629493,503.27337646484375,616.2330322265625,1,0,1,1,9060.098538697204,3,44.42882747846392,35.64940984395425,6817.431441802131,503.27337646484375,MISSED_PROTON,13255
2,1,1,245.2134952545166,233.47665405273438,122.6067476272583,74.03792614512413,11.736841201782227,233.47665405273438,0.04786376536739996,11.736841201782227,233.47665405273438,0,1,1,1,-74.03792614512413,2,0.0,0.0,3.543733925299109,233.47665405273438,MISSED_PROTON,17414
2,1,1,292.75463104248047,225.70916748046875,146.37731552124023,39905.6430406431,225.70916748046875,67.04546356201172,0.7709841059618182,225.70916748046875,67.04546356201172,0,1,1,1,-39905.6430406431,2,16.23699976050071,16.236999760500705,30766.616522521672,67.04546356201172,MISSED_PROTON,15345
3,2,1,1748.2680282592773,1147.2896728515625,582.7560094197592,29194.560032765257,1167.9284896850586,580.3395385742188,0.6680488751189635,1147.2896728515625,580.3395385742188,0,1,1,1,-25837.305664266223,3,36.026659264741404,25.474695069595807,17300.216357607045,580.3395385742188,CLEAN,631
4,2,2,765.6164436340332,372.12591552734375,191.4041109085083,14514.028701724592,285.15214920043945,480.46429443359375,0.3724477857959161,235.31443786621094,372.12591552734375,0,1,1,1,-5916.807602930799,4,43.42854906050425,30.873284650517427,5675.575260848524,372.12591552734375,MISSED_PROTON,372
4,2,2,845.2950439453125,386.909912109375,211.32376098632812,47457.78007282241,297.94639587402344,547.3486480712891,0.35247621290123105,239.1778106689453,386.909912109375,1,0,1,1,8791.25876959992,4,40.592486557620795,31.44280501628115,4240.8596935064525,239.1778106689453,MISSED_PROTON,11922
3,1,2,1323.7598991394043,1173.868408203125,441.25329971313477,34243.70529057967,11.44784164428711,1312.3120574951172,0.008647974343179241,11.44784164428711,1173.868408203125,0,1,1,1,-34243.70529057967,3,31.344108620440934,22.466564588739416,4398.214352694907,138.4436492919922,CLEAN,13300
3,1,2,1155.5537338256836,646.1430053710938,385.18457794189453,7435.189119114433,88.44762420654297,1067.1061096191406,0.07654133392284584,88.44762420654297,646.1430053710938,0,1,1,1,-7435.189119114433,3,34.62330424710758,26.344381335980458,-1809.8207846794178,646.1430053710938,MISSED_PROTON,18969
3,1,2,1025.5907897949219,535.590576171875,341.8635965983073,6962.497394850066,255.38076782226562,770.2100219726562,0.24900844504788486,255.38076782226562,535.590576171875,0,0,0,1,-6926.318014493604,3,6.004432099707681,4.245774654877482,-3608.829473501522,535.590576171875,MISSED_PROTON,6596
2,1,1,529.6414203643799,504.5707702636719,264.82071018218994,14656.812444686351,25.070650100708008,504.5707702636719,0.04733513871226317,25.070650100708008,504.5707702636719,0,1,1,1,-14656.812444686351,2,0.0,0.0,693.7822501488534,504.5707702636719,CLEAN,13461
3,1,2,1404.6056823730469,710.3211669921875,468.20189412434894,26772.151503503217,710.3211669921875,694.2845153808594,0.5057085955911251,710.3211669921875,429.7318420410156,1,0,1,1,12546.578179258433,3,40.6133093948277,30.76362245683474,-3665.5743785900536,710.3211669921875,MISSED_PROTON,9371
2,1,1,386.3768768310547,364.0078125,193.18843841552734,21955.886687889117,22.369064331054688,364.0078125,0.0578944177884529,22.369064331054688,364.0078125,0,1,1,1,-21955.886687889117,2,0.0,0.0,1271.1232768245839,364.0078125,CLEAN,14539
3,1,2,578.2925834655762,476.8583984375,192.7641944885254,37543.050066594806,24.467334747314453,553.8252487182617,0.04230961185890933,24.467334747314453,476.8583984375,0,1,1,1,-37543.050066594806,3,6.0044,4.245751956956506,1588.4343109981612,76.96685028076172,CLEAN,10395
2,1,1,323.1953287124634,309.9862060546875,161.5976643562317,14613.253783944636,13.209122657775879,309.9862060546875,0.04087040091327439,13.209122657775879,309.9862060546875,0,1,1,1,-14613.253783944636,2,0.0,0.0,597.2495407972413,309.9862060546875,CLEAN,12608
2,1,1,921.3301391601562,611.0863037109375,460.6650695800781,1696.5175507702243,310.24383544921875,611.0863037109375,0.33673470807328987,310.24383544921875,611.0863037109375,0,1,1,1,-1696.5175507702243,2,25.073484215850417,25.073484215850417,571.2763421998242,611.0863037109375,MISSED_PROTON,5737
4,1,3,598.5553817749023,361.9889221191406,149.6388454437256,29614.051421189593,20.93860626220703,577.6167755126953,0.0349819029278754,20.93860626220703,361.9889221191406,0,0,0,1,-22863.752869590062,4,24.76834491119663,17.295378940485808,7810.232235116882,361.9889221191406,CLEAN,12835
2,1,1,265.14288902282715,237.00904846191406,132.57144451141357,11890.937236363588,28.133840560913086,237.00904846191406,0.10610822211600379,28.133840560913086,237.00904846191406,1,0,1,1,11890.937236363588,2,15.600000000000001,15.6,-1261.7262094435278,28.133840560913086,MISSED_PROTON,4461
2,1,1,520.1251983642578,465.70880126953125,260.0625991821289,23130.689921372013,465.70880126953125,54.41639709472656,0.8953782718740397,465.70880126953125,54.41639709472656,1,0,1,1,23130.689921372013,2,23.4,23.4,2419.972752319673,465.70880126953125,MISSED_PROTON,1252
4,1,3,586.914737701416,317.0119934082031,146.728684425354,20030.5046260288,32.79835891723633,554.1163787841797,0.05588266371651754,32.79835891723633,317.0119934082031,0,0,0,1,-15380.074459326752,4,39.836022453176724,27.668917613271393,4840.376764449373,58.95355224609375,MISSED_PROTON,3332
2,1,1,516.7489471435547,291.6264953613281,258.37447357177734,15456.527263516855,291.6264953613281,225.12245178222656,0.5643485041882693,291.6264953613281,225.12245178222656,0,1,1,1,-15456.527263516855,2,11.914703222909079,11.914703222909079,8722.868041110942,225.12245178222656,MISSED_PROTON,17111
3,1,2,591.3915557861328,416.4830322265625,197.1305185953776,70117.1092242171,20.338470458984375,571.0530853271484,0.03439087058310899,20.338470458984375,416.4830322265625,0,1,1,1,-70117.1092242171,3,18.748858922345114,13.757899812834804,5356.721191418301,154.57005310058594,CLEAN,12538
2,1,1,221.57100677490234,144.03610229492188,110.78550338745117,17454.382370805874,77.53490447998047,144.03610229492188,0.3499325367905624,77.53490447998047,144.03610229492188,0,1,1,1,-17454.382370805874,2,0.0,0.0,6107.85630112857,144.03610229492188,MISSED_PROTON,16904
2,1,1,107.66621780395508,74.8902359008789,53.83310890197754,32002.359432214227,32.77598190307617,74.8902359008789,0.3044221536857233,32.77598190307617,74.8902359008789,0,1,1,1,-32002.359432214227,2,0.0,0.0,9742.227181379276,74.8902359008789,CLEAN,9443
3,2,1,182.1543960571289,108.89514923095703,60.71813201904297,35255.969528916794,73.25924682617188,108.89514923095703,0.4021821510318952,48.87385559082031,108.89514923095703,0,1,1,1,-30689.07875780891,3,31.772546590413555,22.466583149646944,13567.942411102753,108.89514923095703,CLEAN,7834
2,1,1,326.2683639526367,221.3995819091797,163.13418197631836,35.23668470987752,104.86878204345703,221.3995819091797,0.32141878781321404,104.86878204345703,221.3995819091797,0,1,1,1,-35.23668470987752,2,0.0,0.0,11.325732486005247,221.3995819091797,MISSED_PROTON,15305
2,1,1,146.1136531829834,131.99400329589844,73.0568265914917,15849.05865339632,14.119649887084961,131.99400329589844,0.09663470578894098,14.119649887084961,131.99400329589844,0,1,1,1,-15849.05865339632,2,0.0,0.0,1531.5691200026224,131.99400329589844,CLEAN,5812
2,1,1,742.0809936523438,532.7730102539062,371.0404968261719,14001.610655514263,532.7730102539062,209.3079833984375,0.7179445570108539,532.7730102539062,209.3079833984375,1,0,1,1,14001.610655514263,2,27.019994448556055,27.01999444855605,3949.2304960026236,532.7730102539062,MISSED_PROTON,11765
2,1,1,390.2398147583008,279.123779296875,195.1199073791504,34.23356672931381,111.11603546142578,279.123779296875,0.2847378234080156,111.11603546142578,279.123779296875,0,1,1,1,-34.23356672931381,2,0.0,0.0,9.747591277997875,279.123779296875,MISSED_PROTON,6835
2,1,1,482.7402286529541,457.2792663574219,241.37011432647705,20181.083039505364,25.460962295532227,457.2792663574219,0.052742574130560646,25.460962295532227,457.2792663574219,0,1,1,1,-20181.083039505364,2,0.0,0.0,1064.4022682461118,457.2792663574219,CLEAN,6566
3,1,2,2377.9541931152344,1946.732421875,792.6513977050781,31979.97945726308,338.8420715332031,2039.1121215820312,0.1424931029009031,338.8420715332031,1946.732421875,0,0,0,1,-8855.8701458464,3,47.18362527743191,33.56586591527503,27442.58255046876,92.37969970703125,MISSED_PROTON,10312
2,1,1,428.7415351867676,366.2850036621094,214.3707675933838,15613.274922756687,62.4565315246582,366.2850036621094,0.1456740865973039,62.4565315246582,366.2850036621094,0,1,1,1,-15613.274922756687,2,11.914693773761037,11.914693773761037,2274.449563165171,366.2850036621094,MISSED_PROTON,16464
3,1,2,541.8417854309082,375.1295166015625,180.6139284769694,37232.053710254266,10.119251251220703,531.7225341796875,0.01867565684911733,10.119251251220703,375.1295166015625,0,0,0,1,-20795.727681999037,3,48.316171743538526,34.36198958009012,11148.488353812874,375.1295166015625,CLEAN,1766
2,1,1,433.6505889892578,249.85595703125,216.8252944946289,27.924288043976453,249.85595703125,183.7946319580078,0.5761688404796317,249.85595703125,183.7946319580078,0,1,1,1,-27.924288043976453,2,4.503324074780764,4.503324074780762,16.089104663517155,183.7946319580078,MISSED_PROTON,15468
3,1,2,933.9599876403809,494.77886962890625,311.31999588012695,19395.86070899188,16.141719818115234,917.8182678222656,0.01728309566975857,16.141719818115234,494.77886962890625,0,1,1,1,-19395.86070899188,3,37.49774274687893,26.514908175506765,4949.762600594174,423.0393981933594,CLEAN,14880
2,1,1,164.10771942138672,145.6762237548828,82.05385971069336,15814.019184440547,18.431495666503906,145.6762237548828,0.11231339836718181,18.431495666503906,145.6762237548828,0,1,1,1,-15814.019184440547,2,0.0,0.0,1776.1262364483266,145.6762237548828,CLEAN,15697
2,1,1,320.98813247680664,303.43695068359375,160.49406623840332,27798.724096534905,17.55118179321289,303.43695068359375,0.05467860028900312,17.55118179321289,303.43695068359375,0,1,1,1,-27798.724096534905,2,4.503324074780762,4.503324074780761,1519.9953234187115,303.43695068359375,CLEAN,12651
4,1,3,762.6040554046631,445.2122497558594,190.65101385116577,37239.73613146881,17.34464454650879,745.2594108581543,0.02274397103396617,17.34464454650879,445.2122497558594,0,1,1,1,-37239.73613146881,4,40.5924855337244,23.72277202219157,2637.3431921119904,445.2122497558594,BS_SAME_DET,9420
2,1,1,382.6489734649658,360.7376403808594,191.3244867324829,36602.01648393389,21.911333084106445,360.7376403808594,0.057262228840429856,21.911333084106445,360.7376403808594,0,1,1,1,-36602.01648393389,2,4.503324074780762,4.503324074780761,2095.9130439242085,360.7376403808594,CLEAN,17005
2,1,1,268.4038887023926,229.2190399169922,134.2019443511963,32882.1925608379,39.18484878540039,229.2190399169922,0.14599210531129347,39.18484878540039,229.2190399169922,0,1,1,1,-32882.1925608379,2,4.50334907485529,4.50334907485529,4800.540519208078,229.2190399169922,CLEAN,3277
4,1,3,1421.6929473876953,960.2255859375,355.4232368469238,29318.59505530646,137.0865020751953,1284.6064453125,0.09642483092223701,137.0865020751953,960.2255859375,0,0,0,1,-23021.559912312718,4,47.01618953852491,31.20001710203858,7324.510735504277,107.91545104980469,MISSED_PROTON,4534
2,1,1,508.27130699157715,478.87835693359375,254.13565349578857,28718.9199699638,29.3929500579834,478.87835693359375,0.05782925310491801,29.3929500579834,478.87835693359375,0,1,1,1,-28718.9199699638,2,20.636865677713754,20.636865677713754,1660.7936918429211,478.87835693359375,MISSED_PROTON,3920
2,1,1,406.4304428100586,387.82586669921875,203.2152214050293,29821.560496192036,18.604576110839844,387.82586669921875,0.04577554767356469,18.604576110839844,387.82586669921875,0,1,1,1,-29821.560496192036,2,0.0,0.0,1365.098264193532,387.82586669921875,CLEAN,17067
2,1,1,1080.1232719421387,1065.1976318359375,540.0616359710693,7430.119031741952,14.925640106201172,1065.1976318359375,0.013818459886864401,14.925640106201172,1065.1976318359375,1,0,1,1,7430.119031741952,2,15.600003205127877,15.600003205127877,7327.446229947199,14.925640106201172,MISSED_ELECTRON,1993
4,2,2,486.3050956726074,251.63970947265625,121.57627391815186,39143.980725654365,339.6114501953125,146.69364547729492,0.6983505894084797,251.63970947265625,83.78174591064453,0,0,0,1,-27.148225988182357,4,17.872049581679214,15.104637326000253,7374.754242750329,83.78174591064453,MISSED_PROTON,16434
4,1,3,335.1975955963135,123.75553131103516,83.79939889907837,35562.84582771805,71.65785217285156,263.5397434234619,0.21377794206838774,71.65785217285156,123.75553131103516,0,0,0,1,-32223.78141509263,4,25.37498843787914,18.70374734291233,18848.048401482392,123.75553131103516,MISSED_PROTON,18361
4,1,3,775.5470066070557,426.0561218261719,193.88675165176392,71721.6572583252,16.342336654663086,759.2046699523926,0.0210720130636043,16.342336654663086,426.0561218261719,0,1,1,1,-71721.6572583252,4,37.878866900159515,27.485075926673368,11338.680381411265,271.1637878417969,CLEAN,6962
4,2,2,1335.0614757537842,444.9214782714844,333.76536893844604,43803.538195638146,463.6065502166748,871.4549255371094,0.34725483330639856,444.9214782714844,438.9519958496094,1,1,0,1,3681.7071822151397,4,47.2850146862156,28.03303754031794,9363.497555884749,444.9214782714844,CLEAN,78
2,1,1,233.6854248046875,216.3068084716797,116.84271240234375,41047.86224333736,17.378616333007812,216.3068084716797,0.07436756634493884,17.378616333007812,216.3068084716797,0,1,1,1,-41047.86224333736,2,0.0,0.0,3052.629618699301,216.3068084716797,CLEAN,14311
3,2,1,253.7019920349121,112.6068115234375,84.56733067830403,33372.36194261598,141.0951805114746,112.6068115234375,0.5561453395764366,109.59947967529297,112.6068115234375,0,1,1,1,-34.55735424071216,2,4.503324074780762,4.503324074780761,4157.923189818634,112.6068115234375,BS_CROSS_DET,12741
3,1,2,2658.9816665649414,1936.663330078125,886.3272221883138,25972.974199643013,119.71915435791016,2539.2625122070312,0.045024437687293924,119.71915435791016,1936.663330078125,0,1,1,1,-25972.974199643013,3,47.183603474512196,33.966251413523196,18907.064912253667,602.5991821289062,MISSED_PROTON,11704
3,1,2,625.539192199707,488.9147033691406,208.513064066569,31643.65363840288,32.486724853515625,593.0524673461914,0.0519339559513068,32.486724853515625,488.9147033691406,0,0,0,1,-17138.578336864924,3,48.03555679743912,33.96626794954076,25622.413448762378,104.13776397705078,CLEAN,15610
2,1,1,753.2479248046875,572.8690185546875,376.62396240234375,33896.021256846434,180.37890625,572.8690185546875,0.23946817549715935,180.37890625,572.8690185546875,0,1,1,1,-33896.021256846434,2,4.503324074780764,4.503324074780762,8117.018366989946,572.8690185546875,MISSED_PROTON,6511
3,2,1,822.2873268127441,549.8851928710938,274.09577560424805,23049.648653470707,272.4021339416504,549.8851928710938,0.3312736619661941,217.33453369140625,549.8851928710938,0,1,1,1,-16059.028324920579,3,36.40000976800846,26.00000313106819,5788.086615586933,549.8851928710938,MISSED_PROTON,12921
2,1,1,137.7906036376953,105.76144409179688,68.89530181884766,41112.3570230435,32.02915954589844,105.76144409179688,0.232448067577347,32.02915954589844,105.76144409179688,0,1,1,1,-41112.3570230435,2,0.0,0.0,9556.487943556433,105.76144409179688,CLEAN,13704
4,1,3,576.7843589782715,323.924560546875,144.19608974456787,36582.04806174109,116.20587921142578,460.5784797668457,0.20147196678022863,116.20587921142578,323.924560546875,0,0,0,1,-33.20979033858087,4,18.01333379903967,11.030866541975522,10148.259838458791,46.10379409790039,MISSED_PROTON,10683
4,2,2,434.89056396484375,142.90802001953125,108.72264099121094,30819.794547205493,218.6275634765625,216.26300048828125,0.5027185724228227,142.90802001953125,108.93704223632812,0,0,0,1,-17559.074981528087,4,32.473999646726995,30.209268439783095,18198.05528312618,108.93704223632812,MISSED_PROTON,6597
3,1,2,652.712682723999,455.3484802246094,217.570894241333,17338.027939069638,25.9532527923584,626.7594299316406,0.039762139574255506,25.9532527923584,455.3484802246094,0,1,1,1,-17338.027939069638,3,32.473981030990196,23.255103299753845,882.0314970102535,455.3484802246094,CLEAN,2713
3,1,2,486.7000675201416,300.8123779296875,162.2333558400472,27618.30737571636,17.93967628479004,468.76039123535156,0.03685981877133728,17.93967628479004,300.8123779296875,0,1,1,1,-27618.30737571636,3,39.7156706391962,28.322912185052974,-7284.4270032680315,300.8123779296875,CLEAN,7783
3,1,2,1023.8435468673706,555.5260620117188,341.28118228912354,47741.47707041393,10.19758129119873,1013.6459655761719,0.00996009724571691,10.19758129119873,555.5260620117188,0,1,1,1,-47741.47707041393,2,4.503324074780762,4.503324074780761,1205.5841317936888,458.1199035644531,CLEAN,18351
2,1,1,415.20814514160156,258.7016296386719,207.60407257080078,8275.312157282493,156.5065155029297,258.7016296386719,0.3769350802344089,156.5065155029297,258.7016296386719,0,1,1,1,-8275.312157282493,2,23.829396996619533,23.829396996619533,3119.255451970056,258.7016296386719,MISSED_PROTON,3014
3,2,1,361.7483596801758,181.51797485351562,120.5827865600586,29288.889827234427,253.87708282470703,107.87127685546875,0.7018057609139168,181.51797485351562,107.87127685546875,1,0,1,1,29288.889827234427,3,28.639335091288537,26.344369871041177,12441.678194836031,72.3591079711914,MISSED_PROTON,1169
2,1,1,115.34846115112305,90.79251861572266,57.67423057556152,36994.6793149919,24.55594253540039,90.79251861572266,0.21288487328173872,24.55594253540039,90.79251861572266,0,1,1,1,-36994.6793149919,2,0.0,0.0,7875.607618070611,90.79251861572266,CLEAN,4599
3,1,2,656.4837837219238,396.2189636230469,218.82792790730795,34880.63621642243,47.708683013916016,608.7751007080078,0.07267305636010145,47.708683013916016,396.2189636230469,0,0,0,1,-6363.84826097687,3,29.568446537107388,23.63951209258676,11756.123005666264,396.2189636230469,MISSED_PROTON,16582
5,1,4,421.15045833587646,191.57745361328125,84.23009166717529,48856.07643805161,13.607882499694824,407.54257583618164,0.03231121379628714,13.607882499694824,191.57745361328125,0,0,0,1,-43455.79983425791,5,35.9816242134843,26.474085568600852,13224.135493229134,65.02391815185547,CLEAN,7704
2,1,1,667.7824783325195,545.2728271484375,333.89123916625977,32931.96001322628,122.50965118408203,545.2728271484375,0.18345742088051442,122.50965118408203,545.2728271484375,0,1,1,1,-32931.96001322628,2,16.236985893015984,16.23698589301598,6041.612448566724,545.2728271484375,MISSED_PROTON,14209
2,1,1,550.8456649780273,509.7854919433594,275.4228324890137,52.41373057700634,509.7854919433594,41.06017303466797,0.9254597509879544,509.7854919433594,41.06017303466797,1,0,1,1,52.41373057700634,2,0.0,0.0,3.906932528860317,509.7854919433594,MISSED_PROTON,13410
3,1,2,449.1576519012451,322.1262512207031,149.71921730041504,18949.34585780371,12.444356918334961,436.71329498291016,0.027705988900910593,12.444356918334961,322.1262512207031,0,1,1,1,-18949.34585780371,3,6.0044320997076825,4.245774654877482,525.0105538613612,114.58704376220703,CLEAN,18524
4,3,1,163.9265947341919,54.41278839111328,40.981648683547974,18711.66625396383,121.1699914932251,42.7566032409668,0.7391722599356321,54.41278839111328,42.7566032409668,0,1,1,1,-37.027675998798195,3,6.004432099707681,4.245774654877482,1507.6211023235535,42.7566032409668,BS_CROSS_DET,7083
6,1,5,1291.086784362793,395.9480895996094,215.18113072713217,41101.785783626154,41.1401252746582,1249.9466590881348,0.03186472495337533,41.1401252746582,395.9480895996094,0,0,0,1,-10523.880724867098,5,35.4363894887727,21.914158992669556,11920.982712807063,345.1889343261719,MISSED_PROTON,4739
4,2,2,741.0171012878418,365.5076904296875,185.25427532196045,30287.943649723344,246.40958786010742,494.6075134277344,0.33252888149526216,218.71221923828125,365.5076904296875,1,1,0,1,6931.993271737291,4,28.12332196328565,16.84994045573678,-1172.9990919840227,218.71221923828125,CLEAN,1469
2,1,1,653.8289337158203,434.0177307128906,326.91446685791016,10787.162766926027,434.0177307128906,219.8112030029297,0.6638093059698269,434.0177307128906,219.8112030029297,0,1,1,1,-10787.162766926027,2,25.073515144919348,25.073515144919348,-3626.5437372293036,219.8112030029297,MISSED_PROTON,18000
2,1,1,167.44458770751953,150.72828674316406,83.72229385375977,53.477024582061766,16.71630096435547,150.72828674316406,0.0998318380618807,16.71630096435547,150.72828674316406,0,1,1,1,-53.477024582061766,2,0.0,0.0,5.338709658107604,150.72828674316406,BS_LOST,4561
2,1,1,635.8830814361572,611.2269897460938,317.9415407180786,26692.100218854295,24.656091690063477,611.2269897460938,0.03877456785668381,24.656091690063477,611.2269897460938,0,1,1,1,-26692.100218854295,2,0.0,0.0,1034.9746511733708,611.2269897460938,CLEAN,7854
2,1,1,369.5393981933594,216.35629272460938,184.7696990966797,28.762832044975614,216.35629272460938,153.18310546875,0.585475577928506,216.35629272460938,153.18310546875,0,1,1,1,-28.762832044975614,2,4.50334907485529,4.50334907485529,16.83993571439265,153.18310546875,MISSED_PROTON,13341
3,2,1,1115.7430820465088,993.5380859375,371.9143606821696,24310.10453013481,1008.5837879180908,107.15929412841797,0.903957016760646,993.5380859375,107.15929412841797,0,1,1,1,-23625.196276787294,3,21.015551503298166,15.308390182365864,21365.397877161777,107.15929412841797,CLEAN,6966
2,1,1,426.90562438964844,279.3405456542969,213.45281219482422,6498.539599651426,147.56507873535156,279.3405456542969,0.34566206277166517,147.56507873535156,279.3405456542969,1,0,1,1,6498.539599651426,2,11.914686073182962,11.914686073182962,4252.240996632563,147.56507873535156,MISSED_PROTON,12571
3,1,2,682.6253871917725,494.5395202636719,227.54179573059082,26465.970314569146,22.769399642944336,659.8559875488281,0.03335562970579593,22.769399642944336,494.5395202636719,0,0,0,1,-22098.269977956348,3,10.824649214537057,8.4915615310469,19910.822038335686,165.31646728515625,CLEAN,3830
3,1,2,270.22985458374023,131.79776000976562,90.07661819458008,42705.63560586447,35.12126541137695,235.10858917236328,0.1299681171996242,35.12126541137695,131.79776000976562,0,0,0,1,-13826.329958201955,3,37.497738598480844,34.492901685225995,4297.325683137318,131.79776000976562,MISSED_PROTON,9181
3,2,1,339.86732482910156,294.0624694824219,113.28910827636719,2324.5979943042103,301.3264503479004,38.54087448120117,0.8866002358403209,294.0624694824219,38.54087448120117,1,0,1,1,2324.5979943042103,3,25.651006295097098,18.506941109636553,263.6090834943773,7.263980865478516,MISSED_ELECTRON,1942
2,1,1,369.89610290527344,261.6569519042969,184.94805145263672,2426.782966963702,108.23915100097656,261.6569519042969,0.2926204146267945,108.23915100097656,261.6569519042969,1,0,1,1,2426.782966963702,2,25.073465753461367,25.073465753461367,-710.1262380021611,108.23915100097656,MISSED_PROTON,4620
3,1,2,1222.3306884765625,575.61865234375,407.4435628255208,40217.41215102719,176.53140258789062,1045.7992858886719,0.14442196719114406,176.53140258789062,575.61865234375,0,1,1,1,-40217.41215102719,3,30.469215748376445,23.639518832713627,12224.89960145163,470.1806335449219,MISSED_PROTON,18627
2,1,1,2166.5753479003906,1662.690185546875,1083.2876739501953,3047.622822764804,1662.690185546875,503.8851623535156,0.7674278151268423,1662.690185546875,503.8851623535156,1,0,1,1,3047.622822764804,2,7.800000000000001,7.800000000000001,-2338.8305242050933,1662.690185546875,MISSED_PROTON,3274
2,1,1,311.0414123535156,256.4341735839844,155.5207061767578,12226.157218497536,256.4341735839844,54.60723876953125,0.8244374009353226,256.4341735839844,54.60723876953125,0,1,1,1,-12226.157218497536,2,15.600003205127877,15.600003205127875,-2146.455937852794,54.60723876953125,MISSED_PROTON,12950
3,1,2,238.74349212646484,159.58981323242188,79.58116404215495,85.89226310451329,15.443885803222656,223.2996063232422,0.06468819596155473,15.443885803222656,159.58981323242188,0,0,0,1,-41.41128565919709,3,6.004466666666667,4.245799097408585,25.59956471583597,159.58981323242188,BS_CROSS_DET,13776
2,1,1,400.1360321044922,239.77206420898438,200.0680160522461,32.691938747283864,239.77206420898438,160.3639678955078,0.5992263754601582,239.77206420898438,160.3639678955078,1,0,1,1,32.691938747283864,2,0.0,0.0,13.102066784983448,239.77206420898438,MISSED_PROTON,14377
4,1,3,556.0087738037109,301.474853515625,139.00219345092773,37735.95144376737,156.10317993164062,399.9055938720703,0.28075668458201364,156.10317993164062,301.474853515625,0,0,0,1,-22207.894887012557,4,34.663991601525424,26.92602740587395,12459.165327390077,301.474853515625,MISSED_PROTON,11285
2,1,1,111.88699531555176,82.39739990234375,55.94349765777588,22.951318833059695,29.489595413208008,82.39739990234375,0.2635658892263514,29.489595413208008,82.39739990234375,1,0,1,1,22.951318833059695,2,0.0,0.0,16.90213407590681,29.489595413208008,MISSED_PROTON,4118
3,2,1,194.59456634521484,119.43525695800781,64.86485544840495,41379.3519368022,75.15930938720703,119.43525695800781,0.3862353959764367,61.279327392578125,119.43525695800781,0,1,1,1,-37649.71871968279,3,23.448100163647467,16.98313288439117,15716.144237730707,119.43525695800781,BS_SAME_DET,16854
3,1,2,436.82933044433594,212.1656951904297,145.60977681477866,41995.44863680598,15.829513549804688,420.99981689453125,0.03623729554447078,15.829513549804688,212.1656951904297,0,0,0,1,-23790.07639563949,3,7.943135481939386,6.7131812554770836,20938.76791420783,212.1656951904297,BS_SAME_DET,17319
2,1,1,263.9157199859619,245.8103485107422,131.95785999298096,17238.057336810703,18.105371475219727,245.8103485107422,0.06860285350256051,18.105371475219727,245.8103485107422,0,1,1,1,-17238.057336810703,2,0.0,0.0,1182.579922145963,245.8103485107422,CLEAN,17827
2,1,1,403.79820251464844,255.81057739257812,201.89910125732422,33.08535408626368,147.9876251220703,255.81057739257812,0.3664890635978049,147.9876251220703,255.81057739257812,0,1,1,1,-33.08535408626368,2,0.0,0.0,12.125420437876583,255.81057739257812,MISSED_PROTON,10142
4,2,2,525.0704126358032,310.36492919921875,131.2676031589508,26002.94346310933,185.14014148712158,339.93027114868164,0.3526005979992965,170.50552368164062,310.36492919921875,1,1,0,1,5377.949125318475,4,38.278349999999996,25.375005482216153,-3720.4541272149236,170.50552368164062,CLEAN,14691
4,3,1,474.54621505737305,291.6883544921875,118.63655376434326,25963.12336785915,182.85786056518555,291.6883544921875,0.3853320388259295,85.36804962158203,291.6883544921875,0,1,1,1,-33.37474959895417,4,5.9573468868805195,5.034858611408567,1426.0562017934371,291.6883544921875,BS_CROSS_DET,654
3,2,1,510.2616424560547,363.0398254394531,170.08721415201822,26170.384532999222,147.22181701660156,363.0398254394531,0.2885222105035668,86.43909454345703,363.0398254394531,0,1,1,1,-7173.522890370279,3,24.574236827507878,19.914476827395916,5287.817796570995,363.0398254394531,MISSED_PROTON,12915
4,1,3,1182.8932037353516,544.3972778320312,295.7233009338379,18344.87162202537,184.3437042236328,998.5494995117188,0.1558413757400165,184.3437042236328,544.3972778320312,0,1,1,1,-18344.87162202537,4,17.58607043744068,11.699999820165598,5065.70355076318,126.7581787109375,MISSED_PROTON,8295
2,1,1,676.6426086425781,340.3957824707031,338.32130432128906,12103.347013028802,336.246826171875,340.3957824707031,0.496934159742651,336.246826171875,340.3957824707031,1,0,1,1,12103.347013028802,2,4.503300000000001,4.5033,6088.78043503561,336.246826171875,MISSED_PROTON,1795
2,1,1,213.09615325927734,121.56209564208984,106.54807662963867,33.241032421938584,121.56209564208984,91.5340576171875,0.5704565464125643,121.56209564208984,91.5340576171875,0,1,1,1,-33.241032421938584,2,0.0,0.0,18.96256455460716,91.5340576171875,MISSED_PROTON,1767
3,1,2,214.78561210632324,143.61941528320312,71.59520403544109,33348.35200911417,20.218488693237305,194.56712341308594,0.09413334764355046,20.218488693237305,143.61941528320312,0,1,1,1,-33348.35200911417,3,27.515816865537133,19.45662069550848,-1756.3053441052075,143.61941528320312,CLEAN,12482
2,1,1,1036.7709045410156,550.5869140625,518.3854522705078,6523.911710264218,486.1839904785156,550.5869140625,0.4689406197155504,486.1839904785156,550.5869140625,0,1,1,1,-6523.911710264218,2,9.00665,9.00665,-3464.584509883379,550.5869140625,MISSED_PROTON,6161
3,2,1,397.1726493835449,231.3984832763672,132.3908831278483,24065.52788331744,165.77416610717773,231.3984832763672,0.41738565423494606,142.89892578125,231.3984832763672,1,1,0,1,23564.493123337583,2,11.914723869649686,11.914723869649686,15115.07076616596,142.89892578125,CLEAN,2083
5,3,2,688.8694267272949,303.9489440917969,137.77388534545898,45208.430049087416,258.85058212280273,430.0188446044922,0.37576146085123735,203.45687866210938,303.9489440917969,1,1,0,1,25242.30449094889,4,27.668942632320174,22.628966627132467,21538.05242823976,203.45687866210938,CLEAN,5315
3,1,2,263.53196716308594,155.898681640625,87.84398905436198,26982.19827832629,60.32051086425781,203.21145629882812,0.22889257615919004,60.32051086425781,155.898681640625,1,0,1,1,1689.4694290274624,3,38.32982876090108,32.750380644301934,14575.815848837407,60.32051086425781,MISSED_PROTON,5805
4,1,3,441.8282299041748,283.7951965332031,110.4570574760437,72966.16562492459,20.41581916809082,421.412410736084,0.046207593327657386,20.41581916809082,283.7951965332031,0,1,1,1,-72966.16562492459,4,25.07351564679353,16.849943796493804,13176.683940758354,283.7951965332031,CLEAN,11355
2,1,1,511.2536163330078,271.35931396484375,255.6268081665039,38638.01756885645,271.35931396484375,239.89430236816406,0.5307724098094054,271.35931396484375,239.89430236816406,0,1,1,1,-38638.01756885645,2,23.829372146365923,23.82937214636592,20507.99369528008,239.89430236816406,MISSED_PROTON,9891
2,1,1,131.881010055542,112.9625473022461,65.940505027771,69054.12704872483,18.9184627532959,112.9625473022461,0.1434509998469707,18.9184627532959,112.9625473022461,0,1,1,1,-69054.12704872483,2,4.50334907485529,4.50334907485529,9905.88356869932,112.9625473022461,CLEAN,3302
5,3,2,844.0195121765137,401.8307800292969,168.80390243530275,7782.563370161319,636.9810676574707,207.03844451904297,0.7546994571427111,401.8307800292969,140.98023986816406,1,0,1,1,7720.964153769662,5,32.473988426979524,20.139504179060616,-4553.272765288031,401.8307800292969,MISSED_PROTON,7867
3,1,2,1441.9890251159668,1055.0791015625,480.66300837198895,26174.105117583145,25.914806365966797,1416.07421875,0.01797156976550684,25.914806365966797,1055.0791015625,0,1,1,1,-26174.105117583145,3,26.172756920890087,18.506933901108525,-6820.720483125378,1055.0791015625,CLEAN,10419
2,1,1,478.2151336669922,260.8926696777344,239.1075668334961,33.910684785627794,217.3224639892578,260.8926696777344,0.45444497400743394,217.3224639892578,260.8926696777344,0,1,1,1,-33.910684785627794,2,0.0,0.0,15.41054026597891,260.8926696777344,MISSED_PROTON,12876
3,1,2,396.4880027770996,210.2231903076172,132.16266759236655,55000.43089671646,8.762615203857422,387.7253875732422,0.02210058095700729,8.762615203857422,210.2231903076172,0,1,1,1,-55000.43089671646,3,16.715677097862354,12.378490713599403,-2824.3136039330434,177.502197265625,CLEAN,15670
2,1,1,133.2599105834961,122.9028549194336,66.62995529174805,64630.73924818345,10.3570556640625,122.9028549194336,0.07772071599562663,10.3570556640625,122.9028549194336,0,1,1,1,-64630.73924818345,2,0.0,0.0,5023.1473296954655,122.9028549194336,CLEAN,11851
3,1,2,891.2875671386719,570.772216796875,297.0958557128906,13980.71818072431,69.00297546386719,822.2845916748047,0.07741943005599145,69.00297546386719,570.772216796875,0,0,0,1,-9894.384473835871,3,24.57423509730827,18.50693199791785,4711.235471051812,570.772216796875,MISSED_PROTON,10006
2,1,1,191.89850234985352,167.58599853515625,95.94925117492676,32451.946970501525,24.312503814697266,167.58599853515625,0.12669459905618605,24.312503814697266,167.58599853515625,0,1,1,1,-32451.946970501525,2,0.0,0.0,4111.486410020302,167.58599853515625,CLEAN,8904
3,1,2,859.850664138794,504.3919372558594,286.61688804626465,15867.475451806093,22.590593338012695,837.2600708007812,0.026272693945801506,22.590593338012695,504.3919372558594,0,1,1,1,-15867.475451806093,3,6.0044320997076825,4.245774654877482,4183.5142332033665,504.3919372558594,CLEAN,3634
2,1,1,576.9464750289917,566.4412841796875,288.47323751449585,32510.05774092372,10.5051908493042,566.4412841796875,0.018208259004921228,10.5051908493042,566.4412841796875,0,1,1,1,-32510.05774092372,2,4.503324074780762,4.503324074780761,591.9515516116834,566.4412841796875,CLEAN,8356
3,2,1,793.7183227539062,361.8897399902344,264.57277425130206,11453.28170735358,639.8064270019531,153.91189575195312,0.8060875107205081,361.8897399902344,153.91189575195312,1,1,0,1,11425.024197086872,3,27.515816865537133,19.45662069550848,-5199.257323569291,361.8897399902344,MISSED_PROTON,1957
2,1,1,340.0945739746094,239.8137969970703,170.0472869873047,13544.822427794432,239.8137969970703,100.28077697753906,0.7051385565915387,239.8137969970703,100.28077697753906,1,0,1,1,13544.822427794432,2,25.07348687802516,25.07348687802516,-9550.976536023665,239.8137969970703,MISSED_PROTON,2411
5,2,3,1055.1055145263672,339.6310119628906,211.02110290527344,31980.02540408368,361.2340850830078,693.8714294433594,0.34236773489442374,337.96551513671875,339.6310119628906,0,0,0,1,-25.960757588044046,4,38.476488467707455,24.251177308779774,7488.992235016724,339.6310119628906,BS_CROSS_DET,10890
2,1,1,355.32325744628906,230.9722900390625,177.66162872314453,31572.314736568806,124.35096740722656,230.9722900390625,0.34996574190200186,124.35096740722656,230.9722900390625,0,1,1,1,-31572.314736568806,2,25.073515144919348,25.073515144919348,11049.228550346808,230.9722900390625,MISSED_PROTON,16098
2,1,1,293.3491268157959,275.869873046875,146.67456340789795,13867.517836395527,17.4792537689209,275.869873046875,0.059585156972008745,17.4792537689209,275.869873046875,0,1,1,1,-13867.517836395527,2,0.0,0.0,826.2982270937586,275.869873046875,CLEAN,12588
2,1,1,131.82234859466553,119.72627258300781,65.91117429733276,36877.09064891184,12.096076011657715,119.72627258300781,0.09176043471089551,12.096076011657715,119.72627258300781,0,1,1,1,-36877.09064891184,2,4.50335,4.50335,3383.8578688172506,119.72627258300781,CLEAN,15212
4,2,2,656.4528789520264,355.5872497558594,164.1132197380066,41890.38268023442,156.65850639343262,499.79437255859375,0.2386439475191657,137.90354919433594,355.5872497558594,1,0,1,1,10317.364194518874,4,31.28114512458943,22.403792366848855,14791.032586917372,137.90354919433594,MISSED_PROTON,4315
2,1,1,121.10978698730469,93.97300720214844,60.554893493652344,15496.13302506981,27.13677978515625,93.97300720214844,0.22406760395013212,27.13677978515625,93.97300720214844,0,1,1,1,-15496.13302506981,2,4.503324074780762,4.503324074780761,3472.1813974199044,93.97300720214844,CLEAN,12767
2,1,1,233.9034652709961,193.07569885253906,116.95173263549805,28.60167140669617,193.07569885253906,40.82776641845703,0.8254503567480082,193.07569885253906,40.82776641845703,0,1,1,1,-28.60167140669617,2,0.0,0.0,23.60925986624666,40.82776641845703,MISSED_PROTON,17223
4,2,2,626.7347450256348,473.2782287597656,156.6836862564087,50878.14288896712,44.13132095336914,582.6034240722656,0.07041467112464632,23.809574127197266,473.2782287597656,0,1,1,1,-29023.78565596459,4,41.273755904940664,32.78476230067674,7286.6981942162265,473.2782287597656,CLEAN,14427
2,1,1,343.4021644592285,322.1428527832031,171.70108222961426,18815.722636823302,21.25931167602539,322.1428527832031,0.06190791403281754,21.25931167602539,322.1428527832031,0,1,1,1,-18815.722636823302,2,0.0,0.0,1164.842139465796,322.1428527832031,CLEAN,1201
3,2,1,495.5566883087158,406.5894775390625,165.18556276957193,37861.48899506948,88.96721076965332,406.5894775390625,0.17952983557398708,69.26264190673828,406.5894775390625,1,1,0,1,231.25740761752934,3,16.71566989238275,12.378473946151663,1463.949549558596,69.26264190673828,CLEAN,11957
3,1,2,216.45504760742188,86.90362548828125,72.1516825358073,12730.755020189034,75.20195007324219,141.2530975341797,0.34742525482535175,75.20195007324219,86.90362548828125,0,1,1,1,-12730.755020189034,3,18.013312965723742,14.707815251838806,1970.8152979730794,54.34947204589844,MISSED_PROTON,3629
5,2,3,1129.7178802490234,490.2111511230469,225.94357604980468,24592.2796626771,99.48069763183594,1030.2371826171875,0.08805800047168186,83.17207336425781,490.2111511230469,1,1,0,1,19.592379588875346,4,26.546765871241266,16.99970784065126,7339.436984259701,83.17207336425781,CLEAN,5790
3,2,1,798.0035610198975,435.79229736328125,266.0011870066325,20340.62384225363,362.2112636566162,435.79229736328125,0.4538968011542305,336.5404968261719,435.79229736328125,0,1,1,1,-1160.6846765696773,3,10.824657262010655,8.491549309754964,1143.8254841682271,435.79229736328125,CLEAN,5327
3,1,2,600.193208694458,496.3354187011719,200.06440289815268,22684.45370237013,496.3354187011719,103.85778999328613,0.826959404923628,496.3354187011719,72.13849639892578,0,1,1,1,-22684.45370237013,3,31.630367967789716,24.938327040031286,20527.882406686716,31.71929359436035,MISSED_PROTON,18338
2,1,1,1030.6871643066406,686.9783325195312,515.3435821533203,9999.924986324397,343.7088317871094,686.9783325195312,0.3334754168771741,343.7088317871094,686.9783325195312,0,1,1,1,-9999.924986324397,2,11.914668224084126,11.914668224084124,-6665.195832769399,686.9783325195312,MISSED_PROTON,8711
3,1,2,1015.240047454834,563.1243286132812,338.4133491516113,10422.96143378486,58.807125091552734,956.4329223632812,0.05792435516997171,58.807125091552734,563.1243286132812,0,0,0,1,-9976.467099775587,3,44.22547271471499,31.914044480238893,-4063.7653752214733,393.30859375,MISSED_PROTON,7430
4,3,1,1108.4807167053223,548.4281005859375,277.12017917633057,35336.94654466551,869.0007972717285,239.47991943359375,0.7839566211441304,548.4281005859375,239.47991943359375,1,1,0,1,11610.007759704162,4,14.765168287412948,12.125606752318625,-7544.316306721728,548.4281005859375,CLEAN,19336
3,1,2,963.8903579711914,759.6690673828125,321.29678599039715,6422.600128003704,136.43234252929688,827.4580154418945,0.14154342493523994,136.43234252929688,759.6690673828125,0,0,0,1,-32.14019756673963,3,42.03109136442265,29.720469724454592,5066.3808092607205,67.78894805908203,MISSED_PROTON,2253
3,1,2,292.6404457092285,197.5763397216797,97.5468152364095,5803.7876917378735,50.47676467895508,242.16368103027344,0.17248731478870652,50.47676467895508,197.5763397216797,0,1,1,1,-5803.7876917378735,3,23.448100163647467,19.22358568448896,1218.193449010187,197.5763397216797,MISSED_PROTON,7608
3,1,2,1035.929672241211,452.9005126953125,345.3098907470703,31503.209143474334,369.3801574707031,666.5495147705078,0.35656875883433026,369.3801574707031,452.9005126953125,0,0,0,1,-6162.878548036926,3,28.63938297537152,24.20469840933092,15970.451532082028,213.6490020751953,MISSED_PROTON,13375
4,2,2,1979.763256072998,1615.784423828125,494.9408140182495,26466.227768610835,115.36443710327148,1864.3988189697266,0.05827183464961618,100.32085418701172,1615.784423828125,0,0,0,1,-18951.51593328272,4,30.293060157773763,20.01324880479179,22715.179084542247,248.61439514160156,CLEAN,357
2,1,1,379.0245361328125,338.9984130859375,189.51226806640625,62.88052331176909,40.026123046875,338.9984130859375,0.10560298669648553,40.026123046875,338.9984130859375,0,1,1,1,-62.88052331176909,2,0.0,0.0,6.6403710667608,338.9984130859375,MISSED_PROTON,2771
2,1,1,601.1434726715088,578.1401977539062,300.5717363357544,15995.634252050095,23.00327491760254,578.1401977539062,0.038265864911374556,23.00327491760254,578.1401977539062,0,1,1,1,-15995.634252050095,2,4.50335,4.50335,612.0867794607047,578.1401977539062,CLEAN,17867
2,1,1,160.5443091392517,153.63327026367188,80.27215456962585,19121.072001856315,6.911038875579834,153.63327026367188,0.04304754813567007,6.911038875579834,153.63327026367188,0,1,1,1,-19121.072001856315,2,0.0,0.0,823.115267405523,153.63327026367188,CLEAN,3106
5,4,1,588.7487831115723,283.94940185546875,117.74975662231445,8553.99916420443,508.5100746154785,80.23870849609375,0.8637131645996321,283.94940185546875,80.23870849609375,0,1,1,1,-4444.123498327937,5,46.17179390667423,31.095839263952982,-288.1995267692719,80.23870849609375,MISSED_PROTON,18614
2,1,1,616.2208824157715,569.9337158203125,308.11044120788574,19965.89368692497,46.287166595458984,569.9337158203125,0.07511456998016579,46.287166595458984,569.9337158203125,0,1,1,1,-19965.89368692497,2,27.392691127789906,27.392691127789906,1499.7295185630762,569.9337158203125,MISSED_PROTON,424
3,2,1,411.4191207885742,175.7790069580078,137.13970692952475,16762.914681618982,343.38499450683594,68.03412628173828,0.8346354779249539,175.7790069580078,68.03412628173828,0,1,1,1,-32.398916482050964,3,10.400002136751915,7.353912035251864,6842.802817183538,68.03412628173828,MISSED_PROTON,12837
2,1,1,1640.9976196289062,1072.618408203125,820.4988098144531,5458.1156687767525,1072.618408203125,568.3792114257812,0.6536380037197653,1072.618408203125,568.3792114257812,0,1,1,1,-5458.1156687767525,2,16.23698280846845,16.23698280846845,3567.631829810808,568.3792114257812,MISSED_PROTON,8820
2,1,1,506.95191955566406,293.2135314941406,253.47595977783203,723.411237604573,213.73838806152344,293.2135314941406,0.4216147129867109,213.73838806152344,293.2135314941406,0,1,1,1,-723.411237604573,2,13.510000000000002,13.51,-418.4104162905596,293.2135314941406,MISSED_PROTON,16693
3,1,2,683.7171173095703,407.1186218261719,227.90570576985678,36391.335522367,407.1186218261719,276.59849548339844,0.5954489240055673,407.1186218261719,169.3141632080078,0,1,1,1,-36391.335522367,3,16.71566989238275,15.308404224550063,23035.72682867303,169.3141632080078,MISSED_PROTON,1626
3,2,1,693.4630355834961,475.9231872558594,231.1543451944987,47741.68744801911,217.53984832763672,475.9231872558594,0.31370071246060516,205.83140563964844,475.9231872558594,0,1,1,1,-22341.437911402223,3,30.469216601696722,21.85649862113224,7437.383272041526,475.9231872558594,CLEAN,3654
2,1,1,297.0647602081299,279.95684814453125,148.53238010406494,48494.909425120306,17.107912063598633,279.95684814453125,0.057589840180344735,17.107912063598633,279.95684814453125,0,1,1,1,-48494.909425120306,2,4.503349074855292,4.50334907485529,2792.8140833529724,279.95684814453125,CLEAN,8293
3,1,2,551.3226165771484,270.0942077636719,183.77420552571616,44171.81995130212,28.367935180664062,522.9546813964844,0.051454328786264186,28.367935180664062,270.0942077636719,0,1,1,1,-44171.81995130212,3,32.473990275980015,23.255103299753845,9717.379712494872,270.0942077636719,CLEAN,9159
3,1,2,116.86355781555176,74.47455596923828,38.954519271850586,16140.245980221856,13.097869873046875,103.76568794250488,0.11207830839550104,13.097869873046875,74.47455596923828,0,1,1,1,-16140.245980221856,3,6.004465433140388,4.245798225173788,1862.9176078369876,29.2911319732666,BS_CROSS_DET,19897
3,1,2,604.5968322753906,348.3396911621094,201.53227742513022,36464.02900079605,33.85441589355469,570.7424163818359,0.05599502691098154,33.85441589355469,348.3396911621094,0,0,0,1,-9545.157983574636,3,18.013329632370702,14.707836419707995,21543.30564351401,222.40272521972656,MISSED_PROTON,9719
2,1,1,233.28172302246094,152.20875549316406,116.64086151123047,50.83040805758269,152.20875549316406,81.07296752929688,0.6524675551993803,152.20875549316406,81.07296752929688,0,1,1,1,-50.83040805758269,2,4.503350000000001,4.503349999999999,33.16519207511785,81.07296752929688,MISSED_PROTON,5820
2,1,1,904.1498718261719,728.83935546875,452.07493591308594,31271.69188372188,728.83935546875,175.31051635742188,0.806104583078317,728.83935546875,175.31051635742188,0,1,1,1,-31271.69188372188,2,16.23700849055946,16.23700849055946,25208.254148081214,175.31051635742188,MISSED_PROTON,5962
3,1,2,1967.8953685760498,1769.4755859375,655.9651228586832,22263.444876286252,25.587568283081055,1942.3078002929688,0.013002504447985959,25.587568283081055,1769.4755859375,0,1,1,1,-22263.444876286252,3,21.64934465407928,15.30839841314419,-6167.368641074557,1769.4755859375,CLEAN,13363
5,1,4,673.660758972168,238.86117553710938,134.7321517944336,37647.788703655584,118.66696166992188,554.9937973022461,0.1761524032526059,118.66696166992188,238.86117553710938,0,0,0,1,-32.130077135429076,5,39.75193928463868,27.496143398273148,7994.62063025716,112.5456771850586,MISSED_PROTON,11608
2,1,1,403.2341432571411,388.9790954589844,201.61707162857056,22238.873226445372,14.255047798156738,388.9790954589844,0.035351787631401885,14.255047798156738,388.9790954589844,0,1,1,1,-22238.873226445372,2,4.50335,4.50335,786.183923462966,388.9790954589844,CLEAN,17710
5,2,3,584.6657867431641,322.53253173828125,116.93315734863282,68048.3879949075,103.79587173461914,480.8699150085449,0.17753026444869655,80.57377624511719,322.53253173828125,0,1,1,1,-11437.788267067524,4,14.765155932888078,11.258332501862787,-446.04914852622704,107.02395629882812,BS_CROSS_DET,6570
2,1,1,663.9130516052246,643.580078125,331.9565258026123,26345.62195421953,20.33297348022461,643.580078125,0.03062595837069789,20.33297348022461,643.580078125,0,1,1,1,-26345.62195421953,2,4.50334907485529,4.50334907485529,806.8599212200717,643.580078125,CLEAN,18817
3,1,2,586.3143672943115,297.1999206542969,195.43812243143717,54030.91275967251,28.7273006439209,557.5870666503906,0.048996412584071454,28.7273006439209,297.1999206542969,0,1,1,1,-54030.91275967251,3,12.008897532709282,8.491572879953134,7465.676819265697,297.1999206542969,CLEAN,14596
3,2,1,740.8709735870361,388.20098876953125,246.9569911956787,33567.51262353747,352.6699848175049,388.20098876953125,0.47602078822173466,332.4361572265625,388.20098876953125,0,1,1,1,-6460.99837635678,3,7.943143646427262,6.713174905280577,-2645.1264688951114,388.20098876953125,CLEAN,5950
4,1,3,480.1658444404602,267.7887878417969,120.04146111011505,22232.59658788811,7.672634601593018,472.4932098388672,0.015979134481199884,7.672634601593018,267.7887878417969,0,1,1,1,-22232.59658788811,3,5.2000299359181055,5.200010334818789,1192.5181021585092,157.49586486816406,BS_SAME_DET,1940
3,1,2,577.9184608459473,355.1750793457031,192.63948694864908,29144.684413720508,20.85831069946289,557.0601501464844,0.036092134293358356,20.85831069946289,355.1750793457031,0,0,0,1,-14912.16806748871,3,10.4,7.353910524340095,10719.365673172408,355.1750793457031,CLEAN,18341
2,1,1,331.40099906921387,314.40118408203125,165.70049953460693,29987.976996660607,16.999814987182617,314.40118408203125,0.05129681272817215,16.999814987182617,314.40118408203125,0,1,1,1,-29987.976996660607,2,4.503349074855292,4.503349074855291,1538.2876400944335,314.40118408203125,CLEAN,9836
3,1,2,881.5562438964844,426.6108093261719,293.8520812988281,9708.577363737353,426.6108093261719,454.9454345703125,0.4839292016588179,426.6108093261719,233.48983764648438,1,0,1,1,9694.465384488285,3,10.824655205645634,8.491556510767362,-4687.6971815795105,426.6108093261719,MISSED_PROTON,4843
3,2,1,1281.8784790039062,542.40673828125,427.29282633463544,13377.159827057845,983.0012512207031,298.8772277832031,0.7668443361219013,542.40673828125,298.8772277832031,1,1,0,1,2963.0986865945815,3,42.0310888900638,32.33490812278409,-8088.432345743644,542.40673828125,MISSED_PROTON,11682
2,1,1,263.6500015258789,199.34410095214844,131.82500076293945,31102.414007514188,64.30590057373047,199.34410095214844,0.24390631595508805,64.30590057373047,199.34410095214844,1,0,1,1,31102.414007514188,2,11.914723869649686,11.914723869649686,23516.338789631474,64.30590057373047,MISSED_PROTON,13936
2,1,1,1127.0235900878906,618.5635375976562,563.5117950439453,10574.388475569072,618.5635375976562,508.4600524902344,0.5488470188538093,618.5635375976562,508.4600524902344,0,1,1,1,-10574.388475569072,2,20.63686264915285,20.63686264915285,5803.721591018162,508.4600524902344,MISSED_PROTON,6480
3,1,2,836.23219871521,581.4860229492188,278.7440662384033,22110.371898506943,30.90712547302246,805.3250732421875,0.03695998015922883,30.90712547302246,581.4860229492188,0,1,1,1,-22110.371898506943,3,25.650975730975833,18.50692788936679,747.1744588606233,581.4860229492188,CLEAN,10746
4,1,3,1431.6092567443848,737.1456909179688,357.9023141860962,52853.19502001502,14.09152603149414,1417.5177307128906,0.009843136990843163,14.09152603149414,737.1456909179688,0,0,0,1,-45697.35008903296,4,41.701456528999074,25.17440366115948,20972.922564927165,126.85977172851562,CLEAN,17560
2,1,1,459.7618942260742,421.0439453125,229.8809471130371,8366.517797342955,421.0439453125,38.71794891357422,0.9157869553788296,421.0439453125,38.71794891357422,1,0,1,1,8366.517797342955,2,27.392702548124014,27.392702548124014,704.5699365914586,421.0439453125,MISSED_PROTON,19894
3,2,1,954.1873779296875,723.6043090820312,318.0624593098958,32218.793533832966,824.4250946044922,129.7622833251953,0.8640075457644995,723.6043090820312,129.7622833251953,1,0,1,1,32218.793533832966,3,25.65097573097583,19.223586934862656,8258.35416802621,100.82078552246094,MISSED_PROTON,2282
2,1,1,188.20743942260742,143.9906005859375,94.10371971130371,40481.352654918184,44.21683883666992,143.9906005859375,0.23493672180186204,44.21683883666992,143.9906005859375,0,1,1,1,-40481.352654918184,2,32.4739656169369,32.4739656169369,9510.556286851583,143.9906005859375,MISSED_PROTON,19970
2,1,1,446.8458251953125,413.36187744140625,223.42291259765625,14943.279628867647,33.48394775390625,413.36187744140625,0.07493400601711049,33.48394775390625,413.36187744140625,0,1,1,1,-14943.279628867647,2,0.0,0.0,1119.7598056249328,413.36187744140625,CLEAN,7052
5,3,2,663.9474220275879,236.150146484375,132.78948440551758,29501.83112581744,403.4144477844238,260.53297424316406,0.6075999912048178,236.150146484375,134.36041259765625,0,1,1,1,-35.34335896028011,5,15.390584314105817,10.189876718508422,5557.029266527155,126.17256164550781,MISSED_PROTON,18094
2,1,1,576.1126403808594,557.7648315429688,288.0563201904297,44153.94117298582,18.347808837890625,557.7648315429688,0.03184760679050744,18.347808837890625,557.7648315429688,0,1,1,1,-44153.94117298582,2,4.503324074780762,4.503324074780761,1406.197356728449,557.7648315429688,CLEAN,8238
2,1,1,423.51124572753906,314.5560607910156,211.75562286376953,40.948362758996524,108.95518493652344,314.5560607910156,0.2572663324426064,108.95518493652344,314.5560607910156,0,1,1,1,-40.948362758996524,2,0.0,0.0,10.534635106536443,314.5560607910156,MISSED_PROTON,14166
2,1,1,377.98403549194336,341.501708984375,188.99201774597168,38207.773203901415,341.501708984375,36.48232650756836,0.9034818323475305,341.501708984375,36.48232650756836,1,0,1,1,38207.773203901415,2,31.20000641025575,31.20000641025575,3687.7442597216877,341.501708984375,MISSED_PROTON,2099
3,1,2,389.6653137207031,203.57418823242188,129.88843790690103,36680.259126398065,203.57418823242188,186.09112548828125,0.5224334347047782,203.57418823242188,153.44775390625,1,0,1,1,14324.376368051822,3,28.639356641516933,21.22890461344312,8713.659103379221,203.57418823242188,MISSED_PROTON,10287
3,2,1,345.85970878601074,269.0218505859375,115.28656959533691,29538.506221700947,76.83785820007324,269.0218505859375,0.22216481494701693,55.1637077331543,269.0218505859375,0,1,1,1,-16526.91274937285,3,22.666256844358852,16.443830195006946,5747.0132174349865,269.0218505859375,CLEAN,16215
4,3,1,687.8762722015381,373.71173095703125,171.96906805038452,22240.822127559426,658.1269302368164,29.74934196472168,0.9567518997718741,373.71173095703125,29.74934196472168,1,0,1,1,22240.822127559426,4,36.2371537452326,31.922890434089375,-2102.274631426551,73.01148223876953,MISSED_PROTON,12583
3,1,2,354.8631286621094,209.6837921142578,118.28770955403645,28371.321977774867,23.82085418701172,331.04227447509766,0.06712687868367767,23.82085418701172,209.6837921142578,0,0,0,1,-27016.950413510804,3,31.772511591625864,22.466558401766836,11516.179293066749,209.6837921142578,CLEAN,19513
3,2,1,2167.3102855682373,1589.476806640625,722.4367618560791,37820.15542010943,1608.0137157440186,559.2965698242188,0.7419397796667683,1589.476806640625,559.2965698242188,0,1,1,1,-15253.22899481119,3,21.649375126317157,15.308419960270232,27867.263854830326,559.2965698242188,CLEAN,19437
4,1,3,564.4195938110352,358.6661071777344,141.1048984527588,33563.009707934296,17.391624450683594,547.0279693603516,0.030813289689773284,17.391624450683594,358.6661071777344,0,0,0,1,-13907.48540233509,4,37.87889505734856,22.62896966803559,11583.71972848785,358.6661071777344,CLEAN,16573
3,1,2,213.7269058227539,144.385498046875,71.24230194091797,38329.45951657735,17.81957244873047,195.90733337402344,0.08337542893878058,17.81957244873047,144.385498046875,0,1,1,1,-38329.45951657735,3,26.684344796340795,19.223607372707136,1224.1811546597894,51.52183532714844,CLEAN,9272
2,1,1,537.6905975341797,458.26007080078125,268.84529876708984,28050.832737183147,79.43052673339844,458.26007080078125,0.14772534073993962,79.43052673339844,458.26007080078125,0,1,1,1,-28050.832737183147,2,39.259132825655996,39.259132825655996,4143.818824139434,458.26007080078125,MISSED_PROTON,18152
2,1,1,221.42188930511475,212.63211059570312,110.71094465255737,36793.18100485319,8.789778709411621,212.63211059570312,0.039696972765413854,8.789778709411621,212.63211059570312,0,1,1,1,-36793.18100485319,2,4.50335,4.50335,1460.5779043025996,212.63211059570312,CLEAN,18685
2,1,1,526.2374496459961,423.1344909667969,263.11872482299805,13617.365542933749,103.10295867919922,423.1344909667969,0.1959247840467404,103.10295867919922,423.1344909667969,1,0,1,1,13617.365542933749,2,16.23698280846845,16.23698280846845,-2667.979403284819,103.10295867919922,MISSED_PROTON,7704
5,1,4,1702.151611328125,776.08203125,340.430322265625,38889.436103437234,776.08203125,926.069580078125,0.4559417775038572,776.08203125,325.0032043457031,1,0,1,1,4598.508046385642,5,26.16586935294908,21.988079523650992,6821.709976376281,776.08203125,MISSED_PROTON,15785
2,1,1,365.7272033691406,280.4642639160156,182.8636016845703,37.904008446920066,85.262939453125,280.4642639160156,0.23313261542392372,85.262939453125,280.4642639160156,0,1,1,1,-37.904008446920066,2,0.0,0.0,8.836660624280972,280.4642639160156,MISSED_PROTON,17815
2,1,1,490.61167907714844,425.68798828125,245.30583953857422,797.7251614941944,64.92369079589844,425.68798828125,0.13233213468953972,64.92369079589844,425.68798828125,1,0,1,1,797.7251614941944,2,29.53031482599703,29.53031482599703,-105.56467351608454,64.92369079589844,MISSED_PROTON,15035
5,1,4,473.9476432800293,216.04110717773438,94.78952865600586,42622.0571619684,216.04110717773438,257.9065361022949,0.4558332766096016,216.04110717773438,113.82595825195312,0,1,1,1,-42622.0571619684,5,39.01036654716795,28.821319910260875,23705.488545754873,35.697998046875,MISSED_PROTON,9498
4,1,3,1331.6509170532227,565.7557373046875,332.91272926330566,37629.645213798605,508.69537353515625,822.9555435180664,0.3820035468911294,508.69537353515625,565.7557373046875,0,0,0,1,-5289.209661175512,4,14.765137787729072,12.125578898010394,14727.814091127291,104.27014923095703,MISSED_PROTON,9657
3,1,2,1285.7639770507812,652.3194580078125,428.58799235026044,27138.70374222011,103.1539306640625,1182.6100463867188,0.080227734253896,103.1539306640625,652.3194580078125,0,0,0,1,-25504.637875180706,3,37.617725489292646,28.322898638890912,15814.728461897901,530.2905883789062,MISSED_PROTON,8285
4,2,2,604.8516073226929,354.4102478027344,151.21290183067322,49204.72655024114,46.60227870941162,558.2493286132812,0.07704745783133705,34.923377990722656,354.4102478027344,0,1,1,1,-10.627103320020089,3,31.20000641025575,22.061736105755593,6295.788211149499,354.4102478027344,BS_CROSS_DET,10196
3,1,2,509.1615982055664,394.8236999511719,169.7205327351888,39220.81838262542,18.129730224609375,491.03186798095703,0.035607025919676225,18.129730224609375,394.8236999511719,0,1,1,1,-39220.81838262542,3,6.0044,4.245751956956506,1396.5386649276525,96.20816802978516,CLEAN,993
3,2,1,82.16237449645996,29.589561462402344,27.387458165486652,27804.99294409808,52.57281303405762,29.589561462402344,0.639864820804598,27.167442321777344,29.589561462402344,0,1,1,1,-55.79060622207627,2,0.0,0.0,8616.01001446575,29.589561462402344,BS_CROSS_DET,452
3,1,2,1316.2791748046875,638.1165771484375,438.7597249348958,8661.422558877799,227.75994873046875,1088.5192260742188,0.17303316278954597,227.75994873046875,638.1165771484375,0,0,0,1,-3733.5706126873165,3,38.32981189367415,29.26204549529798,4844.986755017906,450.40264892578125,MISSED_PROTON,16966
2,1,1,2628.3860473632812,2085.79833984375,1314.1930236816406,17713.361179007014,2085.79833984375,542.5877075195312,0.793566204605355,2085.79833984375,542.5877075195312,0,1,1,1,-17713.361179007014,2,11.914723869649686,11.914723869649686,14056.724801628434,542.5877075195312,MISSED_PROTON,18536
3,1,2,1441.4111328125,782.7705078125,480.4703776041667,23716.18794196796,333.9366455078125,1107.4744873046875,0.23167341912798398,333.9366455078125,782.7705078125,0,0,0,1,-12274.056920308914,3,26.684347645847453,21.856514390654535,15722.84919794559,324.7039794921875,MISSED_PROTON,18802
3,2,1,563.9755859375,289.6222229003906,187.99186197916666,28599.4715605554,430.5065460205078,133.4690399169922,0.763342521830753,289.6222229003906,133.4690399169922,1,0,1,1,28599.4715605554,3,5.200000000000001,5.199981467274667,6768.279282347288,289.6222229003906,MISSED_PROTON,7280
4,2,2,338.15852451324463,148.15513610839844,84.53963112831116,30610.341919897906,49.72895908355713,288.4295654296875,0.14705812652553552,39.39436721801758,148.15513610839844,0,1,1,1,-24681.191113591874,4,35.17214704453654,22.516658893417112,2353.5226853827435,148.15513610839844,CLEAN,5662
2,1,1,513.4998168945312,500.80682373046875,256.7499084472656,20324.597872509865,12.6929931640625,500.80682373046875,0.024718593359634125,12.6929931640625,500.80682373046875,0,1,1,1,-20324.597872509865,2,0.0,0.0,502.3954700086562,500.80682373046875,BREMS_LOSS,5698
3,1,2,253.0119857788086,110.2554702758789,84.3373285929362,36625.52368605633,32.63160705566406,220.38037872314453,0.12897257398782558,32.63160705566406,110.2554702758789,0,0,0,1,-16443.74785557667,3,18.013333333333335,12.737350151773676,18062.260359874515,110.2554702758789,CLEAN,1543
2,1,1,238.0821132659912,227.97116088867188,119.0410566329956,16576.616810343494,10.110952377319336,227.97116088867188,0.0424683410215833,10.110952377319336,227.97116088867188,0,1,1,1,-16576.616810343494,2,0.0,0.0,703.981415685778,227.97116088867188,CLEAN,8105
4,1,3,528.417329788208,333.7658996582031,132.104332447052,2920.30958128317,122.96238708496094,405.45494270324707,0.23269938390219866,122.96238708496094,333.7658996582031,0,0,0,1,-81.78622795433786,4,16.237007076602048,10.069768361877793,197.1255605026922,333.7658996582031,MISSED_PROTON,2669
4,2,2,1576.2993574142456,922.221923828125,394.0748393535614,23373.3576043908,413.7045087814331,1162.5948486328125,0.26245300858339,398.6058349609375,922.221923828125,0,1,1,1,-9203.079744448341,3,15.88629849286625,11.233309392259354,-5227.271976790162,922.221923828125,BS_CROSS_DET,8830
2,1,1,403.3006286621094,377.7071838378906,201.6503143310547,52910.24307035393,25.59344482421875,377.7071838378906,0.06345996759073064,25.59344482421875,377.7071838378906,0,1,1,1,-52910.24307035393,2,4.503300000000001,4.5033,3357.6823104623404,377.7071838378906,CLEAN,9897
3,1,2,376.85533905029297,169.34193420410156,125.61844635009766,107.97121308095558,169.34193420410156,207.5134048461914,0.44935527417724114,169.34193420410156,154.08700561523438,0,1,1,1,-107.97121308095558,3,6.004432099707681,4.245774654877482,67.30962951602152,53.42639923095703,MISSED_PROTON,6474
5,2,3,1598.234203338623,820.5391235351562,319.64684066772463,58244.089800745896,854.0890007019043,744.1452026367188,0.534395396442999,820.5391235351562,352.417236328125,0,1,1,1,-23470.534219149835,5,37.61293148598763,33.4097594319145,18316.68532207423,180.49891662597656,CLEAN,4023
3,1,2,434.6872253417969,228.2555389404297,144.89574178059897,18631.055197381345,68.07658386230469,366.6106414794922,0.1566105003632801,68.07658386230469,228.2555389404297,0,0,0,1,-40.395065006893546,3,18.013333333333335,12.737350151773677,9789.54810505807,138.3551025390625,MISSED_PROTON,12498
3,1,2,214.97443389892578,116.83401489257812,71.65814463297527,25909.475587768058,64.9488525390625,150.02558135986328,0.30212361238080715,64.9488525390625,116.83401489257812,0,1,1,1,-25909.475587768058,3,28.63935327396747,20.582185984540665,8591.788464724,116.83401489257812,BS_CROSS_DET,13329
4,1,3,173.51917839050293,54.06880569458008,43.37979459762573,30431.7832303715,13.832494735717773,159.68668365478516,0.07971738262031129,13.832494735717773,54.06880569458008,0,0,0,1,-23001.400132106428,4,16.999726483167308,11.700010690913919,12720.941398431227,53.59403610229492,CLEAN,10783
4,1,3,659.9848003387451,389.3417053222656,164.99620008468628,55703.94490848258,80.193359375,579.7914409637451,0.12150788826324455,80.193359375,389.3417053222656,1,0,1,1,13905.925808773607,4,45.98032248962593,34.22236357632243,10097.57278742954,80.193359375,MISSED_PROTON,2519
4,1,3,519.27978515625,262.38177490234375,129.8199462890625,51771.21701743436,30.287269592285156,488.99251556396484,0.05832553174233769,30.287269592285156,262.38177490234375,0,1,1,1,-51771.21701743436,4,56.56120612418462,33.774986271906904,-25.567909007594196,95.32775115966797,CLEAN,5951
3,2,1,562.0954513549805,423.4702453613281,187.36515045166016,26488.669130219012,138.62520599365234,423.4702453613281,0.24662218073368875,124.50611114501953,423.4702453613281,0,1,1,1,-1321.7887474115528,3,15.886224298778837,11.233256929117022,958.1411969458402,423.4702453613281,CLEAN,7479
4,2,2,576.3773956298828,268.3836364746094,144.0943489074707,42397.25735559246,368.31774139404297,208.05965423583984,0.6390218356698983,268.3836364746094,110.04823303222656,0,0,0,1,-8405.600553273163,4,43.95077047106228,31.118646965203997,16994.982310820043,110.04823303222656,MISSED_PROTON,904
5,2,3,1844.8207921981812,670.42431640625,368.9641584396362,35816.72862247377,653.321249961853,1191.4995422363281,0.35413805651192465,642.7024536132812,670.42431640625,1,0,1,1,5958.263861158478,5,36.42968759143564,30.19584144643762,9714.862408512594,642.7024536132812,CLEAN,13545
5,1,4,1659.7335624694824,956.7781982421875,331.9467124938965,25950.187730261227,39.8576774597168,1619.8758850097656,0.024014503508872475,39.8576774597168,956.7781982421875,0,0,0,1,-64.91969392506364,5,38.968778774814076,23.624259092923953,19945.023813882413,208.90396118164062,MISSED_PROTON,4527
5,1,4,1139.7405967712402,672.9979858398438,227.94811935424804,52708.44079581889,62.1786003112793,1077.561996459961,0.05455504567216824,62.1786003112793,672.9979858398438,0,1,1,1,-52708.44079581889,4,38.41056822022586,27.485091970227696,24635.970517171754,28.879074096679688,MISSED_PROTON,7219
3,1,2,594.6446685791016,411.15032958984375,198.2148895263672,5575.663598621172,411.15032958984375,183.4943389892578,0.6914218714384239,411.15032958984375,143.45654296875,0,0,0,1,-698.3354489074391,3,38.329801450177115,32.75036678298427,-3747.7042608290703,40.03779602050781,MISSED_PROTON,3017
5,3,2,1493.8035736083984,584.7879638671875,298.7607147216797,20097.48674843004,327.03892517089844,1166.7646484375,0.21893034060757435,173.15476989746094,584.7879638671875,1,1,0,1,3798.45325010287,5,47.35141641284239,26.657294087239986,10198.181752682436,122.01839447021484,MISSED_PROTON,15950
2,1,1,160.22394180297852,116.52499389648438,80.11197090148926,26313.61503119024,116.52499389648438,43.69894790649414,0.727263307750666,116.52499389648438,43.69894790649414,1,0,1,1,26313.61503119024,2,15.6,15.599999999999998,7176.68832472918,116.52499389648438,MISSED_PROTON,11060
3,1,2,227.0184564590454,158.99716186523438,75.67281881968181,15209.115081429083,10.15560245513916,216.86285400390625,0.044734699607876384,10.15560245513916,158.99716186523438,0,1,1,1,-15209.115081429083,3,41.273698622744135,29.415625963347363,4537.526057895407,158.99716186523438,CLEAN,7699
2,1,1,232.01422882080078,160.91554260253906,116.00711441040039,38.216191711892655,160.91554260253906,71.09868621826172,0.6935589399856346,160.91554260253906,71.09868621826172,0,1,1,1,-38.216191711892655,2,0.0,0.0,26.505181413988065,71.09868621826172,MISSED_PROTON,12801
3,1,2,429.5916213989258,199.394775390625,143.19720713297525,29956.18944706528,64.74832916259766,364.8432922363281,0.15072065174770088,64.74832916259766,199.394775390625,0,1,1,1,-29956.18944706528,3,24.01777839871956,18.506943212931375,7722.9369673624105,165.44851684570312,MISSED_PROTON,8670
4,1,3,428.28406143188477,198.51048278808594,107.07101535797119,34490.17376292409,198.51048278808594,229.77357864379883,0.46350191535123814,198.51048278808594,144.14479064941406,0,1,1,1,-34490.17376292409,4,39.259178708806424,27.392716091873766,16648.086876110647,144.14479064941406,MISSED_PROTON,11668
2,1,1,221.64595794677734,176.18795776367188,110.82297897338867,16.587183427561435,45.45800018310547,176.18795776367188,0.20509284538372252,45.45800018310547,176.18795776367188,0,1,1,1,-16.587183427561435,2,0.0,0.0,3.401912646060302,176.18795776367188,BS_CROSS_DET,18807
2,1,1,126.22926330566406,68.88801574707031,63.11463165283203,99.09549747860656,57.34124755859375,68.88801574707031,0.4542627125989159,57.34124755859375,68.88801574707031,0,1,1,1,-99.09549747860656,2,0.0,0.0,45.01538949097084,68.88801574707031,MISSED_PROTON,3472
2,1,1,213.6518783569336,122.10919189453125,106.8259391784668,17705.261166687596,122.10919189453125,91.54268646240234,0.5715334348267782,122.10919189453125,91.54268646240234,0,1,1,1,-17705.261166687596,2,9.00665,9.006649999999999,10119.148729102133,91.54268646240234,MISSED_PROTON,6728
2,1,1,254.59939575195312,189.94149780273438,127.29969787597656,43.7797518880017,64.65789794921875,189.94149780273438,0.2539593535100632,64.65789794921875,189.94149780273438,0,1,1,1,-43.7797518880017,2,0.0,0.0,11.11827748630788,189.94149780273438,MISSED_PROTON,13808
4,1,3,887.7446613311768,494.97088623046875,221.9361653327942,33049.04044605375,25.757211685180664,861.9874496459961,0.02901421186420611,25.757211685180664,494.97088623046875,0,0,0,1,-21900.706357305462,4,50.999131426427255,33.01592191193516,19090.20227334802,309.9364929199219,CLEAN,16347
2,1,1,418.19274139404297,328.69091796875,209.09637069702148,613.2354594576425,89.50182342529297,328.69091796875,0.21402050912442713,89.50182342529297,328.69091796875,0,1,1,1,-613.2354594576425,2,9.00665,9.00665,131.24496524627665,328.69091796875,MISSED_PROTON,176
4,2,2,1205.0056114196777,714.5183715820312,301.25140285491943,38711.1218975892,737.6431312561035,467.3624801635742,0.6121491255024523,714.5183715820312,379.3471374511719,0,1,1,1,-30211.801168475256,4,27.29998247256763,16.999696987520103,13986.609593463945,88.01534271240234,CLEAN,18866
3,1,2,210.99096202850342,140.12538146972656,70.3303206761678,47367.874756108016,13.361628532409668,197.62933349609375,0.06332796629745972,13.361628532409668,140.12538146972656,0,1,1,1,-47367.874756108016,3,28.639390999810036,20.58220507331515,11965.918842439294,57.50395202636719,CLEAN,17439
2,1,1,238.54703903198242,175.6386260986328,119.27351951599121,7390.379497729175,175.6386260986328,62.90841293334961,0.736285081598035,175.6386260986328,62.90841293334961,1,0,1,1,7390.379497729175,2,4.503300000000001,4.5033,1948.9533262032046,175.6386260986328,MISSED_PROTON,3600
3,2,1,215.1724443435669,172.29742431640625,71.7241481145223,36527.75741219154,42.875020027160645,172.29742431640625,0.19925887888647065,35.48337173461914,172.29742431640625,0,1,1,1,-11.808002225507346,2,0.0,0.0,6024.076546802607,172.29742431640625,BS_CROSS_DET,2711
3,1,2,260.1956596374512,110.35061645507812,86.73188654581706,22163.95286998213,90.98464965820312,169.21100997924805,0.34967781470674186,90.98464965820312,110.35061645507812,0,0,0,1,-43.729212540845595,3,42.03112416552498,29.720492918336483,5029.129528465103,110.35061645507812,MISSED_PROTON,1680
2,1,1,519.2624359130859,374.40350341796875,259.63121795654297,36.76045736422659,144.8589324951172,374.40350341796875,0.2789705599258169,144.8589324951172,374.40350341796875,0,1,1,1,-36.76045736422659,2,0.0,0.0,10.25508537402741,374.40350341796875,MISSED_PROTON,16539
4,2,2,364.1276569366455,211.3014678955078,91.03191423416138,60122.88799165949,53.561044692993164,310.56661224365234,0.14709414040008567,33.47298812866211,211.3014678955078,0,1,1,1,-11164.215292035153,3,20.800004273503834,14.70782407050373,-3743.223967567814,211.3014678955078,BS_CROSS_DET,19574
2,1,1,282.87284088134766,242.6549530029297,141.43642044067383,32419.92066942754,40.21788787841797,242.6549530029297,0.1421765615713088,40.21788787841797,242.6549530029297,0,1,1,1,-32419.92066942754,2,16.236985893015984,16.23698589301598,4609.3528471938125,242.6549530029297,MISSED_PROTON,907
3,1,2,252.28356456756592,121.19793701171875,84.09452152252197,27339.75451614258,12.799250602722168,239.48431396484375,0.05073358870864656,12.799250602722168,121.19793701171875,0,1,1,1,-27339.75451614258,3,37.49774274687893,26.514908175506765,9079.468690360762,118.286376953125,CLEAN,16083
2,1,1,697.6519622802734,583.541015625,348.8259811401367,15378.192782505374,583.541015625,114.11094665527344,0.8364357117518854,583.541015625,114.11094665527344,1,0,1,1,15378.192782505374,2,28.123300393090425,28.123300393090425,2515.323157012785,583.541015625,MISSED_PROTON,16054
5,2,3,1191.2262411117554,655.5369262695312,238.24524822235108,41979.476646852665,32.525465965270996,1158.7007751464844,0.027304188610649996,19.117033004760742,655.5369262695312,0,0,0,1,-5138.96405358836,5,45.46359603854055,31.095832592525966,27858.986450026387,361.8697204589844,CLEAN,14973
3,1,2,452.7323532104492,208.8512420654297,150.91078440348306,48635.19734793127,184.82933044433594,267.9030227661133,0.4082529758115595,184.82933044433594,208.8512420654297,1,0,1,1,13189.014778562678,3,7.943135481939389,6.713181255477084,-761.0601904990857,184.82933044433594,MISSED_PROTON,14905
5,2,3,1979.9171657562256,1589.1234130859375,395.9834331512451,24958.95815883076,187.6159267425537,1792.3012390136719,0.09475948286497843,168.362060546875,1589.1234130859375,0,0,0,1,-30.12863866138897,4,39.25911923222425,22.96256929102229,20855.98381333133,99.256591796875,BS_CROSS_DET,7971
3,1,2,568.6850605010986,471.22515869140625,189.56168683369955,32536.253236452016,22.831483840942383,545.8535766601562,0.04014785234699914,22.831483840942383,471.22515869140625,0,1,1,1,-32536.253236452016,3,19.68689104988393,14.39815776711266,-677.1501132194512,74.62841796875,CLEAN,15381
5,3,2,799.741626739502,593.7693481445312,159.94832534790038,70106.99475462861,116.52620315551758,683.2154235839844,0.14570481172849264,59.312007904052734,593.7693481445312,1,1,0,1,15.63770383323329,5,27.25910631811689,15.703655977179327,18591.161230237503,31.18376922607422,MISSED_ELECTRON,9990
3,1,2,1992.336196899414,1270.47998046875,664.1120656331381,22281.231326259433,1270.47998046875,721.8562164306641,0.6376835307444308,1270.47998046875,531.7102661132812,0,1,1,1,-22281.231326259433,2,32.47398231234506,32.47398231234506,13417.39258022388,190.1459503173828,MISSED_PROTON,14817
2,1,1,289.0818843841553,266.53955078125,144.54094219207764,35414.77683470611,22.542333602905273,266.53955078125,0.07797905998477997,22.542333602905273,266.53955078125,0,1,1,1,-35414.77683470611,2,4.503324074780762,4.50332407478076,2761.6110071411435,266.53955078125,CLEAN,9733
2,1,1,555.073037147522,546.8702392578125,277.536518573761,14427.158538571193,8.202797889709473,546.8702392578125,0.014777871272333864,8.202797889709473,546.8702392578125,0,1,1,1,-14427.158538571193,2,4.503324074780762,4.503324074780761,213.20269170855744,546.8702392578125,CLEAN,11898
3,1,2,533.0459175109863,276.5768737792969,177.6819725036621,8533.678855197977,276.5768737792969,256.46904373168945,0.5188612550880225,276.5768737792969,217.3407745361328,1,0,1,1,1028.0319733390504,3,39.028876450492106,29.262030482786997,3554.9310511073213,276.5768737792969,MISSED_PROTON,18491
2,1,1,712.2896728515625,649.5995483398438,356.14483642578125,4003.50861527921,62.69012451171875,649.5995483398438,0.08801212049129771,62.69012451171875,649.5995483398438,0,1,1,1,-4003.50861527921,2,13.509997224278028,13.509997224278026,352.3572826359023,649.5995483398438,MISSED_PROTON,17296
5,3,2,2370.01695728302,1062.8402099609375,474.003391456604,34293.35901437,1607.1439485549927,762.8730087280273,0.6781149576235174,1062.8402099609375,688.486572265625,0,1,1,1,-13195.44389945459,5,34.50856855655418,21.160861819254905,17074.512187934983,688.486572265625,CLEAN,4573
4,2,2,705.2916564941406,506.20367431640625,176.32291412353516,13368.16087185953,575.0485229492188,130.24313354492188,0.8153343622518752,506.20367431640625,70.5575942993164,0,1,1,1,-56.331799728873634,4,22.516657873797012,13.509993057617573,9601.763410957099,59.68553924560547,MISSED_PROTON,13762
3,1,2,506.09596061706543,349.22222900390625,168.69865353902182,13836.843696635762,28.553571701049805,477.5423889160156,0.05641928393626263,28.553571701049805,349.22222900390625,0,1,1,1,-13836.843696635762,3,6.0044666666666675,4.245799097408586,791.3825226657082,349.22222900390625,BS_SAME_DET,5177
3,1,2,419.0991668701172,172.81497192382812,139.69972229003906,9639.871165845756,172.81497192382812,246.28419494628906,0.412348641049399,172.81497192382812,125.6301498413086,0,1,1,1,-9639.871165845756,3,27.51582090361834,19.456623550863085,-2754.610834510525,120.65404510498047,MISSED_PROTON,128
3,1,2,1229.075201034546,722.3128662109375,409.69173367818195,33363.6959179443,16.98883628845215,1212.0863647460938,0.0138224546993969,16.98883628845215,722.3128662109375,0,1,1,1,-33363.6959179443,3,18.013333333333335,12.737350151773676,4568.431735234526,722.3128662109375,CLEAN,3984
3,1,2,380.3189926147461,177.70611572265625,126.7729975382487,29849.455270020953,104.60972595214844,275.70926666259766,0.2750578540212835,104.60972595214844,177.70611572265625,1,0,1,1,65.39368951212593,3,27.515814442688125,19.456618982295517,7722.363557672591,104.60972595214844,MISSED_PROTON,16080
4,2,2,446.10061836242676,147.440185546875,111.52515459060669,30551.52516595022,158.35301399230957,287.7476043701172,0.3549715186981839,142.30865478515625,147.440185546875,0,0,0,1,-31.38672829961296,3,20.800004273503838,14.70782407050373,10456.228847577031,147.440185546875,BS_CROSS_DET,10068
2,1,1,426.7950382232666,413.23455810546875,213.3975191116333,22709.879688833524,13.560480117797852,413.23455810546875,0.031772815762455144,13.560480117797852,413.23455810546875,0,1,1,1,-22709.879688833524,2,0.0,0.0,721.5568233408299,413.23455810546875,CLEAN,13115
3,2,1,817.5681610107422,465.8947448730469,272.52272033691406,43535.150819068986,351.6734161376953,465.8947448730469,0.43014568437074274,330.8612060546875,465.8947448730469,0,1,1,1,-5630.438012588464,3,6.004466666666666,4.245799097408584,3386.8200210730665,465.8947448730469,CLEAN,15857
4,2,2,441.441743850708,198.00282287597656,110.360435962677,43755.30823639307,128.86390113830566,312.57784271240234,0.2919159842343464,109.30721282958984,198.00282287597656,0,1,1,1,-51.67241756582512,3,6.004465433140386,4.245798225173788,1955.7683121083305,198.00282287597656,BS_CROSS_DET,17390
3,1,2,449.9190502166748,294.0262145996094,149.9730167388916,16601.412234030064,18.418027877807617,431.5010223388672,0.04093631480804769,18.418027877807617,294.0262145996094,0,1,1,1,-16601.412234030064,3,13.086378460445044,9.957238694537757,-212.46150556538285,294.0262145996094,CLEAN,7821
2,1,1,638.5307312011719,342.4461975097656,319.26536560058594,1816.4006538434533,342.4461975097656,296.08453369140625,0.5363033927365924,342.4461975097656,296.08453369140625,1,0,1,1,1816.4006538434533,2,31.523318523316988,31.523318523316988,842.2588206182444,342.4461975097656,MISSED_PROTON,2407
2,1,1,390.0154724121094,255.5531768798828,195.0077362060547,34879.74384089906,255.5531768798828,134.46229553222656,0.6552385609200982,255.5531768798828,134.46229553222656,0,1,1,1,-34879.74384089906,2,7.800000000000001,7.8,22854.553159572355,134.46229553222656,MISSED_PROTON,19537
3,1,2,465.87713050842285,362.5402526855469,155.29237683614096,18731.40684613183,21.551156997680664,444.3259735107422,0.046259315142087726,21.551156997680664,362.5402526855469,0,1,1,1,-18731.40684613183,3,5.200029935918105,5.20001033481879,866.5031769476633,81.78572082519531,CLEAN,3213
2,1,1,463.0831832885742,361.0130920410156,231.5415916442871,25.861766606782567,361.0130920410156,102.0700912475586,0.7795858391515963,361.0130920410156,102.0700912475586,0,1,1,1,-25.861766606782567,2,0.0,0.0,20.16146702209132,102.0700912475586,MISSED_PROTON,19165
3,1,2,234.16043853759766,169.64141845703125,78.05347951253255,45571.465764821594,20.353195190429688,213.80724334716797,0.0869198713392472,20.353195190429688,169.64141845703125,0,1,1,1,-45571.465764821594,3,45.431852229331106,32.33491465854759,10503.826274814894,169.64141845703125,CLEAN,1721
2,1,1,195.79621124267578,117.32575988769531,97.89810562133789,39.51939937847609,117.32575988769531,78.47045135498047,0.5992238518971044,117.32575988769531,78.47045135498047,0,1,1,1,-39.51939937847609,2,0.0,0.0,23.680966720230476,78.47045135498047,MISSED_PROTON,5491
4,1,3,813.3829879760742,421.3905029296875,203.34574699401855,30740.2382101528,67.5510025024414,745.8319854736328,0.08304944103948782,67.5510025024414,421.3905029296875,0,0,0,1,-15809.906777048102,4,37.61023031703773,22.628966627132467,2297.90231310732,128.01988220214844,MISSED_PROTON,18221
3,2,1,504.16583251953125,361.1341552734375,168.0552775065104,21097.568769601494,143.03167724609375,361.1341552734375,0.28369966392070556,115.40892791748047,361.1341552734375,0,1,1,1,-16592.430015284088,3,15.88628729285452,11.233301472655114,5738.541054976581,361.1341552734375,CLEAN,15048
4,1,3,592.1242036819458,449.9184265136719,148.03105092048645,38621.495938985434,13.578774452209473,578.5454292297363,0.02293230772830085,13.578774452209473,449.9184265136719,0,0,0,1,-34070.94314156026,4,43.48688470838076,32.707327224033456,1948.7037237447748,66.38286590576172,CLEAN,18298
4,2,2,399.58593940734863,217.1990203857422,99.89648485183716,27438.756892472047,38.51550483703613,361.0704345703125,0.09638853883137363,24.455734252929688,217.1990203857422,0,1,1,1,-53.002738658934064,3,31.77249619515456,22.46654751481757,5034.639453657322,217.1990203857422,BS_CROSS_DET,14191
4,1,3,1591.0127258300781,623.1654052734375,397.75318145751953,51151.43037072369,399.6773376464844,1191.3353881835938,0.2512093908224153,399.6773376464844,623.1654052734375,1,0,1,1,12077.073401583904,4,34.073889171998324,28.39242878685927,7995.964869780706,399.6773376464844,MISSED_PROTON,19420
4,1,3,1553.4907245635986,928.5057373046875,388.37268114089966,43418.19533518483,22.034894943237305,1531.4558296203613,0.014184117481246804,22.034894943237305,928.5057373046875,0,1,1,1,-43418.19533518483,4,22.176312241669034,14.765162990634408,10346.791242551382,569.9995727539062,CLEAN,9406
3,2,1,649.7422466278076,512.8609619140625,216.58074887593588,23168.47160975787,136.88128471374512,512.8609619140625,0.2106701317701986,119.26342010498047,512.8609619140625,0,1,1,1,-21090.103193519248,3,15.88624809757728,11.233273757408785,4824.549675971468,512.8609619140625,CLEAN,7814
2,1,1,483.5410614013672,469.19061279296875,241.7705307006836,60101.68518891776,14.350448608398438,469.19061279296875,0.029677828325083505,14.350448608398438,469.19061279296875,0,1,1,1,-60101.68518891776,2,0.0,0.0,1783.6874950849153,469.19061279296875,CLEAN,18518
3,1,2,689.3071727752686,498.0527038574219,229.7690575917562,32578.99124323808,16.910017013549805,672.3971557617188,0.02453190345527261,16.910017013549805,498.0527038574219,0,1,1,1,-32578.99124323808,3,13.08637307740808,9.957235157188745,17138.180495269396,174.34445190429688,MISSED_PROTON,10169
3,1,2,400.2961883544922,338.9768371582031,133.43206278483072,28099.531674799415,30.282804489135742,370.01338386535645,0.0756509938643684,30.282804489135742,338.9768371582031,0,0,0,1,-14.119197650417421,3,37.49774274687893,26.51490817550677,2179.7359594224713,338.9768371582031,MISSED_PROTON,13038
2,1,1,543.2499847412109,391.1129455566406,271.62499237060547,22224.69937309801,391.1129455566406,152.1370391845703,0.7199502191296994,391.1129455566406,152.1370391845703,0,1,1,1,-22224.69937309801,2,20.636860832016094,20.636860832016094,16000.677183753602,152.1370391845703,MISSED_PROTON,10223
3,1,2,525.8061561584473,394.1202392578125,175.26871871948242,40840.52068881388,50.05276870727539,475.7533874511719,0.09519243569334021,50.05276870727539,394.1202392578125,0,1,1,1,-40840.52068881388,3,19.686874577184103,16.98311105880061,1833.3144603357514,81.63314819335938,MISSED_PROTON,17955
3,2,1,173.95055103302002,124.2991714477539,57.983517011006676,27996.228453405965,49.65137958526611,124.2991714477539,0.28543387353708977,36.59294509887695,124.2991714477539,0,1,1,1,-17136.87663593732,3,20.800004273503838,14.70782407050373,5706.654535641187,124.2991714477539,CLEAN,16564
4,2,2,585.5205516815186,210.7711181640625,146.38013792037964,42320.65699803299,230.9466381072998,354.57391357421875,0.39442960190561904,210.7711181640625,207.0794677734375,0,1,1,1,-6450.528402385006,4,21.479546308988933,17.586073698810658,6239.0253883823925,207.0794677734375,CLEAN,14273
6,2,4,2211.253574371338,1613.294677734375,368.54226239522296,30063.98170084604,290.21807861328125,1921.0354957580566,0.1312459511550097,155.0162353515625,1613.294677734375,0,0,0,1,-31.862515121300344,6,41.4643615298762,28.20330043980767,21064.802209565285,58.90971755981445,MISSED_PROTON,15533
4,1,3,614.0798072814941,249.15968322753906,153.51995182037354,37486.66562198726,16.61075210571289,597.4690551757812,0.027049826274614046,16.61075210571289,249.15968322753906,0,0,0,1,-15333.58178052295,4,23.829392272058158,15.600000534194702,17775.43390021804,249.15968322753906,CLEAN,12954
3,1,2,690.9062404632568,423.59906005859375,230.30208015441895,36342.19841894526,14.854009628295898,676.0522308349609,0.021499313160547217,14.854009628295898,423.59906005859375,0,1,1,1,-36342.19841894526,3,15.886287292854522,11.233301472655114,5645.216104972319,423.59906005859375,CLEAN,13867
3,2,1,236.3178424835205,195.17198181152344,78.77261416117351,27720.0242683717,41.14586067199707,195.17198181152344,0.17411237441737543,27.52413558959961,195.17198181152344,0,1,1,1,-9564.791090002827,3,33.833314132818856,24.204679804120524,2711.844141659625,195.17198181152344,CLEAN,1615
3,2,1,356.9810733795166,250.9930419921875,118.99369112650554,34418.12085106525,262.92722511291504,94.05384826660156,0.7365298743258294,250.9930419921875,94.05384826660156,0,1,1,1,-28.236736217202935,3,6.004432099707681,4.245774654877482,1170.4804887031462,94.05384826660156,BS_CROSS_DET,9117
4,2,2,1309.5703792572021,1013.9735717773438,327.39259481430054,65148.9604144682,221.91666984558105,1087.653709411621,0.16945761248162455,200.5391387939453,1013.9735717773438,0,1,1,1,-13326.404099344874,4,34.95524027439412,20.513643249356633,-9443.9817671237,1013.9735717773438,BS_CROSS_DET,10682
2,1,1,583.4409046173096,561.3380126953125,291.7204523086548,26798.244135464283,22.10289192199707,561.3380126953125,0.037883685814752384,22.10289192199707,561.3380126953125,0,1,1,1,-26798.244135464283,2,4.503324074780762,4.503324074780761,1015.2162612149596,561.3380126953125,CLEAN,10166
2,1,1,283.85763931274414,243.80471801757812,141.92881965637207,24736.745547737675,40.052921295166016,243.80471801757812,0.14110214328611798,40.052921295166016,243.80471801757812,0,1,1,1,-24736.745547737675,2,7.800001602563937,7.800001602563937,3490.4078147091222,243.80471801757812,MISSED_PROTON,5407
3,1,2,945.4190292358398,654.4240112304688,315.1396764119466,26229.645931216466,9.743095397949219,935.6759338378906,0.010305584187177124,9.743095397949219,654.4240112304688,0,1,1,1,-26229.645931216466,3,27.515814442688125,19.456618982295517,-6080.450646431484,654.4240112304688,CLEAN,16755
4,1,3,1387.6661796569824,933.6345825195312,346.9165449142456,36531.77032980384,933.6345825195312,454.0315971374512,0.6728092074351172,933.6345825195312,259.73828125,0,0,0,1,-31747.887006315366,4,42.95905932655533,28.48157391582319,25637.02029412162,45.3848991394043,MISSED_PROTON,10769
2,1,1,215.6825714111328,117.62974548339844,107.8412857055664,19319.871235131897,98.05282592773438,117.62974548339844,0.45461636184236076,98.05282592773438,117.62974548339844,0,1,1,1,-19319.871235131897,2,22.5167,22.5167,8783.129572178541,117.62974548339844,MISSED_PROTON,19975
2,1,1,130.51708984375,77.57698059082031,65.258544921875,42.01128546667703,52.94010925292969,77.57698059082031,0.40561821686575705,52.94010925292969,77.57698059082031,0,1,1,1,-42.01128546667703,2,0.0,0.0,17.040542699231832,77.57698059082031,MISSED_PROTON,18614
2,1,1,350.0949249267578,279.2720031738281,175.0474624633789,1167.365374104101,279.2720031738281,70.82292175292969,0.7977036606064875,279.2720031738281,70.82292175292969,1,0,1,1,1167.365374104101,2,7.800001602563938,7.800001602563938,236.15374191599793,279.2720031738281,MISSED_PROTON,11252
2,1,1,423.0169868469238,401.13671875,211.5084934234619,38245.52086023864,21.880268096923828,401.13671875,0.051724324973364696,21.880268096923828,401.13671875,0,1,1,1,-38245.52086023864,2,4.503324074780762,4.503324074780761,1978.223749750582,401.13671875,CLEAN,7987
2,1,1,264.2294273376465,221.66546630859375,132.11471366882324,10525.529365030545,42.563961029052734,221.66546630859375,0.1610871334730716,42.563961029052734,221.66546630859375,1,0,1,1,10525.529365030545,2,9.006673149531963,9.006673149531963,-1695.52735369941,42.563961029052734,MISSED_PROTON,16653
2,1,1,60.53500747680664,35.78327178955078,30.26750373840332,31011.84127672828,24.75173568725586,35.78327178955078,0.40888300371878583,24.75173568725586,35.78327178955078,0,1,1,1,-31011.84127672828,2,4.503349074855292,4.50334907485529,12680.214812078886,35.78327178955078,CLEAN,15362
4,2,2,334.22986221313477,149.61358642578125,83.55746555328369,41859.007369361774,190.7422103881836,143.48765182495117,0.5706917063758634,149.61358642578125,84.26063537597656,1,0,1,1,38852.63575669037,4,22.176360470611492,19.500010850445697,17437.678082296225,149.61358642578125,MISSED_PROTON,15315
3,2,1,2201.170455932617,1619.5826416015625,733.7234853108724,5081.826836898199,2047.8916625976562,153.27879333496094,0.9303648688715396,1619.5826416015625,153.27879333496094,0,1,1,1,-2642.1963250089707,3,24.57426940602711,17.761395375363954,-2148.9110494490055,153.27879333496094,MISSED_PROTON,1997
3,1,2,1619.8713607788086,1169.3907470703125,539.9571202596029,27503.157909251542,12.569786071777344,1607.3015747070312,0.007759743382174489,12.569786071777344,1169.3907470703125,0,0,0,1,-14742.192759665271,3,27.020011115241566,19.456630030631946,19969.02060664761,437.91082763671875,CLEAN,14064
4,2,2,2768.858407974243,1278.0029296875,692.2146019935608,52588.19702072813,1303.55393409729,1465.3044738769531,0.4707911138912294,1278.0029296875,1119.3245849609375,0,1,1,1,-46848.5880169562,4,34.66396724265703,32.081326701759075,12980.218852440723,1119.3245849609375,CLEAN,7543
2,1,1,761.5629425048828,571.3294067382812,380.7814712524414,27568.618841869622,571.3294067382812,190.23353576660156,0.7502064174224419,571.3294067382812,190.23353576660156,1,0,1,1,27568.618841869622,2,11.914715469640893,11.914715469640893,6886.464067225784,571.3294067382812,MISSED_PROTON,18806
3,1,2,801.2524681091309,705.6166381835938,267.08415603637695,74339.57965423464,29.06649398803711,772.1859741210938,0.03627632381168309,29.06649398803711,705.6166381835938,0,1,1,1,-74339.57965423464,3,15.886248097577282,11.233273757408785,4907.934930700248,705.6166381835938,CLEAN,3213
4,1,3,1335.2045364379883,733.1325073242188,333.80113410949707,25437.52552036342,46.82074737548828,1288.3837890625,0.03506634833670879,46.82074737548828,733.1325073242188,0,0,0,1,-771.9515580287743,4,29.786739158936143,20.75933647115196,14487.866675481991,473.54766845703125,MISSED_PROTON,17088
5,1,4,720.028844833374,368.27569580078125,144.0057689666748,39415.77920429735,20.450315475463867,699.5785293579102,0.02840207808646387,20.450315475463867,368.27569580078125,0,1,1,1,-39415.77920429735,5,10.957081019249605,7.642411052383926,2443.6151175898276,152.544677734375,BS_SAME_DET,2581
2,1,1,713.7431449890137,687.0074462890625,356.87157249450684,26945.11128459471,26.735698699951172,687.0074462890625,0.03745843149269434,26.735698699951172,687.0074462890625,0,1,1,1,-26945.11128459471,2,4.503324074780762,4.503324074780761,1009.3216051170161,687.0074462890625,CLEAN,10976
5,2,3,795.7029914855957,305.32318115234375,159.14059829711914,30425.673093030506,483.4762420654297,312.226749420166,0.607608928505809,305.32318115234375,186.19515991210938,0,0,0,1,-27.303026531779405,5,35.482157461400234,19.896387340881763,9004.177566284534,89.9925765991211,MISSED_PROTON,6511
3,1,2,724.6398105621338,632.1163940429688,241.54660352071127,37583.95483524769,18.70816993713379,705.931640625,0.025817198647450888,18.70816993713379,632.1163940429688,0,0,0,1,-15052.762536979784,3,42.031071784573854,29.720455879410732,4217.09998362676,632.1163940429688,CLEAN,10923
3,1,2,261.80768394470215,130.96884155273438,87.26922798156738,34736.2955036511,25.326406478881836,236.4812774658203,0.09673668128178838,25.326406478881836,130.96884155273438,0,0,0,1,-12.757562446155134,3,27.515816865537136,19.45662069550848,14000.483871105134,130.96884155273438,BS_CROSS_DET,2704
4,2,2,1106.8116931915283,748.8504638671875,276.7029232978821,34607.146046346206,774.4687423706055,332.34295082092285,0.6997294545537364,748.8504638671875,304.44598388671875,0,1,1,1,-17577.528763786984,4,41.335119193278004,28.747368779116112,22000.302484898442,27.8969669342041,CLEAN,14680
2,1,1,81.79093170166016,45.974449157714844,40.89546585083008,46570.19800092219,35.81648254394531,45.974449157714844,0.43790285547289254,35.81648254394531,45.974449157714844,0,1,1,1,-46570.19800092219,2,0.0,0.0,20393.22268454182,45.974449157714844,CLEAN,13953
3,1,2,1442.8302764892578,976.2011108398438,480.94342549641925,31544.77398266737,976.2011108398438,466.62916564941406,0.6765876255488403,976.2011108398438,337.9790954589844,0,1,1,1,-31544.77398266737,3,13.757908432768568,10.399991802026683,21342.80426744678,128.6500701904297,MISSED_PROTON,16607
3,1,2,394.9301471710205,256.19500732421875,131.64338239034018,25121.831556824738,19.745210647583008,375.1849365234375,0.04999671660677893,19.745210647583008,256.19500732421875,0,0,0,1,-18383.224419815928,3,15.886258365014715,11.23328101758342,8488.14814686883,256.19500732421875,CLEAN,10662
4,2,2,377.7512893676758,280.6611633300781,94.43782234191895,75898.39619730314,45.990055084228516,331.76123428344727,0.12174691755840739,24.97526741027832,280.6611633300781,1,1,0,1,28.430657166359953,3,12.008933333333333,8.49159819481717,5398.552615444199,24.97526741027832,BS_CROSS_DET,6131
3,1,2,341.90785217285156,186.2630615234375,113.96928405761719,10206.076395571969,88.37174987792969,253.53610229492188,0.2584665702069145,88.37174987792969,186.2630615234375,1,0,1,1,3026.5282006315388,3,16.715676763279568,15.308392359820878,630.375827652511,88.37174987792969,MISSED_PROTON,5015
3,1,2,381.9617099761963,215.96923828125,127.32056999206543,19587.503450711745,31.15097999572754,350.81072998046875,0.08155524279559032,31.15097999572754,215.96923828125,0,1,1,1,-19587.503450711745,3,27.020011115241566,21.440159797652836,2159.952137856809,134.84149169921875,MISSED_PROTON,17057
4,1,3,736.7957592010498,471.6912841796875,184.19893980026245,48815.234473626384,16.02470588684082,720.771053314209,0.021749183117201074,16.02470588684082,471.6912841796875,0,1,1,1,-48815.234473626384,4,32.707330917127734,19.238237542002125,4631.3378327238,63.591243743896484,CLEAN,16643
2,1,1,173.43816375732422,145.3166961669922,86.71908187866211,16989.24878030401,28.12146759033203,145.3166961669922,0.1621411745899234,28.12146759033203,145.3166961669922,0,1,1,1,-16989.24878030401,2,4.50334907485529,4.50334907485529,2754.656752638916,145.3166961669922,CLEAN,6916
4,2,2,597.072322845459,485.77227783203125,149.26808071136475,41618.714202966796,78.73212432861328,518.3401985168457,0.13186363077993757,40.61830139160156,485.77227783203125,0,1,1,1,-46.33460153423481,3,39.37374143348726,27.841439568304576,18592.501386108146,32.56792068481445,BS_CROSS_DET,12004
2,1,1,413.1889591217041,394.89862060546875,206.59447956085205,32771.6299356328,18.29033851623535,394.89862060546875,0.044266280868477816,18.29033851623535,394.89862060546875,0,1,1,1,-32771.6299356328,2,0.0,0.0,1450.678175248537,394.89862060546875,CLEAN,17075
4,2,2,1052.3397769927979,710.6128540039062,263.08494424819946,31105.699682686307,136.01181983947754,916.3279571533203,0.12924705766435016,119.15827941894531,710.6128540039062,0,1,1,1,-5316.237337063199,4,25.967489668441672,15.436644081110215,242.42049317134334,205.71510314941406,CLEAN,16969
4,1,3,730.776611328125,218.74755859375,182.69415283203125,33568.61321019937,154.66896057128906,576.1076507568359,0.21165012422905988,154.66896057128906,218.74755859375,0,0,0,1,-31.63138989582435,4,25.967477224994827,15.43664664805394,14135.107260024371,203.12936401367188,MISSED_PROTON,2001
3,1,2,3181.7955627441406,2352.78369140625,1060.5985209147136,30104.11117412,593.3511962890625,2588.444366455078,0.1864831302289348,593.3511962890625,2352.78369140625,1,0,1,1,27079.635585205437,3,36.40000000001526,31.630360175242323,24266.19356720899,593.3511962890625,MISSED_PROTON,15159
2,1,1,858.22509765625,468.8644714355469,429.112548828125,7162.249424672989,389.3606262207031,468.8644714355469,0.4536812396701268,389.3606262207031,468.8644714355469,1,0,1,1,7162.249424672989,2,13.509997224278026,13.509997224278026,3912.871226860695,389.3606262207031,MISSED_PROTON,5876
3,1,2,493.1345672607422,208.552978515625,164.37818908691406,11369.053192006519,208.552978515625,284.5815887451172,0.422912917409324,208.552978515625,149.56895446777344,0,1,1,1,-11369.053192006519,3,33.43131583736688,23.639510132591347,-3426.1441297644615,149.56895446777344,MISSED_PROTON,231
3,1,2,770.4479904174805,521.2608642578125,256.81599680582684,9780.006483909794,521.2608642578125,249.18712615966797,0.6765685299216088,521.2608642578125,197.6387176513672,0,0,0,1,-6522.238830105107,3,34.098657493954214,27.51580487513797,399.3131187666495,51.54840850830078,MISSED_PROTON,45
2,1,1,228.5135040283203,211.64389038085938,114.25675201416016,24077.49579508484,16.869613647460938,211.64389038085938,0.0738232679910691,16.869613647460938,211.64389038085938,0,1,1,1,-24077.49579508484,2,0.0,0.0,1777.4794246343874,211.64389038085938,CLEAN,14074
3,2,1,1516.3866424560547,907.5753173828125,505.46221415201825,34133.77379457699,927.1699066162109,589.2167358398438,0.6114337073785459,907.5753173828125,589.2167358398438,0,1,1,1,-15995.559106205548,3,46.89619605938204,33.16061824544289,20636.15974923615,589.2167358398438,CLEAN,1614
3,1,2,1354.164116859436,1039.9649658203125,451.3880389531453,24745.751567313077,10.431756019592285,1343.7323608398438,0.00770346510420429,10.431756019592285,1039.9649658203125,0,1,1,1,-24745.751567313077,3,27.515814442688125,19.456618982295517,15286.767549007045,303.76739501953125,CLEAN,12992
2,1,1,304.7369213104248,285.2178039550781,152.3684606552124,45622.03664862734,19.51911735534668,285.2178039550781,0.0640523546389157,19.51911735534668,285.2178039550781,0,1,1,1,-45622.03664862734,2,0.0,0.0,2922.198870767488,285.2178039550781,CLEAN,17894
3,2,1,630.6927719116211,368.4708557128906,210.23092397054037,26472.952730452955,262.22191619873047,368.4708557128906,0.4157680694578748,246.1835174560547,368.4708557128906,1,1,0,1,4531.199914470884,3,18.748871373439464,13.757903043301654,-1210.7260245755115,246.1835174560547,CLEAN,7876
2,1,1,110.14913368225098,91.1116943359375,55.07456684112549,20343.212749151935,19.037439346313477,91.1116943359375,0.17283330980369843,19.037439346313477,91.1116943359375,0,1,1,1,-20343.212749151935,2,0.0,0.0,3515.9847914767242,91.1116943359375,DL_DEGRADED,18232
3,1,2,481.59166717529297,406.9554138183594,160.53055572509766,16484.132960734714,406.9554138183594,74.6362533569336,0.8450217093773614,406.9554138183594,44.57186508178711,1,0,1,1,2895.5362633842237,3,31.630366738310197,25.99999222935781,1297.0424281745093,406.9554138183594,MISSED_PROTON,14051
2,1,1,564.8166732788086,546.6022338867188,282.4083366394043,34673.082352042176,18.214439392089844,546.6022338867188,0.0322484095349974,18.214439392089844,546.6022338867188,0,1,1,1,-34673.082352042176,2,4.503324074780762,4.50332407478076,1118.151759529347,546.6022338867188,CLEAN,15690
3,1,2,623.3503379821777,493.57647705078125,207.78344599405924,14581.162186392536,17.479618072509766,605.870719909668,0.028041403056092554,17.479618072509766,493.57647705078125,0,1,1,1,-14581.162186392536,3,6.004432099707681,4.245774654877482,408.8785185452481,112.29424285888672,CLEAN,15755
3,1,2,925.4705562591553,600.8309936523438,308.49018541971844,15215.52577230556,600.8309936523438,324.6395626068115,0.6492167574525146,600.8309936523438,297.4406433105469,1,0,1,1,9821.919890530944,3,19.686874577184103,15.308381102375115,-6218.040754930016,600.8309936523438,MISSED_PROTON,5519
2,1,1,222.67238235473633,199.61766052246094,111.33619117736816,15861.351985283362,23.05472183227539,199.61766052246094,0.10353651220000525,23.05472183227539,199.61766052246094,0,1,1,1,-15861.351985283362,2,4.503324074780762,4.503324074780761,1642.2290633328682,199.61766052246094,CLEAN,4207
2,1,1,314.4759097099304,306.7193298339844,157.2379548549652,15792.809752440777,7.756579875946045,306.7193298339844,0.024665100366831404,7.756579875946045,306.7193298339844,0,1,1,1,-15792.809752440777,2,0.0,0.0,389.5312376182256,306.7193298339844,CLEAN,2310
5,1,4,1194.1490592956543,572.7244873046875,238.82981185913087,37017.47483109414,20.925682067871094,1173.2233772277832,0.017523509234444904,20.925682067871094,572.7244873046875,0,1,1,1,-37017.47483109414,5,35.43635796638249,26.596361417652606,6325.4181260440755,501.3127136230469,CLEAN,16863
4,3,1,1079.3429889678955,574.820556640625,269.8357472419739,52172.292335484715,504.5224323272705,574.820556640625,0.46743476122424443,270.4059753417969,574.820556640625,1,1,0,1,3382.077071631902,4,39.83602245317672,28.033013964698835,4935.67344134542,270.4059753417969,CLEAN,11651
5,2,3,1825.5107021331787,1571.1077880859375,365.10214042663574,39849.4208318536,132.6527271270752,1692.8579750061035,0.07266609117769918,112.12425994873047,1571.1077880859375,0,1,1,1,-1827.997157227779,5,25.218643070744307,21.61598617445894,-6273.5483607026335,1571.1077880859375,CLEAN,7735
3,1,2,173.20390129089355,90.0647964477539,57.73463376363119,19397.80867980867,18.996801376342773,154.20709991455078,0.10967883075819354,18.996801376342773,90.0647964477539,0,0,0,1,-15143.154531958242,3,15.886258365014713,11.233281017583419,8844.440675809252,90.0647964477539,CLEAN,17303
2,1,1,991.0328063964844,527.1224365234375,495.5164031982422,39336.1710156954,527.1224365234375,463.9103698730469,0.531892015199899,527.1224365234375,463.9103698730469,0,1,1,1,-39336.1710156954,2,20.636860832016094,20.636860832016094,20922.595271786086,463.9103698730469,MISSED_PROTON,1548
2,1,1,347.0731496810913,333.6009216308594,173.53657484054565,20446.61616163423,13.472228050231934,333.6009216308594,0.03881668190872994,13.472228050231934,333.6009216308594,0,1,1,1,-20446.61616163423,2,4.50335,4.50335,793.6697956560524,333.6009216308594,CLEAN,10988
3,1,2,710.8399391174316,514.8987426757812,236.9466463724772,41943.96657083545,514.8987426757812,195.9411964416504,0.7243525783245549,514.8987426757812,159.06689453125,0,1,1,1,-41943.96657083545,3,19.686909592021916,15.308403617258362,31466.057814749744,159.06689453125,MISSED_PROTON,17919
2,1,1,475.7577724456787,457.70458984375,237.87888622283936,17907.751679348177,18.05318260192871,457.70458984375,0.0379461643035795,18.05318260192871,457.70458984375,0,1,1,1,-17907.751679348177,2,0.0,0.0,679.5304875322475,457.70458984375,CLEAN,13676
3,1,2,791.8386688232422,378.234130859375,263.94622294108075,19889.524507199,328.7109680175781,463.12770080566406,0.4151236621294059,328.7109680175781,378.234130859375,0,0,0,1,-41.111705142236524,3,10.4,7.353910524340095,2149.4360850978046,378.234130859375,MISSED_PROTON,1855
2,1,1,957.196533203125,591.5536499023438,478.5982666015625,4785.455519165587,591.5536499023438,365.64288330078125,0.6180064692908903,591.5536499023438,365.64288330078125,1,0,1,1,4785.455519165587,2,11.914686073182962,11.91468607318296,-2957.442469348129,591.5536499023438,MISSED_PROTON,7361
3,1,2,610.4390163421631,373.0089111328125,203.47967211405435,28675.173797093856,31.23431968688965,579.2046966552734,0.05116697794654429,31.23431968688965,373.0089111328125,0,1,1,1,-28675.173797093856,3,12.008897532709286,8.491572879953134,2995.8179908056295,373.0089111328125,CLEAN,4421
3,1,2,607.6489105224609,480.15582275390625,202.5496368408203,23518.174667197643,63.211143493652344,544.4377670288086,0.1040257661933483,63.211143493652344,480.15582275390625,0,0,0,1,-20121.057996069416,3,31.772516730029427,22.466562035166838,4581.048413703967,480.15582275390625,MISSED_PROTON,11358
2,1,1,255.80204391479492,237.4464874267578,127.90102195739746,53239.35351934504,18.35555648803711,237.4464874267578,0.07175687968369462,18.35555648803711,237.4464874267578,0,1,1,1,-53239.35351934504,2,4.50334907485529,4.50334907485529,3820.2898849253265,237.4464874267578,CLEAN,13983
6,3,3,831.9253768920898,264.1282958984375,138.65422948201498,35173.58287879644,257.3006896972656,574.6246871948242,0.3092833766635303,198.4630889892578,264.1282958984375,0,1,1,1,-15914.570799660896,6,52.194649816283324,24.80242728341097,15237.11150457201,46.488365173339844,CLEAN,17670
2,1,1,440.9223327636719,297.71539306640625,220.46116638183594,27.53993892795905,297.71539306640625,143.20693969726562,0.6752105097520145,297.71539306640625,143.20693969726562,0,1,1,1,-27.53993892795905,2,0.0,0.0,18.595256202086578,143.20693969726562,MISSED_PROTON,10453
5,3,2,1168.6968097686768,515.2901000976562,233.73936195373534,66638.44928131897,600.3230533599854,568.3737564086914,0.5136687704990047,306.6219787597656,515.2901000976562,1,1,0,1,10535.000989257185,5,51.36168610939481,29.157119273961204,85.04437010489991,306.6219787597656,CLEAN,9867
3,1,2,1131.0252990722656,528.8021240234375,377.00843302408856,5920.184324107499,528.8021240234375,602.2231750488281,0.46754225962690005,528.8021240234375,515.35400390625,1,0,1,1,3855.1192534342235,3,36.026659264741404,28.48157455073172,-3708.887503345489,528.8021240234375,MISSED_PROTON,4441
2,1,1,231.51854705810547,216.83029174804688,115.75927352905273,72306.00596095377,14.688255310058594,216.83029174804688,0.06344310422081303,14.688255310058594,216.83029174804688,0,1,1,1,-72306.00596095377,2,0.0,0.0,4587.317471971519,216.83029174804688,CLEAN,6411
3,1,2,1366.1300582885742,882.7219848632812,455.3766860961914,34757.49364044643,369.5270080566406,996.6030502319336,0.27049182163487956,369.5270080566406,882.7219848632812,1,0,1,1,37.38824212201902,3,31.77254659041355,22.466583149646944,22461.59609902312,369.5270080566406,MISSED_PROTON,9641
2,1,1,411.3136215209961,350.6339416503906,205.65681076049805,0.6435748458499049,60.67967987060547,350.6339416503906,0.14752655077704005,60.67967987060547,350.6339416503906,0,1,1,1,-0.6435748458499049,2,0.0,0.0,0.09494437717510172,350.6339416503906,MISSED_PROTON,712
2,1,1,350.2483253479004,294.3031921386719,175.1241626739502,27.121510795342786,294.3031921386719,55.945133209228516,0.8402700907887042,294.3031921386719,55.945133209228516,0,1,1,1,-27.121510795342786,2,0.0,0.0,22.789394338329505,55.945133209228516,MISSED_PROTON,11094
3,1,2,1168.1438903808594,760.4473266601562,389.3812967936198,43714.76473639844,233.1127471923828,935.0311431884766,0.19955824715770176,233.1127471923828,760.4473266601562,1,0,1,1,6725.606207886165,3,21.015551503298163,17.761377535978326,22737.337752202482,233.1127471923828,MISSED_PROTON,1372
3,1,2,343.1654739379883,170.37391662597656,114.38849131266277,11273.49477112132,97.39277648925781,245.77269744873047,0.2838070373794573,97.39277648925781,170.37391662597656,0,0,0,1,-34.69401315135688,3,33.43131228780055,23.639507622668923,2486.8081798252683,170.37391662597656,MISSED_PROTON,11894
4,1,3,1075.308741569519,503.13671875,268.82718539237976,46268.69459706415,10.1309232711792,1065.1778182983398,0.009421408828493405,10.1309232711792,503.13671875,0,1,1,1,-46268.69459706415,4,23.829430939281785,14.240810892993418,-5079.692439494049,480.84619140625,CLEAN,14659
3,2,1,262.8969020843506,157.99783325195312,87.63230069478352,48255.10134327487,173.02607536315918,89.8708267211914,0.6581518229820893,157.99783325195312,89.8708267211914,1,1,0,1,17043.761942470774,2,22.51667037380305,22.51667037380305,8584.834223616721,157.99783325195312,CLEAN,8366
3,1,2,648.0926580429077,582.1024169921875,216.03088601430258,34794.44535676884,11.896258354187012,636.1963996887207,0.01835579867562611,11.896258354187012,582.1024169921875,0,0,0,1,-32624.56690108616,3,31.77249619515456,22.46654751481757,31850.44724771421,54.0939826965332,CLEAN,18327
3,1,2,424.8575191497803,341.0634765625,141.61917304992676,38506.10520468506,18.270811080932617,406.58670806884766,0.04300456095845012,18.270811080932617,341.0634765625,1,0,1,1,45.77524041367401,3,26.172799685169334,18.506964140020372,30918.660632283976,18.270811080932617,MISSED_ELECTRON,14449
2,1,1,585.5354089736938,573.3867797851562,292.7677044868469,14425.783891999552,12.148629188537598,573.3867797851562,0.02074789842313942,12.148629188537598,573.3867797851562,0,1,1,1,-14425.783891999552,2,0.0,0.0,299.3046988653675,573.3867797851562,CLEAN,1054
3,1,2,525.5048027038574,265.4125671386719,175.16826756795248,37723.05187373186,21.142635345458984,504.36216735839844,0.0402330011765348,21.142635345458984,265.4125671386719,0,0,0,1,-36914.571012103195,3,12.008897532709284,8.491572879953134,20537.668345606893,238.94960021972656,CLEAN,1091
2,1,1,1024.4665832519531,601.2020874023438,512.2332916259766,11367.760357938114,423.2644958496094,601.2020874023438,0.4131559806529223,423.2644958496094,601.2020874023438,1,0,1,1,11367.760357938114,2,15.600003205127877,15.600003205127875,6671.102179426777,423.2644958496094,MISSED_PROTON,7806
3,1,2,199.1310520172119,126.3044662475586,66.37701733907063,63835.3881654797,14.240755081176758,184.89029693603516,0.07151448725307721,14.240755081176758,126.3044662475586,0,1,1,1,-63835.3881654797,3,42.031093482801516,29.720471222374655,1466.9516768345004,58.58583068847656,CLEAN,2082
2,1,1,1729.8226928710938,1117.98876953125,864.9113464355469,40446.12974306256,611.8339233398438,1117.98876953125,0.35369747770180143,611.8339233398438,1117.98876953125,1,0,1,1,40446.12974306256,2,11.914693773761037,11.914693773761037,26140.43567014152,611.8339233398438,MISSED_PROTON,10670
3,1,2,389.22615814208984,224.3472900390625,129.74205271402994,9877.879121266464,19.497337341308594,369.72882080078125,0.05009256683665888,19.497337341308594,224.3472900390625,0,0,0,1,-67.92241625117961,3,15.886298492866247,11.233309392259354,5696.944236833063,145.38153076171875,MISSED_PROTON,3010
2,1,1,238.76710510253906,122.96512603759766,119.38355255126953,44.417250930321295,115.8019790649414,122.96512603759766,0.48499971976964745,115.8019790649414,122.96512603759766,0,1,1,1,-44.417250930321295,2,0.0,0.0,21.54235425414394,122.96512603759766,MISSED_PROTON,9378
3,1,2,1717.6428050994873,1151.5516357421875,572.5476016998291,22533.825281773352,23.334089279174805,1694.3087158203125,0.013584948634197128,23.334089279174805,1151.5516357421875,0,0,0,1,-19227.73211696462,3,16.71565614390028,12.378470502269478,15368.460137484233,542.757080078125,CLEAN,12920
3,1,2,1873.870849609375,1570.2001953125,624.6236165364584,4142.760219480312,113.33700561523438,1760.5338439941406,0.060482826571991596,113.33700561523438,1570.2001953125,0,0,0,1,-770.1510702268555,3,31.630367967789716,25.99999800286317,3517.984989897214,190.33364868164062,MISSED_PROTON,5103
2,1,1,525.7913436889648,501.23419189453125,262.8956718444824,17221.664014933678,24.557151794433594,501.23419189453125,0.04670512759327687,24.557151794433594,501.23419189453125,0,1,1,1,-17221.664014933678,2,4.503324074780762,4.503324074780761,804.3400151860222,501.23419189453125,CLEAN,19594
2,1,1,391.4599075317383,351.7068786621094,195.72995376586914,18379.738452416925,39.753028869628906,351.7068786621094,0.10155070316212615,39.753028869628906,351.7068786621094,0,1,1,1,-18379.738452416925,2,4.503324074780764,4.503324074780762,1866.4753637789072,351.7068786621094,CLEAN,16654
2,1,1,606.6537780761719,323.9017639160156,303.32688903808594,28878.7291501471,282.75201416015625,323.9017639160156,0.4660846505511315,282.75201416015625,323.9017639160156,0,1,1,1,-28878.7291501471,2,9.006673149531963,9.006673149531961,13459.932384307087,323.9017639160156,MISSED_PROTON,13886
4,1,3,1266.6427764892578,964.7346801757812,316.66069412231445,13295.183557583514,34.033836364746094,1232.6089401245117,0.026869324956068013,34.033836364746094,964.7346801757812,0,0,0,1,-44.8799137410558,4,22.516682873829907,14.935877723183028,3608.836176898481,175.1730194091797,MISSED_PROTON,14112
3,1,2,863.5469665527344,465.7380676269531,287.84898885091144,37224.77386576246,179.36782836914062,684.1791381835938,0.2077105650491416,179.36782836914062,465.7380676269531,0,0,0,1,-10877.937410782877,3,39.02889639298611,27.841467788933507,22335.955084870533,218.44107055664062,MISSED_PROTON,12999
2,1,1,172.36848831176758,153.51953125,86.18424415588379,50841.60195335466,18.848957061767578,153.51953125,0.10935268532189571,18.848957061767578,153.51953125,0,1,1,1,-50841.60195335466,2,4.503324074780762,4.50332407478076,5559.66569966627,153.51953125,CLEAN,11692
4,1,3,931.0187168121338,438.3658447265625,232.75467920303345,57717.61250950231,17.87468910217285,913.1440277099609,0.019199065259801546,17.87468910217285,438.3658447265625,0,1,1,1,-57717.61250950231,4,27.668953065168548,18.703754253290967,-476.99542600496517,438.3658447265625,CLEAN,16926
2,1,1,368.4062805175781,342.2529296875,184.20314025878906,44599.753573229464,26.153350830078125,342.2529296875,0.0709905129557916,26.153350830078125,342.2529296875,0,1,1,1,-44599.753573229464,2,4.503324074780761,4.503324074780761,3166.159383865459,342.2529296875,CLEAN,6528
3,1,2,2112.720458984375,1344.7806396484375,704.2401529947916,13186.170500101229,295.1080017089844,1817.6124572753906,0.13968151842049584,295.1080017089844,1344.7806396484375,0,0,0,1,-1094.0261896680568,2,19.629543471257808,19.629543471257808,-10082.259227852548,1344.7806396484375,MISSED_PROTON,9777
2,1,1,223.7961769104004,167.5247802734375,111.8980884552002,896.7286544514088,56.27139663696289,167.5247802734375,0.2514403838966912,56.27139663696289,167.5247802734375,0,1,1,1,-896.7286544514088,2,27.01999444855605,27.01999444855605,-671.2548573249833,167.5247802734375,MISSED_PROTON,10783
2,1,1,1048.4662475585938,627.6931762695312,524.2331237792969,4388.99694497974,627.6931762695312,420.7730712890625,0.598677523221321,627.6931762695312,420.7730712890625,0,1,1,1,-4388.99694497974,2,16.23699976050071,16.236999760500705,2627.593820446415,420.7730712890625,MISSED_PROTON,15646
2,1,1,84.55707359313965,55.174964904785156,42.278536796569824,16415.845639836258,29.382108688354492,55.174964904785156,0.34748256343084166,29.382108688354492,55.174964904785156,0,1,1,1,-16415.845639836258,2,0.0,0.0,5704.2201238153075,55.174964904785156,CLEAN,4717
3,1,2,222.65892601013184,124.54254913330078,74.21964200337727,28928.89766577909,31.827016830444336,190.8319091796875,0.14294067343608802,31.827016830444336,124.54254913330078,0,1,1,1,-28928.89766577909,3,23.44809802969102,16.98312699181161,20261.311002852024,66.28936004638672,DL_DEGRADED,18423
2,1,1,179.65090560913086,136.21615600585938,89.82545280456543,32.199602049447044,136.21615600585938,43.434749603271484,0.7582269376488805,136.21615600585938,43.434749603271484,0,1,1,1,-32.199602049447044,2,0.0,0.0,24.414605655464847,43.434749603271484,MISSED_PROTON,484
3,1,2,768.8907508850098,425.8780822753906,256.2969169616699,20177.048896879664,307.9520263671875,460.93872451782227,0.40051467131413415,307.9520263671875,425.8780822753906,1,0,1,1,2287.5616494926776,3,28.63936628506294,24.204677049832057,2187.1022109689993,307.9520263671875,MISSED_PROTON,15175
3,1,2,423.7710189819336,239.87820434570312,141.2570063273112,32437.685765229864,33.37206268310547,390.3989562988281,0.07875022403202188,33.37206268310547,239.87820434570312,0,1,1,1,-32437.685765229864,3,26.172764568111212,18.50693930851044,11510.032179018333,239.87820434570312,CLEAN,10646
2,1,1,158.0675277709961,115.31915283203125,79.03376388549805,24.940447409236615,42.748374938964844,115.31915283203125,0.2704437498440383,42.748374938964844,115.31915283203125,1,0,1,1,24.940447409236615,2,0.0,0.0,18.195459289094636,42.748374938964844,MISSED_PROTON,281
3,1,2,889.5876922607422,456.5362243652344,296.52923075358075,34420.93285921366,16.898239135742188,872.689453125,0.01899558557605273,16.898239135742188,456.5362243652344,0,0,0,1,-26081.605930481688,3,31.772529328826042,22.46657094386136,18160.251182968215,416.1532287597656,CLEAN,2584
3,1,2,453.63488578796387,385.157958984375,151.21162859598795,16546.550630350197,23.67618751525879,429.9586982727051,0.05219216655732561,23.67618751525879,385.157958984375,0,1,1,1,-16546.550630350197,3,10.824666507000469,8.491572879953134,12118.192822827355,44.80073928833008,CLEAN,18473
3,1,2,524.5190353393555,369.1852111816406,174.8396784464518,35607.281826192724,64.56251525878906,459.9565200805664,0.12308898421011193,64.56251525878906,369.1852111816406,1,0,1,1,26.34969196451678,3,39.37374143348726,27.841439568304576,6180.609807976775,64.56251525878906,MISSED_PROTON,10825
3,1,2,686.5448303222656,459.4353942871094,228.84827677408853,44805.303505336866,459.4353942871094,227.10943603515625,0.6691994083932573,459.4353942871094,182.01608276367188,0,1,1,1,-44805.303505336866,3,30.022193831749057,21.228896844526698,23410.080593906423,182.01608276367188,MISSED_PROTON,17864
3,1,2,412.78087997436523,299.5210266113281,137.59362665812174,40538.72079159865,23.364444732666016,389.4164352416992,0.056602536275703975,23.364444732666016,299.5210266113281,0,1,1,1,-40538.72079159865,3,33.0244265482385,23.6395109159785,-124.37169040026613,89.8954086303711,CLEAN,1131
3,1,2,572.9241561889648,309.8099365234375,190.97471872965494,50482.185775956146,25.054161071777344,547.8699951171875,0.04373032765529588,25.054161071777344,309.8099365234375,0,1,1,1,-50482.185775956146,3,10.824672327039641,8.491567423561381,9090.023375712544,309.8099365234375,CLEAN,7941
2,1,1,454.99916076660156,315.1422424316406,227.49958038330078,27.112821886993814,315.1422424316406,139.85691833496094,0.6926215905556306,315.1422424316406,139.85691833496094,0,1,1,1,-27.112821886993814,2,0.0,0.0,18.778925819821165,139.85691833496094,MISSED_PROTON,9702
4,1,3,1095.8717079162598,628.7553100585938,273.96792697906494,44701.13674612681,49.55824661254883,1046.313461303711,0.04522267182787402,49.55824661254883,628.7553100585938,0,0,0,1,-24658.902408520713,4,28.74735108763284,23.0727125988011,24890.847863624287,65.28840637207031,MISSED_PROTON,6256
2,1,1,433.7901840209961,386.7918701171875,216.89509201049805,23596.463920603775,46.998313903808594,386.7918701171875,0.10834342415994781,46.998313903808594,386.7918701171875,0,1,1,1,-23596.463920603775,2,7.800001602563937,7.8000016025639365,2556.52169922488,386.7918701171875,MISSED_PROTON,13372
3,1,2,281.55958557128906,176.64503479003906,93.85319519042969,27885.497487398265,176.64503479003906,104.91455078125,0.6273806463794275,176.64503479003906,60.65380096435547,0,1,1,1,-27885.497487398265,3,34.62330424710758,26.34438133598046,19387.706537234095,60.65380096435547,MISSED_PROTON,18417
2,1,1,1196.8072204589844,1139.6136474609375,598.4036102294922,10938.589285248938,57.193572998046875,1139.6136474609375,0.04778845917733745,57.193572998046875,1139.6136474609375,1,0,1,1,10938.589285248938,2,27.392691127789906,27.392691127789906,10415.850957733159,57.193572998046875,MISSED_PROTON,15659
2,1,1,305.4003372192383,198.38729858398438,152.70016860961914,17475.84363856834,107.0130386352539,198.38729858398438,0.3504024900877312,107.0130386352539,198.38729858398438,1,0,1,1,17475.84363856834,2,28.12330039309042,28.12330039309042,11352.264511230158,107.0130386352539,MISSED_PROTON,3744
3,1,2,2090.5171127319336,1592.0819091796875,696.8390375773112,32786.9040287222,1592.0819091796875,498.4352035522461,0.7615732487829865,1592.0819091796875,403.48223876953125,1,0,1,1,5055.489541482026,3,40.39074720532469,33.1606148902915,-2590.5424953836764,1592.0819091796875,MISSED_PROTON,13365
3,1,2,536.0986270904541,343.2834777832031,178.6995423634847,24734.43608654728,16.717599868774414,519.3810272216797,0.031183813992408733,16.717599868774414,343.2834777832031,0,1,1,1,-24734.43608654728,3,46.21859412498394,32.88767509660724,-2350.828308612636,176.09754943847656,CLEAN,9418
3,1,2,1307.8177185058594,647.576416015625,435.9392395019531,22484.95290765908,198.22711181640625,1109.5906066894531,0.15157090243652188,198.22711181640625,647.576416015625,0,0,0,1,-32.2553385090315,3,26.172746154816167,18.506926288344648,11138.493457221053,462.0141906738281,MISSED_PROTON,3960
3,1,2,436.03774070739746,266.88604736328125,145.34591356913248,21318.45188320254,19.994359970092773,416.0433807373047,0.045854654548148306,19.994359970092773,266.88604736328125,0,1,1,1,-21318.45188320254,3,33.43128767128182,23.6394902161616,-1214.1340663279095,266.88604736328125,CLEAN,10774
3,1,2,469.1988945007324,307.94842529296875,156.39963150024414,30987.44078352747,18.269145965576172,450.92974853515625,0.03893689047374269,18.269145965576172,307.94842529296875,0,1,1,1,-30987.44078352747,3,31.772511591625864,22.466558401766836,-3396.7042107310635,307.94842529296875,BREMS_LOSS,3983
4,1,3,1166.0584030151367,862.531494140625,291.5146007537842,36259.482724572204,127.79427337646484,1038.2641296386719,0.1095950880727935,127.79427337646484,862.531494140625,0,1,1,1,-36259.482724572204,4,29.271668985940998,24.14642814626006,16843.913090022084,105.13056945800781,MISSED_PROTON,11092
2,1,1,396.99834060668945,353.4860534667969,198.49917030334473,45.87762165805845,43.51228713989258,353.4860534667969,0.10960319651058863,43.51228713989258,353.4860534667969,0,1,1,1,-45.87762165805845,2,0.0,0.0,5.028333982026617,353.4860534667969,MISSED_PROTON,2837
2,1,1,316.9778747558594,212.84469604492188,158.4889373779297,12928.098305054536,104.1331787109375,212.84469604492188,0.32851876110009975,104.1331787109375,212.84469604492188,0,1,1,1,-12928.098305054536,2,35.17218248687448,35.17218248687448,4247.122838556816,212.84469604492188,MISSED_PROTON,12318
2,1,1,406.07361602783203,317.8471374511719,203.03680801391602,34205.536189794235,317.8471374511719,88.22647857666016,0.78273279746741,317.8471374511719,88.22647857666016,0,1,1,1,-34205.536189794235,2,7.800001602563937,7.800001602563937,26773.79503071037,88.22647857666016,MISSED_PROTON,9398
4,1,3,539.5221519470215,348.92547607421875,134.88053798675537,70303.59179953305,18.16483497619629,521.3573169708252,0.03366837656367442,18.16483497619629,348.92547607421875,0,1,1,1,-70303.59179953305,4,9.814794677201606,6.754999383188351,623.7692099155599,142.80447387695312,BREMS_LOSS,7120
4,1,3,1142.1358795166016,500.6141357421875,285.5339698791504,23726.399349210107,20.318191528320312,1121.8176879882812,0.01778964472854123,20.318191528320312,500.6141357421875,0,1,1,1,-23726.399349210107,4,28.213319057184677,17.872065679923516,12545.115314160645,500.6141357421875,CLEAN,6241
2,1,1,288.95680236816406,206.3521728515625,144.47840118408203,2912.669941395403,82.60462951660156,206.3521728515625,0.28587189794325657,82.60462951660156,206.3521728515625,0,1,1,1,-2912.669941395403,2,7.800001602563937,7.8000016025639365,832.6504842289778,206.3521728515625,CLEAN,12846
2,1,1,245.05609321594238,228.44117736816406,122.52804660797119,36811.60045094736,16.61491584777832,228.44117736816406,0.0678004600078943,16.61491584777832,228.44117736816406,0,1,1,1,-36811.60045094736,2,0.0,0.0,2495.8434442010403,228.44117736816406,CLEAN,17559
4,1,3,837.3611869812012,608.5026245117188,209.3402967453003,46025.99010501761,15.277729034423828,822.0834579467773,0.01824508858537148,15.277729034423828,608.5026245117188,0,1,1,1,-46025.99010501761,4,29.444361090028764,26.35509608111873,-5016.042097400224,608.5026245117188,CLEAN,19054
3,1,2,260.83703994750977,150.40711975097656,86.94567998250325,41038.28177746913,23.43735122680664,237.39968872070312,0.08985438276528179,23.43735122680664,150.40711975097656,0,1,1,1,-41038.28177746913,3,20.799999999999997,14.707821048680186,522.6696770262379,86.99256896972656,CLEAN,15491
3,2,1,398.4941940307617,343.3908386230469,132.8313980102539,61664.882730421974,55.103355407714844,343.3908386230469,0.1382789416587112,28.345977783203125,343.3908386230469,1,1,0,1,12944.878626182322,3,19.686876550664685,14.398142448786771,2596.3870082188496,26.75737762451172,BREMS_LOSS,19775
2,1,1,383.67454719543457,362.5668029785156,191.83727359771729,35177.954490266166,21.107744216918945,362.5668029785156,0.05501471070002246,21.107744216918945,362.5668029785156,0,1,1,1,-35177.954490266166,2,4.503300000000001,4.5033,1935.304989300549,362.5668029785156,CLEAN,17554
2,1,1,756.4174709320068,725.7684326171875,378.2087354660034,10442.82769464332,30.649038314819336,725.7684326171875,0.040518681141851004,30.649038314819336,725.7684326171875,1,0,1,1,10442.82769464332,2,11.914715469640893,11.914715469640893,10019.698089064777,30.649038314819336,MISSED_ELECTRON,16440
2,1,1,527.1115264892578,374.0139465332031,263.5557632446289,5489.114084381379,153.0975799560547,374.0139465332031,0.2904462760959463,153.0975799560547,374.0139465332031,1,0,1,1,5489.114084381379,2,19.629559616112125,19.629559616112125,-1594.2927448743815,153.0975799560547,MISSED_PROTON,2557
3,1,2,311.96960830688477,177.06939697265625,103.98986943562825,34822.16588483028,25.927326202392578,286.0422821044922,0.0831085000334002,25.927326202392578,177.06939697265625,0,1,1,1,-34822.16588483028,3,21.015546741400758,15.30837710797588,5215.84830547836,177.06939697265625,CLEAN,7272
4,1,3,1758.5478553771973,659.507080078125,439.6369638442993,28727.974388508657,652.7180786132812,1105.829776763916,0.37116878941760584,652.7180786132812,659.507080078125,1,0,1,1,1315.8032038969973,4,39.836082609112054,28.03304434404155,6375.156118551426,652.7180786132812,MISSED_PROTON,13584
2,1,1,353.93431091308594,246.4331512451172,176.96715545654297,3130.090444529714,246.4331512451172,107.50115966796875,0.6962680464896569,246.4331512451172,107.50115966796875,1,0,1,1,3130.090444529714,2,28.12330039309042,28.12330039309042,950.7084853810685,246.4331512451172,MISSED_PROTON,18320
2,1,1,471.73546504974365,462.3543395996094,235.86773252487183,17405.46650533613,9.381125450134277,462.3543395996094,0.019886411230805076,9.381125450134277,462.3543395996094,0,1,1,1,-17405.46650533613,2,0.0,0.0,346.132264589118,462.3543395996094,CLEAN,9072
3,1,2,1267.3371486663818,752.05810546875,422.44571622212726,33137.94804913148,16.03163719177246,1251.3055114746094,0.012649859754085599,16.03163719177246,752.05810546875,0,0,0,1,-19391.553271791556,3,26.172746154816167,18.506926288344648,19909.888068965836,499.2474060058594,CLEAN,6066
3,1,2,589.477912902832,458.4642639160156,196.49263763427734,27851.32877311674,69.86395263671875,519.6139602661133,0.11851835515376627,69.86395263671875,458.4642639160156,0,1,1,1,-27851.32877311674,3,18.26182148503021,16.16748254683524,2629.839645614901,458.4642639160156,MISSED_PROTON,13694
6,3,3,1278.7852268218994,572.7364501953125,213.13087113698325,57872.5023566602,778.1374340057373,500.6477928161621,0.6084973595914954,572.7364501953125,229.0331268310547,0,1,1,1,-29684.416672958556,6,42.11148976612558,33.66642034197428,19229.257996946126,220.52415466308594,CLEAN,3042
3,1,2,514.6078796386719,298.5677185058594,171.53595987955728,36561.23548553108,135.61106872558594,378.99681091308594,0.2635231097137577,135.61106872558594,298.5677185058594,0,1,1,1,-36561.23548553108,3,13.086382284055606,9.957248744954043,9642.88140799792,80.42909240722656,MISSED_PROTON,18956
3,1,2,167.65089416503906,83.92589569091797,55.88363138834635,72016.02143350843,16.57433319091797,151.0765609741211,0.09886218187778854,16.57433319091797,83.92589569091797,0,1,1,1,-72016.02143350843,3,29.56844847485238,21.228907753815317,15418.064171439706,67.15066528320312,CLEAN,4813
2,1,1,254.4122085571289,166.90916442871094,127.20610427856445,43.58978634568271,166.90916442871094,87.50304412841797,0.6560579988488684,166.90916442871094,87.50304412841797,1,0,1,1,43.58978634568271,2,0.0,0.0,14.992358345484384,166.90916442871094,MISSED_PROTON,7584
2,1,1,382.4517631530762,349.47308349609375,191.2258815765381,22495.680584664027,32.97867965698242,349.47308349609375,0.08622964471413018,32.97867965698242,349.47308349609375,0,1,1,1,-22495.680584664027,2,0.0,0.0,1939.7945444181353,349.47308349609375,CLEAN,13138
3,1,2,1472.3576049804688,1031.407958984375,490.78586832682294,81700.27133126238,21.83087158203125,1450.5267333984375,0.014827153069461575,21.83087158203125,1031.407958984375,0,1,1,1,-81700.27133126238,3,38.32979612504843,27.351537201935997,-8775.179935515485,1031.407958984375,CLEAN,1659
3,1,2,947.5286130905151,809.1766357421875,315.8428710301717,26121.111441221186,14.749835014343262,932.7787780761719,0.015566638105243419,14.749835014343262,809.1766357421875,0,1,1,1,-26121.111441221186,3,47.65879888447789,33.699859874420184,-6460.8773945558805,809.1766357421875,CLEAN,11157
2,1,1,651.9111194610596,634.9596557617188,325.9555597305298,16204.67292988344,16.95146369934082,634.9596557617188,0.026002722140028443,16.95146369934082,634.9596557617188,0,1,1,1,-16204.67292988344,2,0.0,0.0,421.3656075657997,634.9596557617188,CLEAN,3731
3,1,2,517.1570129394531,453.2795715332031,172.38567097981772,37875.64006503992,24.46051025390625,492.6965026855469,0.047298034527030575,24.46051025390625,453.2795715332031,0,1,1,1,-37875.64006503992,3,10.400002136751917,7.353912035251865,4357.022893683059,453.2795715332031,CLEAN,7557
3,1,2,962.5541343688965,703.7931518554688,320.8513781229655,9483.709602040313,208.01832580566406,754.5358085632324,0.21611078107524034,208.01832580566406,703.7931518554688,0,1,1,1,-9483.709602040313,3,7.943135481939386,6.713181255477084,-6905.2778626686695,703.7931518554688,MISSED_PROTON,12890
4,3,1,1153.7903232574463,737.3179321289062,288.4475808143616,32737.114210687323,416.47239112854004,737.3179321289062,0.3609602045826936,305.1968688964844,737.3179321289062,1,1,0,1,6328.022694175605,3,34.6232949898058,25.297159813746326,4668.036994673038,305.1968688964844,CLEAN,17477
3,1,2,698.6924915313721,374.6289367675781,232.89749717712402,39159.00696252514,14.80998420715332,683.8825073242188,0.021196712984124483,14.80998420715332,374.6289367675781,0,1,1,1,-39159.00696252514,2,4.50335,4.50335,5952.056096000388,374.6289367675781,CLEAN,315
3,1,2,1663.1239013671875,955.67724609375,554.3746337890625,28800.238904975973,480.9093017578125,1182.214599609375,0.2891602371672226,480.9093017578125,955.67724609375,0,0,0,1,-27296.936170530185,3,44.22545386016719,33.160600133826826,24442.606761906998,226.537353515625,MISSED_PROTON,11977
4,2,2,641.035758972168,311.1220703125,160.258939743042,11510.23084694595,428.37547302246094,212.66028594970703,0.6682551901774014,311.1220703125,132.12669372558594,1,0,1,1,6511.787519333457,4,41.701433275398344,28.213289868827776,-1109.4282983692476,117.25340270996094,MISSED_PROTON,18870
6,2,4,819.1839485168457,271.3740539550781,136.53065808614096,46314.72358370478,291.84890365600586,527.3350448608398,0.35626784946702883,271.3740539550781,208.21202087402344,0,1,1,1,-13077.82664050767,5,35.89129844157773,29.76290386594695,4946.562156657515,109.7386474609375,BS_CROSS_DET,3094
3,1,2,390.2209129333496,308.0897216796875,130.07363764444986,17946.700424741826,18.58892822265625,371.63198471069336,0.04763693489136824,18.58892822265625,308.0897216796875,0,1,1,1,-17946.700424741826,3,26.172724628343744,18.50691106683002,1506.5067903841539,308.0897216796875,CLEAN,8188
2,1,1,426.5698299407959,408.13330078125,213.28491497039795,37348.65841435988,18.4365291595459,408.13330078125,0.0432204245717629,18.4365291595459,408.13330078125,0,1,1,1,-37348.65841435988,2,0.0,0.0,1614.2248738543792,408.13330078125,CLEAN,13315
3,2,1,797.162187576294,485.1518859863281,265.72072919209796,36013.491573664534,510.73115730285645,286.4310302734375,0.640686632234392,485.1518859863281,286.4310302734375,1,1,0,1,4948.673570342941,3,26.000000000021366,18.748869498778376,2933.722368805539,485.1518859863281,CLEAN,4784
2,1,1,315.3783416748047,220.5606231689453,157.68917083740234,21216.948202119296,94.81771850585938,220.5606231689453,0.30064752703794906,94.81771850585938,220.5606231689453,1,0,1,1,21216.948202119296,2,36.026650000000004,36.026650000000004,14838.12519385987,94.81771850585938,MISSED_PROTON,3055
2,1,1,371.6832733154297,270.72802734375,185.84163665771484,17606.488758942836,100.95524597167969,270.72802734375,0.2716163282548468,100.95524597167969,270.72802734375,0,1,1,1,-17606.488758942836,2,27.019994448556055,27.019994448556055,4782.209830164287,270.72802734375,MISSED_PROTON,12484
2,1,1,224.65557479858398,166.4724884033203,112.32778739929199,3287.22168914807,58.18308639526367,166.4724884033203,0.2589879483178995,58.18308639526367,166.4724884033203,0,1,1,1,-3287.22168914807,2,25.073504838574124,25.073504838574124,851.3508009385586,166.4724884033203,MISSED_PROTON,16237
3,1,2,879.9542465209961,459.06170654296875,293.31808217366535,41648.00446432227,24.91320037841797,855.0410461425781,0.02831192698588054,24.91320037841797,459.06170654296875,0,1,1,1,-41648.00446432227,3,5.199999999999999,5.199981467274667,13771.1496807383,459.06170654296875,CLEAN,18323
2,1,1,261.7598114013672,167.75523376464844,130.8799057006836,40022.9905467343,94.00457763671875,167.75523376464844,0.35912532612799614,94.00457763671875,167.75523376464844,1,0,1,1,40022.9905467343,2,16.236985893015984,16.236985893015984,25649.721014020637,94.00457763671875,MISSED_PROTON,3681
2,1,1,440.3319091796875,313.42962646484375,220.16595458984375,34665.97707025482,126.90228271484375,313.42962646484375,0.2881968807376582,126.90228271484375,313.42962646484375,0,1,1,1,-34665.97707025482,2,27.392702548124017,27.392702548124017,9990.626459370622,313.42962646484375,MISSED_PROTON,10547
3,2,1,211.24163055419922,119.38904571533203,70.41387685139973,56674.21174476481,146.16730499267578,65.07432556152344,0.6919436505446448,119.38904571533203,65.07432556152344,0,1,1,1,-34.012578884200515,2,0.0,0.0,7203.587009736066,65.07432556152344,BS_LOST,14721
2,1,1,462.04846572875977,436.72796630859375,231.02423286437988,21516.723944334033,25.320499420166016,436.72796630859375,0.05480052699716164,25.320499420166016,436.72796630859375,0,1,1,1,-21516.723944334033,2,0.0,0.0,1179.1278114019515,436.72796630859375,CLEAN,17064
3,2,1,969.6612701416016,556.2492065429688,323.2204233805339,19960.864414797194,813.9815979003906,155.67967224121094,0.83944942730519,556.2492065429688,155.67967224121094,1,0,1,1,19960.864414797194,3,35.39565594539031,27.351530973034922,949.1646820870852,257.7323913574219,MISSED_PROTON,494
2,1,1,129.67952728271484,85.04901123046875,64.83976364135742,36240.57530076713,44.630516052246094,85.04901123046875,0.3441600766707526,44.630516052246094,85.04901123046875,0,1,1,1,-36240.57530076713,2,23.829396996619533,23.829396996619533,12472.559174104197,85.04901123046875,MISSED_PROTON,6071
2,1,1,445.0476131439209,414.3726806640625,222.52380657196045,11.01775567757394,30.6749324798584,414.3726806640625,0.06892505784530215,30.6749324798584,414.3726806640625,1,0,1,1,11.01775567757394,2,0.0,0.0,10.25835623017175,30.6749324798584,MISSED_ELECTRON,16549
4,1,3,1030.2959251403809,540.656005859375,257.5739812850952,52300.17295506392,18.819454193115234,1011.4764709472656,0.01826606680071168,18.819454193115234,540.656005859375,0,1,1,1,-52300.17295506392,4,31.763666659890276,21.714285045607074,25435.466798822505,145.50338745117188,CLEAN,2818
2,1,1,167.48267555236816,147.61398315429688,83.74133777618408,18654.181860006516,19.86869239807129,147.61398315429688,0.11863132907653355,19.86869239807129,147.61398315429688,0,1,1,1,-18654.181860006516,2,0.0,0.0,2212.970386887936,147.61398315429688,CLEAN,17931
3,2,1,774.149808883667,386.93988037109375,258.04993629455566,30015.927636926102,407.86718559265137,366.2826232910156,0.5268582138911855,386.93988037109375,366.2826232910156,0,1,1,1,-18273.38931496817,2,4.503300000000001,4.5033,15496.706331279427,366.2826232910156,CLEAN,17481
2,1,1,261.5776424407959,241.27072143554688,130.78882122039795,26056.344953284108,20.306921005249023,241.27072143554688,0.07763247965599807,20.306921005249023,241.27072143554688,0,1,1,1,-26056.344953284108,2,0.0,0.0,2022.8186694954966,241.27072143554688,CLEAN,10575
2,1,1,105.34925746917725,90.29850006103516,52.67462873458862,28469.604723009,15.05075740814209,90.29850006103516,0.14286533925068806,15.05075740814209,90.29850006103516,1,0,1,1,28469.604723009,2,7.80000160256394,7.800001602563938,24402.28498592333,15.05075740814209,CLEAN,15953
4,1,3,865.7232818603516,342.4147033691406,216.4308204650879,51977.80216794548,21.008316040039062,844.7149658203125,0.024266779559046076,21.008316040039062,342.4147033691406,0,1,1,1,-51977.80216794548,4,29.271657377743406,21.479513987518434,5697.77377329055,246.53118896484375,CLEAN,5503
2,1,1,382.87818908691406,206.4625701904297,191.43909454345703,567.3217273175406,206.4625701904297,176.41561889648438,0.5392382644798873,206.4625701904297,176.41561889648438,1,0,1,1,567.3217273175406,2,18.01332129904144,18.01332129904144,-305.9215836404425,206.4625701904297,MISSED_PROTON,5413
2,1,1,470.53162384033203,445.0409240722656,235.26581192016602,14747.498100769999,25.490699768066406,445.0409240722656,0.05417425413412022,25.490699768066406,445.0409240722656,0,1,1,1,-14747.498100769999,2,0.0,0.0,798.9347099535692,445.0409240722656,CLEAN,18200
2,1,1,655.359935760498,633.378662109375,327.679967880249,14285.795979296328,21.981273651123047,633.378662109375,0.03354076508448042,21.981273651123047,633.378662109375,0,1,1,1,-14285.795979296328,2,4.503299999999999,4.503299999999999,479.1565269863931,633.378662109375,CLEAN,5973
4,1,3,356.46665954589844,136.40579223632812,89.11666488647461,70.99599144777858,115.94657135009766,240.52008819580078,0.3252662436868614,115.94657135009766,136.40579223632812,0,1,1,1,-70.99599144777858,4,5.957357734820446,5.03489215245719,35.01253027787147,52.42106246948242,MISSED_PROTON,10374
4,1,3,1255.1332473754883,598.9000854492188,313.78331184387207,38579.53001687337,84.9412612915039,1170.1919860839844,0.06767509463167994,84.9412612915039,598.9000854492188,0,0,0,1,-33594.04701729466,4,35.38772567120731,29.61604500919856,28786.752516504785,195.07388305664062,MISSED_PROTON,6537
3,2,1,454.85832595825195,217.07293701171875,151.61944198608398,35877.00897067279,402.7294464111328,52.12887954711914,0.8853953493380625,217.07293701171875,52.12887954711914,1,1,0,1,22477.235030587708,3,26.172772919985206,19.914495440312372,17219.676729336723,217.07293701171875,MISSED_PROTON,15314
2,1,1,420.0288543701172,239.84896850585938,210.0144271850586,32692.676397848176,239.84896850585938,180.1798858642578,0.5710297423864872,239.84896850585938,180.1798858642578,0,1,1,1,-32692.676397848176,2,11.91468607318296,11.91468607318296,18668.490581388036,180.1798858642578,MISSED_PROTON,3347
4,2,2,1312.8557586669922,584.5761108398438,328.21393966674805,43931.54291534896,649.4801940917969,663.3755645751953,0.4947079599599323,584.5761108398438,411.560546875,1,1,0,1,3745.1701262998326,4,32.707359065134334,23.935547779127074,16841.207501679724,64.90408325195312,MISSED_PROTON,979
2,1,1,481.57628631591797,464.9309997558594,240.78814315795898,15694.080711387782,16.645286560058594,464.9309997558594,0.0345641740115483,16.645286560058594,464.9309997558594,0,1,1,1,-15694.080711387782,2,0.0,0.0,542.452936659691,464.9309997558594,CLEAN,2549
4,1,3,820.6432132720947,394.63385009765625,205.16080331802368,15451.064732212548,16.21781349182129,804.4253997802734,0.019762319640903515,16.21781349182129,394.63385009765625,0,1,1,1,-15451.064732212548,4,21.714273381867972,14.061646637840818,-120.11049715965217,394.63385009765625,CLEAN,1126
2,1,1,794.8247222900391,622.991943359375,397.41236114501953,15187.131935554764,622.991943359375,171.83277893066406,0.7838104753012946,622.991943359375,171.83277893066406,1,0,1,1,15187.131935554764,2,7.800001602563937,7.8000016025639365,3283.2988346841144,622.991943359375,MISSED_PROTON,10654
2,1,1,201.46209716796875,135.11973571777344,100.73104858398438,23962.198075471897,66.34236145019531,135.11973571777344,0.32930443186483094,66.34236145019531,135.11973571777344,1,0,1,1,23962.198075471897,2,25.07348687802516,25.07348687802516,16071.340051996078,66.34236145019531,MISSED_PROTON,18780
2,1,1,266.83038330078125,244.05848693847656,133.41519165039062,12793.447109738921,22.771896362304688,244.05848693847656,0.08534221658196754,22.771896362304688,244.05848693847656,0,1,1,1,-12793.447109738921,2,16.23699976050071,16.23699976050071,1091.8211340692858,244.05848693847656,MISSED_PROTON,10355
2,1,1,1301.1978759765625,706.197021484375,650.5989379882812,37191.0539596976,595.0008544921875,706.197021484375,0.4572716152380999,595.0008544921875,706.197021484375,1,0,1,1,37191.0539596976,2,20.636860832016094,20.636860832016094,20184.640643139348,595.0008544921875,MISSED_PROTON,3955
3,1,2,469.30328369140625,216.25216674804688,156.4344278971354,27989.285845539227,75.25869750976562,394.0445861816406,0.1603626058564988,75.25869750976562,216.25216674804688,0,1,1,1,-27989.285845539227,3,41.27376408811185,32.05497685979857,13065.79590247161,216.25216674804688,MISSED_PROTON,3273
2,1,1,111.65286254882812,75.68976593017578,55.82643127441406,27739.31845868325,75.68976593017578,35.963096618652344,0.677902600993101,75.68976593017578,35.963096618652344,1,0,1,1,27739.31845868325,2,11.914668224084128,11.914668224084128,8934.762325765938,75.68976593017578,MISSED_PROTON,18540
3,1,2,406.5556230545044,209.26315307617188,135.51854101816812,39009.762290169514,12.876866340637207,393.6787567138672,0.03167307401602679,12.876866340637207,209.26315307617188,0,1,1,1,-39009.762290169514,3,18.748871373439464,13.757903043301654,11576.095926688313,184.4156036376953,CLEAN,19562
2,1,1,464.22843170166016,431.6699523925781,232.11421585083008,24129.33206370785,32.55847930908203,431.6699523925781,0.07013460849378993,32.55847930908203,431.6699523925781,0,1,1,1,-24129.33206370785,2,4.503324074780761,4.503324074780761,1692.3012575048022,431.6699523925781,CLEAN,13588
4,1,3,1152.1278839111328,565.5472412109375,288.0319709777832,41919.81277491309,204.11180114746094,948.0160827636719,0.17716071626924074,204.11180114746094,565.5472412109375,1,0,1,1,1023.9058875461263,4,40.717199145447125,26.355083782735353,19386.327919672385,204.11180114746094,MISSED_PROTON,16414
3,1,2,781.7362976074219,432.4102783203125,260.5787658691406,26418.684147514003,266.55657958984375,515.1797180175781,0.3409801750355784,266.55657958984375,432.4102783203125,1,0,1,1,9433.832087264027,3,30.46920564832631,23.63951514618408,-1418.4109508946128,266.55657958984375,MISSED_PROTON,5390
3,1,2,610.4405746459961,556.8865356445312,203.48019154866537,19240.161272052923,25.795909881591797,584.6446647644043,0.04225785596992999,25.795909881591797,556.8865356445312,0,1,1,1,-19240.161272052923,3,6.0044320997076825,4.245774654877482,1148.0974594666734,556.8865356445312,CLEAN,14697
2,1,1,568.263111114502,541.062744140625,284.131555557251,31255.713703280173,27.200366973876953,541.062744140625,0.047865797448175776,27.200366973876953,541.062744140625,0,1,1,1,-31255.713703280173,2,0.0,0.0,1496.0796612193806,541.062744140625,CLEAN,12111
2,1,1,75.03038597106934,53.021183013916016,37.51519298553467,30110.129034675927,22.00920295715332,53.021183013916016,0.29333719495511806,22.00920295715332,53.021183013916016,0,1,1,1,-30110.129034675927,2,4.503324074780763,4.503324074780761,8832.420790768492,53.021183013916016,CLEAN,1340
6,1,5,1804.4956150054932,832.3677978515625,300.7492691675822,89848.82441583528,15.602991104125977,1788.8926239013672,0.00864673262399614,15.602991104125977,832.3677978515625,0,1,1,1,-89848.82441583528,6,36.52360187030131,26.344391785186254,7335.714561075295,409.7528991699219,CLEAN,2431
4,2,2,766.0219135284424,441.5035095214844,191.5054783821106,51717.73221016939,464.6915760040283,301.33033752441406,0.6066296117608055,441.5035095214844,205.12774658203125,1,1,0,1,8018.676213414167,3,34.62331629639194,29.720483940878214,6615.72971174608,441.5035095214844,CLEAN,16247
2,1,1,68.09315872192383,36.30986022949219,34.046579360961914,62.910310026737164,36.30986022949219,31.78329849243164,0.5332380067397515,36.30986022949219,31.78329849243164,0,1,1,1,-62.910310026737164,2,0.0,0.0,33.54616832203713,31.78329849243164,MISSED_PROTON,7924
3,1,2,598.0992488861084,352.2993469238281,199.36641629536948,36550.64284605352,217.0579833984375,381.0412654876709,0.3629129844297301,217.0579833984375,352.2993469238281,0,1,1,1,-36550.64284605352,3,29.568463644922627,23.06050412810228,14663.950114107607,352.2993469238281,MISSED_PROTON,5008
2,1,1,64.069411277771,49.85736846923828,32.0347056388855,21565.862425206553,14.212042808532715,49.85736846923828,0.2218225909227858,14.212042808532715,49.85736846923828,0,1,1,1,-21565.862425206553,2,4.50335,4.50335,4783.79547864367,49.85736846923828,CLEAN,7588
2,1,1,225.1879711151123,201.73171997070312,112.59398555755615,15712.622101586237,23.45625114440918,201.73171997070312,0.10416298449804291,23.45625114440918,201.73171997070312,0,1,1,1,-15712.622101586237,2,4.503324074780762,4.503324074780761,1636.673612391134,201.73171997070312,CLEAN,2137
3,1,2,972.8463592529297,647.9620971679688,324.28211975097656,38102.84069346864,647.9620971679688,324.88426208496094,0.6660477176124227,647.9620971679688,233.21946716308594,0,0,0,1,-12123.075916133947,3,34.623336041141066,25.29718757705862,5085.8263318341815,91.664794921875,MISSED_PROTON,3791
6,2,4,1834.875786781311,1404.3431396484375,305.8126311302185,34284.569750121474,171.84468173980713,1663.031105041504,0.09365466751362629,162.82705688476562,1404.3431396484375,0,0,0,1,-51.38329064410047,5,15.703695870221125,10.503504783147385,26698.42365420651,74.29975891113281,BS_CROSS_DET,17058
2,1,1,199.46729278564453,121.35598754882812,99.73364639282227,9725.357019456065,78.1113052368164,121.35598754882812,0.3915995657531579,78.1113052368164,121.35598754882812,1,0,1,1,9725.357019456065,2,20.636860832016094,20.636860832016094,-3808.4455856134214,78.1113052368164,MISSED_PROTON,14933
2,1,1,130.73093605041504,115.76405334472656,65.36546802520752,44096.39751085124,14.966882705688477,115.76405334472656,0.11448615880725166,14.966882705688477,115.76405334472656,0,1,1,1,-44096.39751085124,2,0.0,0.0,5048.427168255012,115.76405334472656,CLEAN,14501
4,1,3,738.0528793334961,520.1630859375,184.51321983337402,37911.349071275996,34.26655578613281,703.7863235473633,0.046428320714739936,34.26655578613281,520.1630859375,1,0,1,1,8495.60023277552,4,38.47648846770746,30.873277828275295,6505.183722367552,34.26655578613281,MISSED_PROTON,13595
4,1,3,613.1470403671265,246.8050537109375,153.28676009178162,32508.451685639535,8.197287559509277,604.9497528076172,0.013369203502313392,8.197287559509277,246.8050537109375,0,0,0,1,-30843.831079361265,4,28.123300393090425,17.441330941186802,15667.191145122692,189.0375213623047,CLEAN,19607
3,2,1,160.86395072937012,75.70169830322266,53.62131690979004,45418.97009462335,90.03774070739746,70.82621002197266,0.5597135983491583,75.70169830322266,70.82621002197266,1,1,0,1,3244.530982841641,3,45.4318595353525,32.33491970527632,2231.6873373588583,75.70169830322266,CLEAN,8725
3,1,2,473.55726623535156,293.9130554199219,157.85242207845053,27506.98615169525,23.3267822265625,450.23048400878906,0.04925863013781612,23.3267822265625,293.9130554199219,0,1,1,1,-27506.98615169525,3,39.0288669058059,27.841449816814897,-1338.6154212146291,156.3174285888672,CLEAN,15473
3,2,1,174.05679512023926,106.98675537109375,58.01893170674642,43285.44734159478,67.07003974914551,106.98675537109375,0.38533422210154566,47.26251220703125,106.98675537109375,0,1,1,1,-44.35065844288943,2,0.0,0.0,4937.892906356763,106.98675537109375,BS_CROSS_DET,11901
2,1,1,215.01404190063477,167.28738403320312,107.50702095031738,30.801364065090727,167.28738403320312,47.72665786743164,0.7780300419193658,167.28738403320312,47.72665786743164,0,1,1,1,-30.801364065090727,2,0.0,0.0,23.964386574736185,47.72665786743164,MISSED_PROTON,16771
2,1,1,388.5441551208496,362.5807800292969,194.2720775604248,56365.958984661505,25.963375091552734,362.5807800292969,0.06682219961197794,25.963375091552734,362.5807800292969,0,1,1,1,-56365.958984661505,2,4.503350000000001,4.503349999999999,3766.4973625936127,362.5807800292969,CLEAN,13407
3,1,2,547.6347923278809,357.83428955078125,182.5449307759603,19941.884194137474,25.63717269897461,521.9976196289062,0.04681436069829741,25.63717269897461,357.83428955078125,0,0,0,1,-14456.735534854257,3,26.17278580587095,18.506954325874368,6654.71952105344,357.83428955078125,CLEAN,8961
2,1,1,395.0689697265625,199.33201599121094,197.53448486328125,29.48297572511141,199.33201599121094,195.73695373535156,0.5045499172693158,199.33201599121094,195.73695373535156,0,1,1,1,-29.48297572511141,2,0.0,0.0,14.875632962958207,195.73695373535156,MISSED_PROTON,6218
3,1,2,642.71240234375,368.0257263183594,214.23746744791666,20500.803915301505,26.124008178710938,616.5883941650391,0.04064649769235152,26.124008178710938,368.0257263183594,0,0,0,1,-16054.147364005541,3,26.17272462834374,18.50691106683002,8581.02811011072,368.0257263183594,CLEAN,6183
2,1,1,243.9248275756836,198.0775604248047,121.9624137878418,4309.166426434352,45.847267150878906,198.0775604248047,0.18795654221238992,45.847267150878906,198.0775604248047,1,0,1,1,4309.166426434352,2,15.600000000000001,15.6,-809.9360213303218,45.847267150878906,MISSED_PROTON,19243
2,1,1,368.2723846435547,204.67086791992188,184.13619232177734,29.945357686252038,163.6015167236328,204.67086791992188,0.44424052289986465,163.6015167236328,204.67086791992188,0,1,1,1,-29.945357686252038,2,0.0,0.0,13.302941356964086,204.67086791992188,MISSED_PROTON,2958
2,1,1,817.7813110351562,499.04461669921875,408.8906555175781,7448.392675342865,318.7366943359375,499.04461669921875,0.38975786073232366,318.7366943359375,499.04461669921875,1,0,1,1,7448.392675342865,2,25.073484215850417,25.073484215850417,-2903.069595035944,318.7366943359375,MISSED_PROTON,15733
2,1,1,494.627836227417,473.84197998046875,247.3139181137085,23205.727287025205,20.785856246948242,473.84197998046875,0.04202322377463497,20.785856246948242,473.84197998046875,0,1,1,1,-23205.727287025205,2,0.0,0.0,975.1794706358131,473.84197998046875,CLEAN,3472
2,1,1,731.42578125,439.61358642578125,365.712890625,11867.820038165717,439.61358642578125,291.81219482421875,0.601036492963764,439.61358642578125,291.81219482421875,1,0,1,1,11867.820038165717,2,18.013350000000003,18.01335,4734.82710330151,439.61358642578125,MISSED_PROTON,17608
2,1,1,503.58063888549805,478.8039245605469,251.79031944274902,26715.115503994806,24.776714324951172,478.8039245605469,0.049201086006376016,24.776714324951172,478.8039245605469,0,1,1,1,-26715.115503994806,2,0.0,0.0,1314.4126955823178,478.8039245605469,CLEAN,8164
2,1,1,473.165602684021,464.41326904296875,236.5828013420105,44468.18211353296,8.752333641052246,464.41326904296875,0.01849740046910603,8.752333641052246,464.41326904296875,0,1,1,1,-44468.18211353296,2,0.0,0.0,822.5457726871567,464.41326904296875,CLEAN,6874
2,1,1,226.9807949066162,202.11151123046875,113.4903974533081,37305.215237096396,24.86928367614746,202.11151123046875,0.10956558543368883,24.86928367614746,202.11151123046875,0,1,1,1,-37305.215237096396,2,4.503299999999999,4.503299999999999,4087.3677471822352,202.11151123046875,CLEAN,3678
2,1,1,469.3446502685547,441.58831787109375,234.67232513427734,44666.15095405907,27.756332397460938,441.58831787109375,0.05913848678487977,27.756332397460938,441.58831787109375,0,1,1,1,-44666.15095405907,2,4.503324074780762,4.503324074780761,2641.488577928067,441.58831787109375,CLEAN,10082
3,1,2,284.3172149658203,218.62037658691406,94.77240498860677,33948.18808185681,18.42440414428711,265.8928108215332,0.06480228130576628,18.42440414428711,218.62037658691406,0,1,1,1,-33948.18808185681,3,21.649310411291264,15.308374199836578,-149.55066485409537,47.27243423461914,CLEAN,9099
3,1,2,860.646897315979,504.7105407714844,286.88229910532635,40404.13369522189,11.142991065979004,849.50390625,0.01294722737132921,11.142991065979004,504.7105407714844,0,0,0,1,-20288.55985659147,3,18.261801698749345,13.426347327880688,23956.94154274338,344.7933654785156,CLEAN,10036
2,1,1,1266.3308715820312,1057.047607421875,633.1654357910156,15825.630985960046,209.28326416015625,1057.047607421875,0.1652674422275578,209.28326416015625,1057.047607421875,1,0,1,1,15825.630985960046,2,20.63686264915285,20.63686264915285,13210.169431273245,209.28326416015625,MISSED_PROTON,16820
5,3,2,852.3053894042969,214.3203125,170.46107788085936,2340.3572579518755,555.6978607177734,296.60752868652344,0.6519938365122485,214.3203125,197.68246459960938,1,1,0,1,2250.1767995855203,5,53.070578305592264,27.139814876155658,-430.984238670767,176.3275909423828,MISSED_PROTON,19161
3,1,2,1703.4769592285156,1619.931640625,567.8256530761719,21281.268839928496,17.74480438232422,1685.7321548461914,0.01041681502423175,17.74480438232422,1619.931640625,0,1,1,1,-21281.268839928496,3,6.004466666666667,4.245799097408585,8282.651146881895,65.8005142211914,CLEAN,878
3,1,2,451.0831718444824,377.8993225097656,150.36105728149414,38889.69642019896,36.60413360595703,414.4790382385254,0.08114719388950481,36.60413360595703,377.8993225097656,0,0,0,1,-32285.245175007603,3,10.824655205645634,8.49155651076736,5773.541622194652,377.8993225097656,MISSED_PROTON,18035
3,1,2,692.950813293457,393.2245788574219,230.98360443115234,20749.61048505289,229.2678680419922,463.68294525146484,0.33085734751118584,229.2678680419922,393.2245788574219,0,0,0,1,-7694.061966495674,3,26.000005341879792,20.80000578883466,4655.431207878249,393.2245788574219,MISSED_PROTON,2274
3,2,1,166.03472137451172,84.90686798095703,55.34490712483724,15580.570296955033,110.9009895324707,55.133731842041016,0.6679385408930214,84.90686798095703,55.133731842041016,0,1,1,1,-34.83061619343396,3,6.004432099707683,4.245774654877481,2457.0800209407926,55.133731842041016,BS_CROSS_DET,14925
2,1,1,72.51497459411621,62.08921432495117,36.257487297058105,50.156815905532376,10.425760269165039,62.08921432495117,0.1437738939787338,10.425760269165039,62.08921432495117,0,1,1,1,-50.156815905532376,2,0.0,0.0,7.2112407323128815,62.08921432495117,BS_CROSS_DET,4924
3,2,1,582.2077827453613,333.0172424316406,194.06926091512045,6502.2225482290905,249.1905403137207,333.0172424316406,0.42800963453061314,204.07725524902344,333.0172424316406,0,1,1,1,-6502.221664762771,3,32.473981030990196,23.255103299753845,-3719.207836715302,333.0172424316406,MISSED_PROTON,16200
2,1,1,601.38596534729,583.8758544921875,300.692982673645,18258.259408460162,17.51011085510254,583.8758544921875,0.029116261210037967,17.51011085510254,583.8758544921875,0,1,1,1,-18258.259408460162,2,0.0,0.0,531.6122501773594,583.8758544921875,CLEAN,5166
2,1,1,633.8151378631592,607.79638671875,316.9075689315796,48715.3751979358,26.01875114440918,607.79638671875,0.041051009340244936,26.01875114440918,607.79638671875,0,1,1,1,-48715.3751979358,2,0.0,0.0,1999.815322263999,607.79638671875,CLEAN,13075
4,2,2,1652.8528881072998,1138.6759033203125,413.21322202682495,18536.693288847237,77.86115837097168,1574.9917297363281,0.047107131512551824,58.93088912963867,1138.6759033203125,0,1,1,1,-15971.104664196346,4,36.86136084446184,26.642058711028223,977.0851410647932,436.3158264160156,CLEAN,3754
2,1,1,504.6851763725281,497.5590515136719,252.34258818626404,27961.47903245523,7.126124858856201,497.5590515136719,0.01411994089082602,7.126124858856201,497.5590515136719,0,1,1,1,-27961.47903245523,2,4.503324074780762,4.503324074780761,394.814431158339,497.5590515136719,CLEAN,16867
2,1,1,410.94740295410156,344.8221740722656,205.47370147705078,12835.167394777805,66.12522888183594,344.8221740722656,0.1609092268414248,66.12522888183594,344.8221740722656,0,1,1,1,-12835.167394777805,2,31.52336309612285,31.52336309612285,2065.2968618739615,344.8221740722656,MISSED_PROTON,15066
3,1,2,467.8389368057251,248.69496154785156,155.94631226857504,22175.52585368511,13.678719520568848,454.16021728515625,0.029238095516297472,13.678719520568848,248.69496154785156,0,1,1,1,-22175.52585368511,3,18.013333333333335,12.737350151773676,-2373.0058382122525,205.4652557373047,CLEAN,16872
2,1,1,258.5025062561035,238.1253204345703,129.25125312805176,28948.548243921883,20.377185821533203,238.1253204345703,0.0788278075777924,20.377185821533203,238.1253204345703,0,1,1,1,-28948.548243921883,2,0.0,0.0,2281.9505906283143,238.1253204345703,CLEAN,15231
4,1,3,1982.4283561706543,1572.5633544921875,495.6070890426636,22799.53454404504,1572.5633544921875,409.8650016784668,0.7932510396137694,1572.5633544921875,251.24571228027344,0,1,1,1,-22799.53454404504,4,34.955274092617266,26.54675503503206,16300.031501031624,251.24571228027344,MISSED_PROTON,14167
2,1,1,87.3327693939209,65.44380187988281,43.66638469696045,24619.611277895645,21.888967514038086,65.44380187988281,0.25063865105784383,21.888967514038086,65.44380187988281,0,1,1,1,-24619.611277895645,2,4.503324074780762,4.503324074780761,6170.626160260244,65.44380187988281,CLEAN,16574
4,2,2,794.2079887390137,342.8026428222656,198.55199718475342,41206.88089428616,382.42361068725586,411.7843780517578,0.48151569375981795,342.8026428222656,216.07003784179688,0,1,1,1,-16003.39611749986,4,28.747323453943064,18.153502216841655,24843.267994257523,195.71434020996094,CLEAN,19305
3,1,2,2705.357063293457,2262.95361328125,901.7856877644857,4209.016245066884,2262.95361328125,442.40345001220703,0.8364713271993633,2262.95361328125,378.084716796875,0,1,1,1,-4209.016245066884,3,18.74890339907318,18.748887882099982,3534.731909303141,378.084716796875,MISSED_PROTON,2130
3,2,1,438.96643447875977,362.3358154296875,146.32214482625326,33389.54284255408,382.26343536376953,56.702999114990234,0.8708261163924279,362.3358154296875,56.702999114990234,1,1,0,1,15070.790651850839,3,26.684347645847453,19.22361325476792,3462.5270388568006,362.3358154296875,CLEAN,16284
2,1,1,1148.2939758300781,643.5779418945312,574.1469879150391,31731.323994148097,504.7160339355469,643.5779418945312,0.43953555845374703,504.7160339355469,643.5779418945312,0,1,1,1,-31731.323994148097,2,35.744090770363705,35.744090770363705,13947.045212244666,643.5779418945312,MISSED_PROTON,3023
6,2,4,1646.3285026550293,538.34423828125,274.3880837758382,19928.914229777954,347.2951774597168,1299.0333251953125,0.21095132405205574,312.3515930175781,538.34423828125,1,1,0,1,1320.166496222399,6,39.800677672748236,27.962597698532946,613.0311503060344,312.3515930175781,CLEAN,12425
2,1,1,373.62530517578125,351.1772155761719,186.81265258789062,49036.506086336914,22.448089599609375,351.1772155761719,0.06008182339000865,22.448089599609375,351.1772155761719,0,1,1,1,-49036.506086336914,2,4.50335,4.50335,2946.202698342379,351.1772155761719,CLEAN,17088
2,1,1,213.06829261779785,200.7235107421875,106.53414630889893,21502.08473499172,12.344781875610352,200.7235107421875,0.057938146140563654,12.344781875610352,200.7235107421875,0,1,1,1,-21502.08473499172,2,4.503324074780762,4.50332407478076,1245.7909277027331,200.7235107421875,CLEAN,9782
2,1,1,271.19236183166504,245.2569580078125,135.59618091583252,14302.166057365721,25.93540382385254,245.2569580078125,0.0956347134878054,25.93540382385254,245.2569580078125,0,1,1,1,-14302.166057365721,2,0.0,0.0,1367.783553151186,245.2569580078125,CLEAN,15126
2,1,1,316.24380683898926,299.2722473144531,158.12190341949463,17592.129711420705,16.971559524536133,299.2722473144531,0.053666061303065914,16.971559524536133,299.2722473144531,0,1,1,1,-17592.129711420705,2,0.0,0.0,944.1003115445908,299.2722473144531,CLEAN,15302
3,2,1,329.5445785522461,232.47023010253906,109.8481928507487,34028.96648228764,250.78634643554688,78.75823211669922,0.761008867259478,232.47023010253906,78.75823211669922,0,1,1,1,-33816.32761308308,3,10.400002136751915,7.353912035251864,25884.52674985507,78.75823211669922,CLEAN,10866
4,1,3,1802.0450439453125,773.5,450.5112609863281,41566.518675807725,413.4115295410156,1388.6335144042969,0.22941242835745765,413.4115295410156,773.5,0,0,0,1,-32306.726766160453,4,43.42854978295528,28.83539074404706,26144.822057173955,466.91009521484375,MISSED_PROTON,9196
2,1,1,304.2693862915039,216.5712432861328,152.13469314575195,27363.779368564865,87.6981430053711,216.5712432861328,0.2882253258346283,87.6981430053711,216.5712432861328,1,0,1,1,27363.779368564865,2,28.123307060159195,28.123307060159195,19476.845143993378,87.6981430053711,MISSED_PROTON,17923
3,2,1,419.44508934020996,274.8417053222656,139.81502978006998,68263.81735589869,144.60338401794434,274.8417053222656,0.34474925965972436,125.80809020996094,274.8417053222656,0,1,1,1,-31.3988745981923,3,6.0044,4.245751956956506,3068.312799015039,274.8417053222656,BS_CROSS_DET,6818
3,1,2,484.7404022216797,345.43194580078125,161.58013407389322,21800.999029638268,79.87049865722656,404.8699035644531,0.1647696339961786,79.87049865722656,345.43194580078125,0,1,1,1,-21800.999029638268,3,18.748839347810307,16.443823093388794,2300.9786838431974,59.437957763671875,MISSED_PROTON,11478
4,1,3,587.1377182006836,315.2405090332031,146.7844295501709,38948.57855010195,27.349502563476562,559.788215637207,0.046581068999093846,27.349502563476562,315.2405090332031,0,1,1,1,-38948.57855010195,4,32.47398565348115,24.66575019470318,10688.47657649925,126.65717315673828,CLEAN,10693
2,1,1,1027.0788879394531,790.3162841796875,513.5394439697266,2029.2479164540605,236.76260375976562,790.3162841796875,0.2305203685325123,236.76260375976562,790.3162841796875,1,0,1,1,2029.2479164540605,2,25.073484215850417,25.073484215850417,1561.4649389092378,236.76260375976562,MISSED_PROTON,1024
4,1,3,626.5434646606445,380.7770080566406,156.63586616516113,39322.48563805972,15.075614929199219,611.4678497314453,0.02406156281171114,15.075614929199219,380.7770080566406,0,1,1,1,-39322.48563805972,4,33.16911884151431,20.013250266323556,5671.998257252934,125.02076721191406,CLEAN,12431
5,1,4,1252.2768859863281,430.048583984375,250.45537719726562,33300.91005688287,430.048583984375,822.2283020019531,0.3434133367762807,430.048583984375,398.783935546875,0,0,0,1,-11797.50702065615,5,46.59152839991837,29.10142252697624,-1442.4296411660116,183.52452087402344,MISSED_PROTON,8299
7,1,6,1159.4122467041016,574.6734619140625,165.6303209577288,38997.34723581169,13.336235046386719,1146.0760116577148,0.011502582523427765,13.336235046386719,574.6734619140625,0,1,1,1,-38997.34723581169,7,40.17613998738453,25.409627333716788,2772.2204797874956,35.38043212890625,CLEAN,2593
2,1,1,147.083833694458,123.36958312988281,73.541916847229,19063.501289539774,23.714250564575195,123.36958312988281,0.16122948368233025,23.714250564575195,123.36958312988281,0,1,1,1,-19063.501289539774,2,0.0,0.0,3073.598470089935,123.36958312988281,CLEAN,10191
3,1,2,478.8264970779419,302.4698486328125,159.60883235931396,20664.871290832423,15.471989631652832,463.35450744628906,0.032312308792582026,15.471989631652832,302.4698486328125,0,1,1,1,-20664.871290832423,3,18.013333333333335,12.737350151773676,-309.2080597829584,160.88465881347656,CLEAN,17253
2,1,1,227.10855865478516,122.69596862792969,113.55427932739258,16749.643946486034,104.41259002685547,122.69596862792969,0.4597474910030455,104.41259002685547,122.69596862792969,0,1,1,1,-16749.643946486034,2,35.172170749365186,35.172170749365186,7700.606779591303,122.69596862792969,MISSED_PROTON,19205
2,1,1,72.15889549255371,40.823699951171875,36.079447746276855,48.94389525201429,31.335195541381836,40.823699951171875,0.4342527047772704,31.335195541381836,40.823699951171875,0,1,1,1,-48.94389525201429,2,0.0,0.0,21.25401889552261,40.823699951171875,BS_CROSS_DET,19966
2,1,1,2343.3583068847656,1882.57763671875,1171.6791534423828,1039.8792413620033,460.7806701660156,1882.57763671875,0.19663261431777043,460.7806701660156,1882.57763671875,1,0,1,1,1039.8792413620033,2,11.914686073182962,11.914686073182962,835.4050675582129,460.7806701660156,MISSED_PROTON,13776
3,1,2,873.5103912353516,485.50146484375,291.1701304117839,14854.346060972592,160.1018829345703,713.4085083007812,0.18328560775121192,160.1018829345703,485.50146484375,1,0,1,1,1725.797137940077,3,13.086399842584669,11.233296358890684,6980.599685178707,160.1018829345703,MISSED_PROTON,6887
3,2,1,547.4785118103027,480.5123596191406,182.49283727010092,61498.31939729907,504.25303649902344,43.2254753112793,0.9210462613987367,480.5123596191406,43.2254753112793,0,1,1,1,-10752.513474043759,3,47.1836474634074,33.56588142596917,1351.5731846351641,43.2254753112793,CLEAN,15235
3,2,1,639.687780380249,403.81280517578125,213.22926012674967,39815.97060872422,427.4963436126709,212.19143676757812,0.6682890571374596,403.81280517578125,212.19143676757812,0,1,1,1,-21466.08276235874,2,4.503350000000001,4.50335,25929.198723536058,212.19143676757812,CLEAN,3290
3,1,2,2024.889820098877,1636.7332763671875,674.9632733662924,26394.374458174243,336.4603576660156,1688.4294624328613,0.16616230390727432,336.4603576660156,1636.7332763671875,0,0,0,1,-6599.832470015257,3,22.66629658033658,18.748887882099982,-4829.330958827404,1636.7332763671875,MISSED_PROTON,15304
2,1,1,626.4012107849121,605.9500732421875,313.20060539245605,18476.72407925553,20.45113754272461,605.9500732421875,0.03264862390208076,20.45113754272461,605.9500732421875,0,1,1,1,-18476.72407925553,2,4.50335,4.50335,603.2396154061332,605.9500732421875,CLEAN,1370
5,2,3,1226.9168682098389,683.1015014648438,245.38337364196778,39123.08913371627,932.8124694824219,294.104398727417,0.7602898726492067,683.1015014648438,133.58932495117188,1,0,1,1,24988.612373827113,5,45.24896245951282,34.60248218688364,-2926.442268459066,683.1015014648438,MISSED_PROTON,3000
3,2,1,728.5392837524414,431.1728210449219,242.84642791748047,22460.02608323641,297.36646270751953,431.1728210449219,0.4081680553667509,212.81869506835938,431.1728210449219,1,1,0,1,3135.525945661687,3,37.4977747725115,30.320972707462186,1326.688661574378,212.81869506835938,MISSED_PROTON,5415
3,1,2,407.05937576293945,260.5584411621094,135.68645858764648,7343.947409333404,260.5584411621094,146.50093460083008,0.6400993483413872,260.5584411621094,106.81981658935547,0,1,1,1,-7343.947409333404,3,26.172756920890087,18.506933901108525,-1901.948510593263,106.81981658935547,MISSED_PROTON,5085
2,1,1,248.29661560058594,137.4300079345703,124.14830780029297,33.42612002056947,137.4300079345703,110.86660766601562,0.55349126528427,137.4300079345703,110.86660766601562,0,1,1,1,-33.42612002056947,2,4.503324074780764,4.503324074780762,18.501065463728864,110.86660766601562,MISSED_PROTON,5024
2,1,1,592.8072547912598,559.0183715820312,296.4036273956299,16091.37057379958,33.788883209228516,559.0183715820312,0.05699809328603158,33.788883209228516,559.0183715820312,0,1,1,1,-16091.37057379958,2,0.0,0.0,917.177441065532,559.0183715820312,CLEAN,5825
2,1,1,119.09671020507812,101.58146667480469,59.54835510253906,49815.66541927369,17.515243530273438,101.58146667480469,0.14706740009957564,17.515243530273438,101.58146667480469,0,1,1,1,-49815.66541927369,2,0.0,0.0,7326.260397442918,101.58146667480469,CLEAN,552
2,1,1,150.80120849609375,125.84087371826172,75.40060424804688,30576.155078072752,24.96033477783203,125.84087371826172,0.16551813494570627,24.96033477783203,125.84087371826172,0,1,1,1,-30576.155078072752,2,0.0,0.0,5060.908162333288,125.84087371826172,CLEAN,19829
3,1,2,791.1186714172363,433.37249755859375,263.7062238057454,15457.76880094988,14.178791046142578,776.9398803710938,0.017922457854195526,14.178791046142578,433.37249755859375,0,1,1,1,-15457.76880094988,3,26.172799685169334,18.506964140020372,1339.1042326853637,343.5673828125,CLEAN,15687
4,1,3,1310.5116577148438,511.26507568359375,327.62791442871094,44929.65512156176,511.26507568359375,799.24658203125,0.3901263088152099,511.26507568359375,398.5390930175781,0,0,0,1,-18104.889166394452,4,21.714286195958643,15.436642460230788,4219.614323260185,398.5390930175781,MISSED_PROTON,2022
2,1,1,277.7753314971924,257.5692443847656,138.8876657485962,37991.69323283347,20.206087112426758,257.5692443847656,0.07274255422004956,20.206087112426758,257.5692443847656,0,1,1,1,-37991.69323283347,2,4.503349074855292,4.503349074855291,2763.612804900879,257.5692443847656,CLEAN,10583
2,1,1,331.5388717651367,251.26588439941406,165.76943588256836,17746.77334436111,80.27298736572266,251.26588439941406,0.2421224001226267,80.27298736572266,251.26588439941406,1,0,1,1,17746.77334436111,2,13.509997224278028,13.509997224278028,13449.881987792143,80.27298736572266,MISSED_PROTON,9936
3,1,2,520.3658227920532,410.7002868652344,173.45527426401773,42623.99511225741,13.487595558166504,506.8782272338867,0.02591944929395636,13.487595558166504,410.7002868652344,0,1,1,1,-42623.99511225741,3,29.568480627481993,21.228933681076764,8618.52222339615,410.7002868652344,CLEAN,11843
2,1,1,521.8955116271973,499.7140197753906,260.94775581359863,36865.36595111382,22.18149185180664,499.7140197753906,0.04250178696238994,22.18149185180664,499.7140197753906,0,1,1,1,-36865.36595111382,2,4.50334907485529,4.50334907485529,1566.8439299447832,499.7140197753906,CLEAN,15138
2,1,1,721.2902412414551,695.594482421875,360.64512062072754,27571.84619760763,25.695758819580078,695.594482421875,0.03562471436651298,25.695758819580078,695.594482421875,0,1,1,1,-27571.84619760763,2,0.0,0.0,982.2391453471988,695.594482421875,CLEAN,9658
2,1,1,417.1078414916992,307.3184814453125,208.5539207458496,9.276203931137747,109.78936004638672,307.3184814453125,0.2632157661043915,109.78936004638672,307.3184814453125,1,0,1,1,9.276203931137747,2,0.0,0.0,6.834560806862756,109.78936004638672,MISSED_PROTON,2635
4,1,3,753.3122959136963,364.8507385253906,188.32807397842407,45991.29476245092,22.690439224243164,730.6218566894531,0.030120893216964973,22.690439224243164,364.8507385253906,0,1,1,1,-45991.29476245092,4,56.02083100260563,34.955272388046126,20358.630478164447,168.88624572753906,DL_DEGRADED,9581
2,1,1,201.29593658447266,114.10799407958984,100.64796829223633,26807.75057933034,87.18794250488281,114.10799407958984,0.43313314706824646,87.18794250488281,114.10799407958984,0,1,1,1,-26807.75057933034,2,23.82938754752207,23.82938754752207,11611.325374245956,114.10799407958984,MISSED_PROTON,12766
2,1,1,382.2557373046875,355.9615478515625,191.12786865234375,15541.1746120452,26.294189453125,355.9615478515625,0.06878690595601575,26.294189453125,355.9615478515625,0,1,1,1,-15541.1746120452,2,0.0,0.0,1069.0293164847728,355.9615478515625,CLEAN,17704
2,1,1,456.6635904312134,447.44439697265625,228.3317952156067,25491.032730127863,9.219193458557129,447.44439697265625,0.02018815086583042,9.219193458557129,447.44439697265625,0,1,1,1,-25491.032730127863,2,4.503324074780762,4.503324074780761,514.6168144816423,447.44439697265625,CLEAN,4281
3,1,2,336.63043212890625,225.40667724609375,112.21014404296875,8943.365707087061,225.40667724609375,111.2237548828125,0.6695968508271365,225.40667724609375,65.9896469116211,0,0,0,1,-29.12138597944374,3,27.515814442688125,19.456618982295517,1221.2482462465769,65.9896469116211,MISSED_PROTON,19704
2,1,1,251.95850372314453,140.83319091796875,125.97925186157227,35887.9072988057,140.83319091796875,111.12531280517578,0.5589539104134315,140.83319091796875,111.12531280517578,0,1,1,1,-35887.9072988057,2,13.51,13.51,20059.686121222174,111.12531280517578,MISSED_PROTON,10611
4,2,2,2133.641139984131,1862.8699951171875,533.4102849960327,6405.132928893198,1907.5191459655762,226.1219940185547,0.894020606473572,1862.8699951171875,148.43167114257812,1,1,0,1,6208.578435698803,4,7.800000000040064,6.368679660013918,-5415.956679515118,1862.8699951171875,BS_CROSS_DET,15252
2,1,1,323.0023832321167,313.19232177734375,161.50119161605835,16396.447503093565,9.81006145477295,313.19232177734375,0.03037148319652868,9.81006145477295,313.19232177734375,0,1,1,1,-16396.447503093565,2,0.0,0.0,497.9844298229708,313.19232177734375,CLEAN,18195
3,1,2,391.2369842529297,194.65231323242188,130.4123280843099,1125.7540548199745,169.90020751953125,221.33677673339844,0.4342641783827189,169.90020751953125,194.65231323242188,0,0,0,1,-1095.6026992526597,3,27.515814442688125,19.456618982295517,-59.72477059173357,26.684463500976562,MISSED_PROTON,4558
2,1,1,271.2268753051758,185.10235595703125,135.6134376525879,214.05804894140232,185.10235595703125,86.12451934814453,0.6824631804969917,185.10235595703125,86.12451934814453,1,0,1,1,214.05804894140232,2,4.503324074780764,4.503324074780761,-146.08673689153017,185.10235595703125,MISSED_PROTON,6885
3,1,2,406.2795104980469,192.868408203125,135.42650349934897,11111.688334513608,85.00497436523438,321.2745361328125,0.20922781525710984,85.00497436523438,192.868408203125,1,0,1,1,11111.686959591581,3,15.599974337621344,11.627534196132137,-2324.873333675314,85.00497436523438,MISSED_PROTON,18477
3,1,2,386.95813179016113,246.2736053466797,128.9860439300537,37140.94962998968,22.8245792388916,364.13355255126953,0.05898462227243972,22.8245792388916,246.2736053466797,0,1,1,1,-37140.94962998968,3,21.649310411291268,15.308374199836578,5690.847655813255,246.2736053466797,CLEAN,11024
2,1,1,408.4311218261719,236.91885375976562,204.21556091308594,8808.27256593623,236.91885375976562,171.51226806640625,0.5800705213169289,236.91885375976562,171.51226806640625,0,1,1,1,-8808.27256593623,2,20.636865677713754,20.636865677713754,-3698.8533067119974,171.51226806640625,MISSED_PROTON,14972
3,1,2,693.1580200195312,446.31341552734375,231.05267333984375,38216.259211389224,446.31341552734375,246.8446044921875,0.6438840821819647,446.31341552734375,166.10890197753906,1,0,1,1,105.83741413590178,3,18.013329632370702,12.737347534797902,4476.608481679598,446.31341552734375,MISSED_PROTON,4021
4,1,3,993.9880981445312,568.0122680664062,248.4970245361328,42211.89112264602,20.752544403076172,973.2355537414551,0.020878061258293498,20.752544403076172,568.0122680664062,0,0,0,1,-24887.495348154327,4,27.668953065168548,19.238252499187652,23194.505637767288,44.91078567504883,CLEAN,10694
2,1,1,826.8966674804688,421.07867431640625,413.4483337402344,26598.07272897264,421.07867431640625,405.8179931640625,0.509227683308268,421.07867431640625,405.8179931640625,1,0,1,1,26598.07272897264,2,23.4,23.4,13053.597772733083,421.07867431640625,MISSED_PROTON,7087
2,1,1,555.5801334381104,532.1039428710938,277.7900667190552,13613.938330754709,23.4761905670166,532.1039428710938,0.042255273639354794,23.4761905670166,532.1039428710938,0,1,1,1,-13613.938330754709,2,4.503324074780764,4.503324074780762,575.2606894753412,532.1039428710938,CLEAN,9888
2,1,1,46.11839485168457,28.930389404296875,23.059197425842285,6791.8409161616355,17.188005447387695,28.930389404296875,0.37269305453201107,17.188005447387695,28.930389404296875,1,0,1,1,6791.8409161616355,2,16.23700849055946,16.23700849055946,-2531.2719369397723,17.188005447387695,MISSED_PROTON,8677
3,2,1,484.3465175628662,359.00604248046875,161.44883918762207,53669.445355167285,125.34047508239746,359.00604248046875,0.2587826494822042,104.8556137084961,359.00604248046875,0,1,1,1,-23487.265438062273,3,49.60484250554577,35.26811601517723,7354.616273244473,359.00604248046875,CLEAN,14850
3,2,1,298.812894821167,224.48451232910156,99.60429827372234,63137.71510255591,74.32838249206543,224.48451232910156,0.248745565470156,47.16155242919922,224.48451232910156,0,1,1,1,-15248.683701864657,3,44.22548248702324,31.487562662422757,8146.91472430432,224.48451232910156,CLEAN,7386
2,1,1,705.3184394836426,672.319580078125,352.6592197418213,28774.33467918146,672.319580078125,32.99885940551758,0.953214239755768,672.319580078125,32.99885940551758,1,0,1,1,28774.33467918146,2,16.23699976050071,16.236999760500705,1346.229123487475,672.319580078125,MISSED_PROTON,1010
2,1,1,62.52868843078613,44.551292419433594,31.264344215393066,26011.463552435074,17.97739601135254,44.551292419433594,0.2875063664777163,17.97739601135254,44.551292419433594,1,0,1,1,26011.463552435074,2,11.91468607318296,11.91468607318296,18533.002179706913,17.97739601135254,MISSED_ELECTRON,3809
2,1,1,393.9263343811035,376.4361572265625,196.96316719055176,33901.35653670552,17.490177154541016,376.4361572265625,0.04439961390755909,17.490177154541016,376.4361572265625,0,1,1,1,-33901.35653670552,2,0.0,0.0,1505.2071411722297,376.4361572265625,CLEAN,4132
2,1,1,300.02151107788086,274.0997009277344,150.01075553894043,30963.74655447391,25.921810150146484,274.0997009277344,0.08639983865496094,25.921810150146484,274.0997009277344,0,1,1,1,-30963.74655447391,2,4.5033,4.5033,2675.2627064596486,274.0997009277344,CLEAN,3124
2,1,1,1143.6422119140625,840.3466186523438,571.8211059570312,26367.272128920325,840.3466186523438,303.29559326171875,0.7347985321789525,840.3466186523438,303.29559326171875,0,1,1,1,-26367.272128920325,2,20.636860832016094,20.636860832016094,19374.632857893663,303.29559326171875,MISSED_PROTON,11946
2,1,1,222.6878890991211,131.92066955566406,111.34394454956055,13073.95301242774,131.92066955566406,90.76721954345703,0.5924016348142964,131.92066955566406,90.76721954345703,0,1,1,1,-13073.95301242774,2,13.51,13.509999999999998,7745.031138047489,90.76721954345703,MISSED_PROTON,17553
3,2,1,393.13616943359375,195.0788116455078,131.0453898111979,9280.011116502345,198.05735778808594,195.0788116455078,0.5037881863513975,165.48770141601562,195.0788116455078,1,1,0,1,9197.994982390786,3,26.17278580587095,18.506954325874368,-3865.0318340235535,165.48770141601562,BS_LOST,18181
2,1,1,160.9356689453125,141.0833282470703,80.46783447265625,23395.948912922013,19.852340698242188,141.0833282470703,0.12335575344076276,19.852340698242188,141.0833282470703,0,1,1,1,-23395.948912922013,2,4.50334907485529,4.50334907485529,2886.024905615089,141.0833282470703,CLEAN,338
3,2,1,70.09746742248535,28.89607810974121,23.365822474161785,48500.05935745072,41.20138931274414,28.89607810974121,0.587772865807244,20.8842716217041,28.89607810974121,0,1,1,1,-6571.833720459557,3,13.086362314171874,9.957220825556139,9782.667727142789,28.89607810974121,MISSED_ELECTRON,12079
3,1,2,586.0675506591797,364.4757080078125,195.35585021972656,11960.807015255732,189.475341796875,396.5922088623047,0.3232994926672916,189.475341796875,364.4757080078125,0,0,0,1,-29.351010426245075,3,37.49774274687893,26.514908175506765,664.9413724069136,364.4757080078125,MISSED_PROTON,2078
2,1,1,677.4851455688477,631.1988525390625,338.7425727844238,31369.056059792496,46.286293029785156,631.1988525390625,0.06832074966148675,46.286293029785156,631.1988525390625,0,1,1,1,-31369.056059792496,2,28.123300393090425,28.123300393090425,2143.157426178227,631.1988525390625,MISSED_PROTON,8087
2,1,1,139.90767669677734,109.69927978515625,69.95383834838867,33.87097210295558,30.208396911621094,109.69927978515625,0.21591665035716312,30.208396911621094,109.69927978515625,0,1,1,1,-33.87097210295558,2,0.0,0.0,7.3133068408110855,109.69927978515625,BS_CROSS_DET,9974
3,1,2,2226.775909423828,1258.7193603515625,742.2586364746094,19823.39301090844,423.0738830566406,1803.7020263671875,0.18999391957950082,423.0738830566406,1258.7193603515625,0,0,0,1,-11701.76458884176,3,44.22550209110124,32.75037934263764,-4626.909643131169,1258.7193603515625,MISSED_PROTON,5732
3,1,2,467.64897537231445,244.94691467285156,155.88299179077148,32594.89862283467,53.6406135559082,414.00836181640625,0.1147027287148501,53.6406135559082,244.94691467285156,0,1,1,1,-32594.89862283467,3,30.022199999999998,24.75694474458968,10432.745859120103,244.94691467285156,MISSED_PROTON,18436
3,2,1,265.1492099761963,204.056884765625,88.38306999206543,63515.553282329645,61.09232521057129,204.056884765625,0.23040734391045645,47.05895233154297,204.056884765625,0,1,1,1,-16331.84036089676,3,31.772546590413558,22.466583149646944,6260.236415592376,204.056884765625,CLEAN,3832
2,1,1,413.8938903808594,256.4924011230469,206.9469451904297,27.211751782509353,256.4924011230469,157.4014892578125,0.6197056953100374,256.4924011230469,157.4014892578125,0,1,1,1,-27.211751782509353,2,0.0,0.0,16.86327755898411,157.4014892578125,MISSED_PROTON,12423
3,2,1,862.9358849525452,490.4638977050781,287.6452949841817,36001.02386149162,372.47198724746704,490.4638977050781,0.43163344315893193,364.9660949707031,490.4638977050781,0,1,1,1,-28029.307850695397,3,6.004466666666669,4.245799097408584,15469.907199107145,490.4638977050781,CLEAN,10707
4,1,3,392.6844177246094,191.34461975097656,98.17110443115234,32875.12568789651,10.302772521972656,382.3816452026367,0.026236774511378798,10.302772521972656,191.34461975097656,0,1,1,1,-32875.12568789651,4,36.86140410904066,22.5166792598287,20139.98010740611,110.03459930419922,BS_SAME_DET,4375
4,1,3,434.4723949432373,210.44325256347656,108.61809873580933,31543.79553104863,19.869653701782227,414.6027412414551,0.045732833508048645,19.869653701782227,210.44325256347656,0,0,0,1,-22625.94557076762,4,44.29547223899554,32.55196232544015,14208.499414604772,210.44325256347656,CLEAN,5922
2,1,1,316.4850769042969,286.9931945800781,158.24253845214844,25272.866886832737,29.49188232421875,286.9931945800781,0.09318569650327277,29.49188232421875,286.9931945800781,0,1,1,1,-25272.866886832737,2,4.5033,4.5033,2355.0697034840073,286.9931945800781,CLEAN,19619
2,1,1,554.1975784301758,534.3375854492188,277.0987892150879,14456.47577814404,19.85999298095703,534.3375854492188,0.0358355823878058,19.85999298095703,534.3375854492188,0,1,1,1,-14456.47577814404,2,0.0,0.0,518.0562287849998,534.3375854492188,CLEAN,13152
2,1,1,457.23114013671875,310.4742126464844,228.61557006835938,12606.82650710505,146.75692749023438,310.4742126464844,0.32096879369666714,146.75692749023438,310.4742126464844,1,0,1,1,12606.82650710505,2,7.800001602563937,7.8000016025639365,-4046.3978963286754,146.75692749023438,MISSED_PROTON,14608
2,1,1,392.93248748779297,341.0486145019531,196.46624374389648,6419.73914787805,51.883872985839844,341.0486145019531,0.13204271633928383,51.883872985839844,341.0486145019531,1,0,1,1,6419.73914787805,2,7.8,7.799999999999999,-847.6797952754571,51.883872985839844,MISSED_PROTON,8466
4,1,3,384.3031425476074,178.22035217285156,96.07578563690186,11351.6433271725,178.22035217285156,206.08279037475586,0.4637494010363801,178.22035217285156,110.78636169433594,0,0,0,1,-30.97280627181038,4,43.48688971083699,26.1619889566428,2617.491355169122,110.78636169433594,MISSED_PROTON,14127
5,1,4,721.718879699707,265.4713439941406,144.3437759399414,17050.536053798514,40.733314514160156,680.9855651855469,0.056439308517339165,40.733314514160156,265.4713439941406,0,0,0,1,-2864.654739617129,5,53.7087718877466,34.22534111380046,3872.908355592392,265.4713439941406,BS_CROSS_DET,9097
4,2,2,2138.9103088378906,1575.2802734375,534.7275772094727,28368.759486626437,358.520263671875,1780.3900451660156,0.1676181849189673,189.94366455078125,1575.2802734375,0,0,0,1,-1307.39696059228,4,26.546765871241266,20.75933651932306,23105.85428947192,205.10977172851562,MISSED_PROTON,12742
4,1,3,1705.6014156341553,1097.686767578125,426.4003539085388,38922.78393402049,29.05074119567871,1676.5506744384766,0.017032549884978508,29.05074119567871,1097.686767578125,0,0,0,1,-34883.75241934796,4,48.76300089648529,30.12523763784902,27915.027028576387,401.4016418457031,CLEAN,8098
3,2,1,1032.6590175628662,562.1400756835938,344.2196725209554,32856.08628969806,579.4492092132568,453.2098083496094,0.5611234680163737,562.1400756835938,453.2098083496094,1,1,0,1,12384.234548640792,3,7.943143646427261,6.713174905280577,-6398.360367456575,562.1400756835938,CLEAN,16801
2,1,1,102.5208854675293,61.25419616699219,51.26044273376465,46.654543766381046,41.26668930053711,61.25419616699219,0.40251982912893597,41.26668930053711,61.25419616699219,1,0,1,1,46.654543766381046,2,0.0,0.0,27.87516478144888,41.26668930053711,MISSED_PROTON,6257
2,1,1,138.8436050415039,105.24737548828125,69.42180252075195,72.38492601444933,33.596229553222656,105.24737548828125,0.24197174614689587,33.596229553222656,105.24737548828125,1,0,1,1,72.38492601444933,2,4.50334907485529,4.50334907485529,54.869819072019155,33.596229553222656,MISSED_PROTON,8827
3,1,2,1181.2185668945312,577.7758178710938,393.73952229817706,41619.32827156312,524.7687377929688,656.4498291015625,0.44426048870244716,524.7687377929688,577.7758178710938,1,0,1,1,648.0702639686081,3,32.473997974447876,23.829399675377662,2440.9421583782164,524.7687377929688,MISSED_PROTON,11355
3,1,2,814.2030181884766,524.4551391601562,271.4010060628255,44384.75713834649,31.987808227539062,782.2152099609375,0.03928726314317633,31.987808227539062,524.4551391601562,0,1,1,1,-44384.75713834649,3,29.568448474852374,21.228907753815317,7011.99891358421,524.4551391601562,CLEAN,14182
2,1,1,628.1072301864624,612.6974487304688,314.0536150932312,29610.36270235503,15.409781455993652,612.6974487304688,0.024533679466512498,15.409781455993652,612.6974487304688,0,1,1,1,-29610.36270235503,2,4.503350000000001,4.503349999999999,726.4511474267551,612.6974487304688,CLEAN,5509
6,1,5,1242.380301475525,544.4691162109375,207.06338357925415,30070.589748342292,14.465319633483887,1227.914981842041,0.011643230028924324,14.465319633483887,544.4691162109375,0,1,1,1,-30070.589748342292,5,34.742839248403406,25.97919650508075,11837.513768134751,42.74397277832031,CLEAN,19730
4,1,3,400.13952827453613,247.06919860839844,100.03488206863403,26850.60949183587,20.1281681060791,380.01136016845703,0.05030287358230988,20.1281681060791,247.06919860839844,0,0,0,1,-19005.654386436785,4,25.3749873286791,15.1046332557886,6852.849784428307,247.06919860839844,CLEAN,11747
2,1,1,385.61170959472656,234.83816528320312,192.80585479736328,591.6720607034079,150.77354431152344,234.83816528320312,0.39099835549595907,150.77354431152344,234.83816528320312,0,1,1,1,-591.6720607034079,2,22.51667037380305,22.51667037380305,231.34280272793774,234.83816528320312,MISSED_PROTON,15463
3,1,2,377.52323150634766,169.26541137695312,125.84107716878255,6944.216844907608,133.45989990234375,244.0633316040039,0.3535144032589151,133.45989990234375,169.26541137695312,0,0,0,1,-4648.00455338732,3,15.6,11.62754519492399,4756.628979413072,74.79792022705078,MISSED_PROTON,9114
4,1,3,359.356969833374,151.76121520996094,89.8392424583435,47816.613543874584,19.166807174682617,340.1901626586914,0.053336400247280154,19.166807174682617,151.76121520996094,0,1,1,1,-47816.613543874584,4,56.5612468647041,36.096976416938304,19597.4705752417,121.09258270263672,CLEAN,426
3,2,1,293.63809871673584,180.22169494628906,97.87936623891194,26050.667494052508,113.41640377044678,180.22169494628906,0.38624553239549575,103.24131774902344,180.22169494628906,0,1,1,1,-21208.09910909307,3,13.086378460445044,9.95723869453776,8359.33719898534,180.22169494628906,CLEAN,15455
2,1,1,507.07090759277344,482.9576110839844,253.53545379638672,15188.03562421108,24.113296508789062,482.9576110839844,0.04755409183946785,24.113296508789062,482.9576110839844,0,1,1,1,-15188.03562421108,2,4.50335,4.50335,722.253240934843,482.9576110839844,CLEAN,7651
2,1,1,113.75678634643555,66.02005004882812,56.87839317321777,248.42221376426775,47.73673629760742,66.02005004882812,0.41963858008637567,47.73673629760742,66.02005004882812,0,1,1,1,-248.42221376426775,2,11.914693773761035,11.914693773761035,104.24754504595141,66.02005004882812,MISSED_PROTON,10553
2,1,1,87.49180030822754,72.07638549804688,43.74590015411377,21201.74343416529,15.415414810180664,72.07638549804688,0.17619268040974387,15.415414810180664,72.07638549804688,0,1,1,1,-21201.74343416529,2,0.0,0.0,3735.5920050252703,72.07638549804688,CLEAN,2130
2,1,1,64.71894264221191,41.62049865722656,32.35947132110596,38476.61702654131,23.09844398498535,41.62049865722656,0.35690391471135924,23.09844398498535,41.62049865722656,0,1,1,1,-38476.61702654131,2,0.0,0.0,13732.455241622332,41.62049865722656,CLEAN,19580
2,1,1,265.0174369812012,243.16131591796875,132.5087184906006,43641.93112961371,21.856121063232422,243.16131591796875,0.08247050198731931,21.856121063232422,243.16131591796875,0,1,1,1,-43641.93112961371,2,4.503324074780762,4.503324074780761,3599.17196795526,243.16131591796875,CLEAN,10030
3,1,2,634.7863006591797,436.14923095703125,211.5954335530599,34222.411612571275,436.14923095703125,198.63706970214844,0.6870804087991845,436.14923095703125,110.11283111572266,1,0,1,1,16118.941362783453,3,16.715635189978407,13.426326622307712,8184.2403275442,436.14923095703125,MISSED_PROTON,9294
6,3,3,605.0030670166016,196.66912841796875,100.83384450276692,24833.175000461957,303.2918930053711,301.71117401123047,0.5013063727114108,196.66912841796875,132.97097778320312,0,1,1,1,-8112.5161814533985,5,38.968793878184115,21.465362530588667,1249.5629163349233,95.64309692382812,BS_CROSS_DET,18427
3,2,1,423.0527925491333,255.18328857421875,141.01759751637778,29655.899671343115,167.86950397491455,255.18328857421875,0.39680509603400904,154.62734985351562,255.18328857421875,0,1,1,1,-9977.385485192868,3,21.649310411291264,15.308374199836578,4575.042888705642,255.18328857421875,CLEAN,4515
4,1,3,515.9123210906982,278.739990234375,128.97808027267456,45853.275910161516,11.681516647338867,504.2308044433594,0.022642445566414836,11.681516647338867,278.739990234375,0,1,1,1,-45853.275910161516,4,37.61023929729775,24.355493220216253,15527.278811858276,98.22767639160156,CLEAN,7245
4,3,1,631.2584819793701,414.0268249511719,157.81462049484253,23133.086663388873,485.3049144744873,145.9535675048828,0.76878953444359,414.0268249511719,145.9535675048828,1,1,0,1,12682.710523041194,3,34.6232949898058,26.85267760656695,14987.166742816631,61.99995422363281,BS_LOST,7295
2,1,1,140.61226177215576,126.9737548828125,70.30613088607788,51539.95904649743,13.638506889343262,126.9737548828125,0.09699372385775804,13.638506889343262,126.9737548828125,0,1,1,1,-51539.95904649743,2,0.0,0.0,4999.05255539613,126.9737548828125,CLEAN,6669
2,1,1,355.6176338195801,330.4268493652344,177.80881690979004,14170.91591710982,25.190784454345703,330.4268493652344,0.07083671353351971,25.190784454345703,330.4268493652344,0,1,1,1,-14170.91591710982,2,0.0,0.0,1003.821111327903,330.4268493652344,CLEAN,8956
3,1,2,968.0451698303223,799.1162719726562,322.6817232767741,20587.707935224233,16.898853302001953,951.1463165283203,0.01745667849875638,16.898853302001953,799.1162719726562,0,1,1,1,-20587.707935224233,3,31.772529328826042,22.46657094386136,13911.251445086878,152.03004455566406,CLEAN,17856
5,1,4,1520.2550506591797,716.7083129882812,304.05101013183594,37249.3034715553,351.9347229003906,1168.320327758789,0.23149715749853447,351.9347229003906,716.7083129882812,0,0,0,1,-9483.629628710823,5,38.760065859020415,25.28292799377477,-3168.9558839014617,254.77687072753906,MISSED_PROTON,13785
2,1,1,401.7429246902466,387.5227966308594,200.8714623451233,26027.40007606865,14.220128059387207,387.5227966308594,0.03539608835762638,14.220128059387207,387.5227966308594,0,1,1,1,-26027.40007606865,2,0.0,0.0,921.2681528118175,387.5227966308594,CLEAN,15619
2,1,1,304.79098320007324,278.5877685546875,152.39549160003662,27475.111005408144,26.203214645385742,278.5877685546875,0.08597109524130911,26.203214645385742,278.5877685546875,0,1,1,1,-27475.111005408144,2,0.0,0.0,2362.0653850114836,278.5877685546875,CLEAN,3874
3,1,2,453.942476272583,353.35491943359375,151.31415875752768,5103.1209094255855,19.195383071899414,434.7470932006836,0.04228593726129516,19.195383071899414,353.35491943359375,0,0,0,1,-5048.301191214447,3,30.022227165070735,21.228920414744493,-3919.836229644021,353.35491943359375,MISSED_ELECTRON,14760
3,1,2,391.0500011444092,294.3267517089844,130.35000038146973,41185.021593841906,27.122053146362305,363.9279479980469,0.06935699544045397,27.122053146362305,294.3267517089844,0,1,1,1,-41185.021593841906,3,6.0044666666666675,4.245799097408585,2856.470482615626,69.6011962890625,CLEAN,1293
2,1,1,60.84298276901245,53.520423889160156,30.421491384506226,19041.749534486116,7.322558879852295,53.520423889160156,0.1203517406050267,7.322558879852295,53.520423889160156,0,1,1,1,-19041.749534486116,2,0.0,0.0,2291.7077006403606,53.520423889160156,CLEAN,17704
3,1,2,248.06251525878906,95.87479400634766,82.68750508626302,253.91647009324535,68.46795654296875,179.5945587158203,0.27601089375208565,68.46795654296875,95.87479400634766,0,1,1,1,-253.91647009324535,3,15.600000000035614,11.62755810487405,70.08400143888203,83.71976470947266,MISSED_PROTON,4888
3,1,2,291.01953887939453,146.35897827148438,97.00651295979817,19756.893798299297,22.17810821533203,268.8414306640625,0.07620831336868818,22.17810821533203,146.35897827148438,0,0,0,1,-18667.952814766104,3,21.649310411291268,15.308374199836578,11358.75165135161,122.48245239257812,CLEAN,6257
3,1,2,384.7833938598633,142.67584228515625,128.2611312866211,47654.85636003949,142.67584228515625,242.10755157470703,0.3707952176780224,142.67584228515625,127.78288269042969,0,0,0,1,-8059.190062976844,3,19.686870716743627,15.308378075710335,9088.060857273771,127.78288269042969,MISSED_PROTON,19918
3,1,2,566.8126564025879,400.3296203613281,188.93755213419595,44610.88579927308,23.839038848876953,542.9736175537109,0.04205805671344235,23.839038848876953,400.3296203613281,0,1,1,1,-44610.88579927308,3,28.63935327396747,20.582185984540665,5498.918954449803,400.3296203613281,BS_SAME_DET,19178
5,1,4,670.4439373016357,321.7625732421875,134.08878746032715,43241.35051965449,22.560827255249023,647.8831100463867,0.03365057986212918,22.560827255249023,321.7625732421875,0,1,1,1,-43241.35051965449,5,32.021213755608954,22.353964586390486,8164.763667869921,27.30523681640625,CLEAN,789
3,1,2,788.8797006607056,390.9340515136719,262.95990022023517,40716.96965971521,14.620636940002441,774.2590637207031,0.018533417614570776,14.620636940002441,390.9340515136719,0,1,1,1,-40716.96965971521,3,31.630366738310197,22.666277857792767,19003.0866170943,383.32501220703125,CLEAN,15798
2,1,1,452.7102966308594,381.3624572753906,226.3551483154297,13613.49063101762,71.34783935546875,381.3624572753906,0.15760153874663443,71.34783935546875,381.3624572753906,0,1,1,1,-13613.49063101762,2,23.829383693719397,23.829383693719397,2145.507071161268,381.3624572753906,MISSED_PROTON,10235
2,1,1,338.32067489624023,319.1929626464844,169.16033744812012,21562.571085261196,19.12771224975586,319.1929626464844,0.056537225387192636,19.12771224975586,319.1929626464844,0,1,1,1,-21562.571085261196,2,4.503350000000001,4.50335,1219.087941374775,319.1929626464844,CLEAN,15266
2,1,1,942.3502197265625,725.4216918945312,471.17510986328125,12600.050283414063,725.4216918945312,216.92852783203125,0.7698005228937322,725.4216918945312,216.92852783203125,0,1,1,1,-12600.050283414063,2,27.02,27.02,9699.525296659463,216.92852783203125,MISSED_PROTON,8331
2,1,1,252.8520965576172,171.1596221923828,126.4260482788086,35.547134757379325,81.69247436523438,171.1596221923828,0.32308403006110403,81.69247436523438,171.1596221923828,0,1,1,1,-35.547134757379325,2,0.0,0.0,11.48471155453926,171.1596221923828,MISSED_PROTON,2259
4,1,3,299.0876121520996,132.09544372558594,74.7719030380249,37262.8580672777,9.667606353759766,289.42000579833984,0.032323660228506385,9.667606353759766,132.09544372558594,0,0,0,1,-29725.883022720336,4,35.38770305095401,20.75933029320792,21079.202432973878,117.5650634765625,CLEAN,2039
3,1,2,569.3387355804443,465.25225830078125,189.7795785268148,29599.983218332345,23.687299728393555,545.6514358520508,0.04160493261405129,23.687299728393555,465.25225830078125,0,0,0,1,-14872.253358155851,3,34.623336041141066,24.756968848566434,4798.721145209197,465.25225830078125,CLEAN,16725
4,2,2,524.4607162475586,193.07774353027344,131.11517906188965,41995.51688277126,311.48548889160156,212.97522735595703,0.5939157676484059,193.07774353027344,114.46302795410156,1,0,1,1,13721.87495574814,4,37.878904052552784,26.73705882604704,13392.808510121878,118.40774536132812,MISSED_PROTON,7952
2,1,1,149.14730644226074,135.87864685058594,74.57365322113037,56851.414302442565,13.268659591674805,135.87864685058594,0.08896345437395806,13.268659591674805,135.87864685058594,0,1,1,1,-56851.414302442565,2,4.503349074855292,4.503349074855291,5057.698202390336,135.87864685058594,CLEAN,2049
3,1,2,423.76061630249023,261.28424072265625,141.25353876749674,39984.94962103054,110.38749694824219,313.37311935424805,0.26049494148707064,110.38749694824219,261.28424072265625,1,0,1,1,31134.7190666577,3,33.0244265482385,25.826079669331673,24112.157256377373,110.38749694824219,MISSED_PROTON,13320
3,1,2,1444.7997436523438,1087.6177978515625,481.59991455078125,1013.6304822095334,163.41622924804688,1281.3835144042969,0.11310649103172118,163.41622924804688,1087.6177978515625,0,1,1,1,-1013.6304822095334,3,31.772546590413555,22.466583149646944,-736.939777162518,1087.6177978515625,MISSED_PROTON,14188
2,1,1,865.6192932128906,495.31329345703125,432.8096466064453,17373.403211203175,370.3059997558594,495.31329345703125,0.42779314493026926,370.3059997558594,495.31329345703125,0,1,1,1,-17373.403211203175,2,4.503324074780762,4.503324074780761,7432.222797862245,495.31329345703125,MISSED_PROTON,10722
3,2,1,329.6076545715332,250.72862243652344,109.86921819051106,27822.311645491987,296.8889694213867,32.718685150146484,0.9007344498941371,250.72862243652344,32.718685150146484,1,0,1,1,27822.311645491987,3,37.617725489292646,32.33491815322184,3096.583337610173,250.72862243652344,MISSED_PROTON,19778
2,1,1,257.36817359924316,226.93971252441406,128.68408679962158,6145.538296533763,30.4284610748291,226.93971252441406,0.11822930803484002,30.4284610748291,226.93971252441406,1,0,1,1,6145.538296533763,2,38.47650944264565,38.47650944264565,-726.5827403007962,30.4284610748291,MISSED_PROTON,6556
2,1,1,247.04272651672363,232.93064880371094,123.52136325836182,37316.4879556632,14.112077713012695,232.93064880371094,0.057124036444996786,14.112077713012695,232.93064880371094,1,0,1,1,37316.4879556632,2,25.073484215850417,25.073484215850417,35184.81953768461,14.112077713012695,DL_DEGRADED,9843
2,1,1,2071.9566345214844,1819.498046875,1035.9783172607422,26289.43080619184,1819.498046875,252.45858764648438,0.8781545021550177,1819.498046875,252.45858764648438,0,1,1,1,-26289.43080619184,2,22.51667037380305,22.51667037380305,23086.182021550176,252.45858764648438,MISSED_PROTON,3553
2,1,1,233.70417022705078,197.75949096679688,116.85208511352539,28236.975129935603,35.944679260253906,197.75949096679688,0.1538041842613786,35.944679260253906,197.75949096679688,0,1,1,1,-28236.975129935603,2,4.503324074780764,4.503324074780761,4342.96492586858,197.75949096679688,CLEAN,19059
2,1,1,394.98745346069336,345.95513916015625,197.49372673034668,31348.83192399237,49.03231430053711,345.95513916015625,0.12413638425964964,49.03231430053711,345.95513916015625,0,1,1,1,-31348.83192399237,2,7.800001602563937,7.8000016025639365,3891.5306458078885,345.95513916015625,MISSED_PROTON,2644
3,2,1,773.2976150512695,415.26708984375,257.76587168375653,40799.662442661735,433.0763626098633,340.22125244140625,0.5600384045942652,415.26708984375,340.22125244140625,0,1,1,1,-141.0152007251526,3,44.42882747846392,32.05495836146969,21912.99719218958,340.22125244140625,MISSED_PROTON,0
2,1,1,472.6401481628418,414.4896240234375,236.3200740814209,35081.52955705626,58.1505241394043,414.4896240234375,0.12303339943810554,58.1505241394043,414.4896240234375,0,1,1,1,-35081.52955705626,2,13.509997224278026,13.509997224278026,4316.199838893008,414.4896240234375,MISSED_PROTON,3324
6,1,5,889.5323066711426,269.76605224609375,148.25538444519043,54193.24909147032,166.91941833496094,722.6128883361816,0.18764851718496442,166.91941833496094,269.76605224609375,0,1,1,1,-54193.24909147032,6,45.3325778245899,32.47399563526432,9505.722395778124,161.71932983398438,MISSED_PROTON,14171
2,1,1,645.3325805664062,489.27679443359375,322.6662902832031,2123.196262199585,156.0557861328125,489.27679443359375,0.24182226472409446,156.0557861328125,489.27679443359375,1,0,1,1,2123.196262199585,2,13.509997224278026,13.509997224278026,-513.4361285788358,156.0557861328125,MISSED_PROTON,10263
4,1,3,818.5853614807129,314.1249694824219,204.64634037017822,36177.64971040519,17.705707550048828,800.8796539306641,0.021629641065192686,17.705707550048828,314.1249694824219,0,0,0,1,-20444.983282353558,4,42.18497393771418,26.73706681821839,20686.26019635902,314.1249694824219,CLEAN,8178
3,2,1,194.5182933807373,92.30093383789062,64.83943112691243,47275.712891411116,102.21735954284668,92.30093383789062,0.5254896995357303,77.1812515258789,92.30093383789062,0,1,1,1,-47.96190013534129,3,6.004465433140388,4.245798225173788,6103.804394800974,92.30093383789062,BS_CROSS_DET,2722
5,1,4,1167.2322883605957,607.8027954101562,233.44645767211915,31916.787126486626,134.7739715576172,1032.4583168029785,0.11546456767993481,134.7739715576172,607.8027954101562,0,0,0,1,-310.266942145061,5,16.509482119085384,10.807999199370807,4426.809372383277,607.8027954101562,MISSED_PROTON,11357
2,1,1,361.38846588134766,333.2397766113281,180.69423294067383,43587.973878347315,28.14868927001953,333.2397766113281,0.07789039199513746,28.14868927001953,333.2397766113281,0,1,1,1,-43587.973878347315,2,0.0,0.0,3395.0843716582845,333.2397766113281,CLEAN,9597
2,1,1,666.8634033203125,529.1273803710938,333.43170166015625,7841.609078968028,529.1273803710938,137.73602294921875,0.7934569174685083,529.1273803710938,137.73602294921875,0,1,1,1,-7841.609078968028,2,25.07348687802516,25.07348687802516,-1619.630111176988,137.73602294921875,MISSED_PROTON,13773
2,1,1,521.4153251647949,500.24761962890625,260.70766258239746,24934.699375476517,21.167705535888672,500.24761962890625,0.04059663096630033,21.167705535888672,500.24761962890625,0,1,1,1,-24934.699375476517,2,4.50334907485529,4.50334907485529,1012.2647888018596,500.24761962890625,CLEAN,13749
2,1,1,187.57088470458984,119.26226043701172,93.78544235229492,39.626681186326536,119.26226043701172,68.30862426757812,0.6358250142331039,119.26226043701172,68.30862426757812,0,1,1,1,-39.626681186326536,2,0.0,0.0,25.19563512930674,68.30862426757812,MISSED_PROTON,18254
2,1,1,706.6617126464844,393.63848876953125,353.3308563232422,7926.039667410386,313.0232238769531,393.63848876953125,0.4429604976116013,313.0232238769531,393.63848876953125,0,1,1,1,-7926.039667410386,2,19.629567690667564,19.629567690667564,3510.922475165395,393.63848876953125,MISSED_PROTON,17957
2,1,1,377.81231689453125,351.8998107910156,188.90615844726562,63616.21341407773,25.912506103515625,351.8998107910156,0.06858565733511877,25.912506103515625,351.8998107910156,0,1,1,1,-63616.21341407773,2,0.0,0.0,4363.159814175721,351.8998107910156,CLEAN,3824
2,1,1,366.480224609375,312.8043518066406,183.2401123046875,5008.209370043111,53.675872802734375,312.8043518066406,0.1464632173808193,53.675872802734375,312.8043518066406,1,0,1,1,5008.209370043111,2,19.629543471257808,19.629543471257808,4274.690912389831,53.675872802734375,MISSED_PROTON,6637
4,1,3,801.210319519043,404.43292236328125,200.30257987976074,22808.946774376025,404.43292236328125,396.7773971557617,0.5047774754150165,404.43292236328125,206.96969604492188,0,0,0,1,-9854.86775711492,4,38.410533047598086,29.616049375496978,1012.192828496412,55.047157287597656,MISSED_PROTON,1651
2,1,1,136.15374374389648,110.67842102050781,68.07687187194824,27600.607133695485,25.475322723388672,110.67842102050781,0.1871070307938608,25.475322723388672,110.67842102050781,0,1,1,1,-27600.607133695485,2,13.509997224278026,13.509997224278026,5164.267648893615,110.67842102050781,MISSED_PROTON,736
3,1,2,489.56853103637695,240.17483520507812,163.18951034545898,40929.74727522064,20.234683990478516,469.33384704589844,0.041331668004974356,20.234683990478516,240.17483520507812,0,0,0,1,-29130.895243265553,3,31.630367967789716,22.666272215538417,20362.572894519955,240.17483520507812,CLEAN,3994
4,1,3,536.1955280303955,321.81097412109375,134.04888200759888,34477.75643156761,15.061410903930664,521.1341171264648,0.028089400445497324,15.061410903930664,321.81097412109375,0,1,1,1,-34477.75643156761,4,49.382896605815105,29.44435528317567,-1181.2278280466442,154.10223388671875,CLEAN,15183
3,1,2,404.40267181396484,194.61972045898438,134.80089060465494,36114.803421452736,174.4904327392578,229.91223907470703,0.4314769532965096,174.4904327392578,194.61972045898438,1,0,1,1,12375.328502645822,3,15.886248097577282,13.426326622307716,18460.336635223535,174.4904327392578,MISSED_PROTON,4066
2,1,1,138.1432876586914,119.9052505493164,69.0716438293457,34301.15694826917,18.238037109375,119.9052505493164,0.13202260796366344,18.238037109375,119.9052505493164,0,1,1,1,-34301.15694826917,2,0.0,0.0,4528.52819648143,119.9052505493164,CLEAN,2509
2,1,1,162.7181396484375,94.94326782226562,81.35906982421875,36.68876444814207,94.94326782226562,67.77487182617188,0.5834829972085249,94.94326782226562,67.77487182617188,0,1,1,1,-36.68876444814207,2,0.0,0.0,21.407270244079506,67.77487182617188,MISSED_PROTON,9192
3,2,1,296.6663627624512,172.67572021484375,98.88878758748372,25096.10415043861,123.99064254760742,172.67572021484375,0.41794641425826257,77.97394561767578,172.67572021484375,0,1,1,1,-1734.3646708684403,3,15.600032072652214,11.627572925975949,2614.2074534786843,172.67572021484375,MISSED_PROTON,1336
2,1,1,590.0151519775391,524.0214233398438,295.00757598876953,10632.316342903461,524.0214233398438,65.99372863769531,0.8881490951266153,524.0214233398438,65.99372863769531,1,0,1,1,10632.316342903461,2,7.800001602563938,7.800001602563937,1189.234203853828,524.0214233398438,MISSED_PROTON,11326
4,1,3,504.33836555480957,220.27232360839844,126.08459138870239,24338.105395841303,17.095605850219727,487.24275970458984,0.033897095715518875,17.095605850219727,220.27232360839844,0,1,1,1,-24338.105395841303,4,18.430705619698884,11.258348242082405,-3373.4074651203578,200.84017944335938,BS_SAME_DET,13150
2,1,1,295.06710624694824,265.85955810546875,147.53355312347412,16496.84239425431,29.207548141479492,265.85955810546875,0.09898612052349558,29.207548141479492,265.85955810546875,0,1,1,1,-16496.84239425431,2,0.0,0.0,1632.958429494768,265.85955810546875,CLEAN,148
4,1,3,457.3127632141113,246.2158966064453,114.32819080352783,33000.383942395834,25.88492202758789,431.42784118652344,0.05660222961122279,25.88492202758789,246.2158966064453,0,1,1,1,-33000.383942395834,4,12.536726392483807,8.118493588098717,6652.322634446497,112.79174041748047,BS_SAME_DET,5924
4,1,3,1602.724772453308,1230.806640625,400.681193113327,26497.157119073796,14.219820976257324,1588.5049514770508,0.008872278772163041,14.219820976257324,1230.806640625,0,1,1,1,-26497.157119073796,4,21.479547567919116,20.759340083983883,9310.384424068186,283.2007141113281,CLEAN,3317
2,1,1,375.9723949432373,355.65826416015625,187.98619747161865,43260.00359302898,20.314130783081055,355.65826416015625,0.054030910397418926,20.314130783081055,355.65826416015625,0,1,1,1,-43260.00359302898,2,0.0,0.0,2337.3773779269695,355.65826416015625,CLEAN,151
3,2,1,391.6861095428467,305.6781311035156,130.56203651428223,37355.60941963819,322.0835475921631,69.6025619506836,0.8223001524564666,305.6781311035156,69.6025619506836,1,1,0,1,14486.829935929318,2,9.00665,9.00665,4138.913199380654,305.6781311035156,CLEAN,11652
3,1,2,681.6437377929688,321.31524658203125,227.2145792643229,37194.84758215711,89.43463134765625,592.2091064453125,0.13120436144140102,89.43463134765625,321.31524658203125,0,1,1,1,-37194.84758215711,3,31.630386950965015,22.666292083522517,4880.726702276606,321.31524658203125,MISSED_PROTON,5711
4,1,3,1224.3049392700195,733.326171875,306.0762348175049,31895.530510757362,23.189376831054688,1201.1155624389648,0.018940850508110455,23.189376831054688,733.326171875,0,1,1,1,-31895.530510757362,4,31.281146924145858,26.54677451009821,-7746.584912319761,733.326171875,CLEAN,10624
2,1,1,576.7346801757812,551.2247314453125,288.3673400878906,36153.81264655981,25.50994873046875,551.2247314453125,0.04423168851696875,25.50994873046875,551.2247314453125,0,1,1,1,-36153.81264655981,2,4.50335,4.50335,1599.1441796834793,551.2247314453125,CLEAN,18865
2,1,1,439.1709442138672,259.5179138183594,219.5854721069336,8806.13993521209,179.6530303955078,259.5179138183594,0.40907312462825524,179.6530303955078,259.5179138183594,1,0,1,1,8806.13993521209,2,36.86135524126182,36.86135524126182,-3602.3551792108706,179.6530303955078,MISSED_PROTON,4192
3,1,2,363.71370124816895,263.9189453125,121.23790041605632,14594.364068576682,19.717905044555664,343.9957962036133,0.0542127089985586,19.717905044555664,263.9189453125,0,1,1,1,-14594.364068576682,3,26.000000000021366,18.74886949877838,796.7329996614714,263.9189453125,CLEAN,3679
3,1,2,349.90726470947266,206.6158447265625,116.63575490315755,85370.07005335549,19.850852966308594,330.05641174316406,0.056731754291499834,19.850852966308594,206.6158447265625,0,1,1,1,-85370.07005335549,3,18.013333333333335,12.737350151773677,1948.9827034764287,123.44056701660156,CLEAN,11238
3,1,2,768.092113494873,459.95123291015625,256.030704498291,36719.63024122215,36.2767448425293,731.8153686523438,0.04722968014535075,36.2767448425293,459.95123291015625,0,1,1,1,-36719.63024122215,3,24.574245278091,19.914485112824003,-879.1774859432958,271.8641357421875,MISSED_PROTON,11308
3,1,2,721.0517120361328,270.5633544921875,240.35057067871094,24071.694146766546,258.2000427246094,462.85166931152344,0.35808810715599637,258.2000427246094,270.5633544921875,0,0,0,1,-33.04371455759765,3,51.30201778526844,36.276004664516186,6431.213342166484,270.5633544921875,MISSED_PROTON,18720
4,2,2,397.6093921661377,288.38153076171875,99.40234804153442,46069.73987601888,78.79465866088867,318.814733505249,0.19817101963216452,41.679832458496094,288.38153076171875,1,0,1,1,7989.445433730072,4,33.32164088097441,29.956480662235258,2174.6573528461886,37.11482620239258,MISSED_PROTON,18319
3,1,2,438.85583209991455,325.8959655761719,146.28527736663818,23292.897050883457,11.70512866973877,427.1507034301758,0.026671922334334745,11.70512866973877,325.8959655761719,0,1,1,1,-23292.897050883457,3,26.172746154816167,18.506926288344648,2475.396877797346,325.8959655761719,CLEAN,5025
3,1,2,848.8097267150879,418.6029052734375,282.936575571696,27330.267611786756,392.5228576660156,456.28686904907227,0.46243916075878116,392.5228576660156,418.6029052734375,1,0,1,1,26953.757956638223,3,37.49773859848084,27.51581376699588,14506.000362410672,392.5228576660156,MISSED_PROTON,19372
2,1,1,748.7109069824219,463.6767578125,374.35545349121094,26662.177520056444,285.0341491699219,463.6767578125,0.3806998756285166,285.0341491699219,463.6767578125,0,1,1,1,-26662.177520056444,2,25.073504838574124,25.073504838574124,10150.28766587092,463.6767578125,MISSED_PROTON,1655
3,1,2,678.1714782714844,516.7806396484375,226.05715942382812,31040.98076828059,79.53428649902344,598.6371917724609,0.1172775456463305,79.53428649902344,516.7806396484375,0,0,0,1,-38.11132279972493,3,42.03110300659633,29.720477956714554,23658.336523539896,81.85655212402344,MISSED_PROTON,19189
4,2,2,705.8789682388306,351.381103515625,176.46974205970764,41977.98519507552,293.7599115371704,412.11905670166016,0.4161618701717406,281.72088623046875,351.381103515625,0,0,0,1,-14114.514262066741,4,15.599981554496306,11.030857091218026,9723.361219482606,351.381103515625,CLEAN,5662
2,1,1,333.2542381286621,299.1019287109375,166.62711906433105,16831.99168130274,34.15230941772461,299.1019287109375,0.1024812455784558,34.15230941772461,299.1019287109375,0,1,1,1,-16831.99168130274,2,4.503324074780763,4.503324074780761,1724.9634730661112,299.1019287109375,CLEAN,2111
2,1,1,483.0372505187988,468.0248718261719,241.5186252593994,14157.113749524358,15.012378692626953,468.0248718261719,0.03107913246132288,15.012378692626953,468.0248718261719,0,1,1,1,-14157.113749524358,2,4.50334907485529,4.50334907485529,439.990813491483,468.0248718261719,CLEAN,12054
2,1,1,497.6919631958008,393.5779724121094,248.8459815979004,15980.88969454037,104.1139907836914,393.5779724121094,0.20919363478395397,104.1139907836914,393.5779724121094,0,1,1,1,-15980.88969454037,2,18.0133,18.0133,3343.100402282332,393.5779724121094,MISSED_PROTON,19369
4,1,3,420.2849006652832,241.6604766845703,105.0712251663208,9668.325140546753,33.92698669433594,386.35791397094727,0.08072378198843633,33.92698669433594,241.6604766845703,0,1,1,1,-9668.325140546753,4,18.430691594186037,11.258327501898316,-2286.927519645533,100.46611785888672,BS_CROSS_DET,1823
2,1,1,494.44371032714844,480.3432312011719,247.22185516357422,13816.223190732502,14.100479125976562,480.3432312011719,0.02851786529278932,14.100479125976562,480.3432312011719,0,1,1,1,-13816.223190732502,2,0.0,0.0,394.00919180842135,480.3432312011719,CLEAN,4672
3,1,2,549.8494033813477,248.31776428222656,183.28313446044922,15265.475011852532,74.1297378540039,475.71966552734375,0.13481825641373166,74.1297378540039,248.31776428222656,1,0,1,1,4269.618158857893,3,36.400003815628615,26.51490440404331,3971.9477113310763,74.1297378540039,MISSED_PROTON,1686
2,1,1,381.5559539794922,241.6015167236328,190.7779769897461,6.2924677628974495,139.95443725585938,241.6015167236328,0.3667992486978243,139.95443725585938,241.6015167236328,0,1,1,1,-6.2924677628974495,2,0.0,0.0,2.308072447886064,241.6015167236328,MISSED_PROTON,11742
2,1,1,280.0359344482422,152.3285675048828,140.0179672241211,32.44919047670525,127.70736694335938,152.3285675048828,0.4560392122353246,127.70736694335938,152.3285675048828,0,1,1,1,-32.44919047670525,2,0.0,0.0,14.79810326267066,152.3285675048828,MISSED_PROTON,13381
2,1,1,206.81586456298828,188.3081512451172,103.40793228149414,32580.33516056892,18.507713317871094,188.3081512451172,0.08948884727474253,18.507713317871094,188.3081512451172,0,1,1,1,-32580.33516056892,2,4.50335,4.50335,2915.5766373440765,188.3081512451172,CLEAN,4450
3,1,2,2553.412078857422,1574.4754638671875,851.1373596191406,27116.092401683578,1574.4754638671875,978.9366149902344,0.6166162825436777,1574.4754638671875,551.425537109375,0,1,1,1,-27116.092401683578,3,21.015575397415233,18.50695062156078,9321.536757828184,427.5110778808594,MISSED_PROTON,2538
3,1,2,393.7713871002197,224.5467987060547,131.25712903340658,14781.120827751749,21.3432559967041,372.4281311035156,0.05420215052667597,21.3432559967041,224.5467987060547,0,1,1,1,-14781.120827751749,3,6.004465433140386,4.245798225173789,808.2972218436843,224.5467987060547,BS_SAME_DET,1393
5,2,3,880.9576034545898,343.8816223144531,176.19152069091797,36419.51239293561,375.3595428466797,505.59806060791016,0.4260812794789938,343.8816223144531,340.4434814453125,0,1,1,1,-25467.16707485977,5,31.561916366969857,23.69285270663708,6494.440957027397,76.3736801147461,CLEAN,10020
3,1,2,775.4161720275879,404.0569763183594,258.4720573425293,37624.023164126964,16.58389663696289,758.832275390625,0.021387091519639943,16.58389663696289,404.0569763183594,0,0,0,1,-28722.891540530705,3,18.261798958755403,13.426339874291877,20219.576359949962,354.7752990722656,CLEAN,19177
4,2,2,1592.8401527404785,840.418212890625,398.21003818511963,33877.97928863216,246.63608169555664,1346.2040710449219,0.15484044727979748,216.804443359375,840.418212890625,0,1,1,1,-21056.847719813515,4,20.013242451702446,19.75827107155064,9990.383066738437,505.7858581542969,CLEAN,2090
4,2,2,459.27344512939453,280.4373474121094,114.81836128234863,39108.72595726333,305.98499298095703,153.2884521484375,0.6662370668845214,280.4373474121094,98.74330139160156,0,1,1,1,-43.34561488187279,4,5.9573468868805195,5.034858611408566,2205.3697141076427,54.54515075683594,BS_CROSS_DET,3938
3,1,2,609.0192565917969,449.63934326171875,203.00641886393228,31247.215814147195,28.4754638671875,580.5437927246094,0.04675626190630217,28.4754638671875,449.63934326171875,0,1,1,1,-31247.215814147195,3,31.772546590413558,22.466583149646944,-40.22218131222483,130.90444946289062,CLEAN,12467
2,1,1,382.6211242675781,357.3058166503906,191.31056213378906,31935.04780220592,25.3153076171875,357.3058166503906,0.0661628593184619,25.3153076171875,357.3058166503906,0,1,1,1,-31935.04780220592,2,20.636860832016094,20.636860832016094,2112.9140750657066,357.3058166503906,MISSED_PROTON,5955
3,2,1,592.8600196838379,476.3686828613281,197.6200065612793,54320.54486928608,116.49133682250977,476.3686828613281,0.19649045804207307,97.87715148925781,476.3686828613281,0,1,1,1,-88.963432548013,2,0.0,0.0,1720.203999433946,476.3686828613281,BS_CROSS_DET,7206
2,1,1,356.2690906524658,333.4540710449219,178.1345453262329,18139.802055194454,22.815019607543945,333.4540710449219,0.06403872860752771,22.815019607543945,333.4540710449219,0,1,1,1,-18139.802055194454,2,4.50334907485529,4.50334907485529,1161.649860806871,333.4540710449219,CLEAN,15004
3,1,2,450.188419342041,256.4596252441406,150.06280644734701,16217.559236150262,46.1618537902832,404.0265655517578,0.10253896325842773,46.1618537902832,256.4596252441406,1,0,1,1,12795.290763286852,3,41.27374712010583,34.49290920583856,-190.23291201603791,46.1618537902832,MISSED_PROTON,11377
2,1,1,360.28376388549805,340.0899353027344,180.14188194274902,23958.695937644985,20.193828582763672,340.0899353027344,0.056049787992060285,20.193828582763672,340.0899353027344,0,1,1,1,-23958.695937644985,2,0.0,0.0,1342.8798278712375,340.0899353027344,CLEAN,932
2,1,1,576.9045867919922,484.2034912109375,288.4522933959961,21817.3374696783,484.2034912109375,92.70109558105469,0.8393129510435339,484.2034912109375,92.70109558105469,1,0,1,1,21817.3374696783,2,35.74409916335842,35.74409916335842,3505.763574089939,484.2034912109375,MISSED_PROTON,7749
3,1,2,390.5429563522339,222.0258331298828,130.18098545074463,23726.36729170691,15.841876029968262,374.7010803222656,0.0405637223058258,15.841876029968262,222.0258331298828,0,0,0,1,-14466.413789903116,3,45.33255342466382,32.05495593508124,9862.177930621016,222.0258331298828,CLEAN,18009
4,2,2,675.8479661941528,481.1799011230469,168.9619915485382,38197.78157854823,29.11638355255127,646.7315826416016,0.04308126236809141,15.041805267333984,481.1799011230469,0,1,1,1,-21756.626701898396,4,27.30000560897378,20.264998612139106,4057.9927888096545,481.1799011230469,CLEAN,1100
3,1,2,460.3530502319336,304.7530517578125,153.45101674397787,40723.69507953787,46.13755798339844,414.21549224853516,0.1002221185678113,46.13755798339844,304.7530517578125,0,1,1,1,-40723.69507953787,3,26.684323268936595,24.756944372079165,13230.732336237976,304.7530517578125,MISSED_PROTON,4877
2,1,1,333.52576446533203,277.2897644042969,166.76288223266602,4777.452823026316,56.236000061035156,277.2897644042969,0.1686106623612298,56.236000061035156,277.2897644042969,1,0,1,1,4777.452823026316,2,15.600003205127875,15.600003205127875,-805.5294848899944,56.236000061035156,MISSED_PROTON,8559
4,1,3,601.4403743743896,396.25067138671875,150.3600935935974,30336.07532730332,16.477956771850586,584.9624176025391,0.027397490215037092,16.477956771850586,396.25067138671875,0,1,1,1,-30336.07532730332,4,35.17214087488136,21.12249675636145,-1086.9607499449928,78.92273712158203,CLEAN,14521
2,1,1,123.56663799285889,113.6927490234375,61.78331899642944,22693.903144701213,9.873888969421387,113.6927490234375,0.07990740162398863,9.873888969421387,113.6927490234375,0,1,1,1,-22693.903144701213,2,4.503324074780761,4.50332407478076,1813.4108329995383,113.6927490234375,CLEAN,2475
3,2,1,626.71630859375,404.9658203125,208.90543619791666,24687.107774149063,491.0685729980469,135.64773559570312,0.78355799308929,404.9658203125,135.64773559570312,1,1,0,1,34.35784567810983,3,27.51582090361834,19.456623550863085,3399.127276494852,404.9658203125,MISSED_PROTON,17088
2,1,1,568.4860229492188,291.7902526855469,284.2430114746094,6034.885375222241,276.6957702636719,291.7902526855469,0.4867239634638974,276.6957702636719,291.7902526855469,0,1,1,1,-6034.885375222241,2,23.40000480769181,23.40000480769181,2937.3233288784786,291.7902526855469,CLEAN,1361
3,1,2,480.77669525146484,186.72769165039062,160.25889841715494,23803.541825585904,178.9637908935547,301.81290435791016,0.3722389056315421,178.9637908935547,186.72769165039062,0,1,1,1,-23803.541825585904,3,34.62330907044816,24.7569529084031,8860.604863367047,115.08521270751953,MISSED_PROTON,17263
2,1,1,302.6266088485718,292.578125,151.3133044242859,34639.14737060287,10.048483848571777,292.578125,0.03320423107143178,10.048483848571777,292.578125,0,1,1,1,-34639.14737060287,2,4.503324074780762,4.503324074780761,1150.1662534108762,292.578125,CLEAN,2751
6,1,5,3050.728021621704,1633.0418701171875,508.454670270284,40862.70251185011,13.036882400512695,3037.6911392211914,0.004273367638188395,13.036882400512695,1633.0418701171875,0,0,0,1,-29128.56827481668,6,34.62331955792223,27.10326061110237,17950.2382422026,439.3016052246094,CLEAN,7609
3,2,1,409.9241123199463,216.84768676757812,136.64137077331543,28777.774643478115,247.8451633453369,162.07894897460938,0.6046123072455261,216.84768676757812,162.07894897460938,0,1,1,1,-29.06759295433184,2,0.0,0.0,2191.482786116581,162.07894897460938,BS_CROSS_DET,18052
2,1,1,272.88360595703125,247.73760986328125,136.44180297851562,55091.64399188957,25.14599609375,247.73760986328125,0.0921491637636507,25.14599609375,247.73760986328125,0,1,1,1,-55091.64399188957,2,4.503324074780764,4.503324074780762,5076.648924217376,247.73760986328125,CLEAN,14403
2,1,1,300.1582489013672,241.33995056152344,150.0791244506836,8728.382623579602,58.81829833984375,241.33995056152344,0.19595762753523926,58.81829833984375,241.33995056152344,0,1,1,1,-8728.382623579602,2,13.509997224278028,13.509997224278028,-7017.989472443136,241.33995056152344,MISSED_PROTON,5528
3,2,1,638.5153789520264,319.9922790527344,212.83845965067545,34775.17234570469,318.523099899292,319.9922790527344,0.4988495350293256,304.7431945800781,319.9922790527344,0,1,1,1,-28064.706220446264,3,13.757896310482938,10.399990733649718,17202.758883051767,319.9922790527344,CLEAN,7154
2,1,1,760.5416564941406,589.0626220703125,380.2708282470703,10685.53578801981,589.0626220703125,171.47903442382812,0.7745303850754305,589.0626220703125,171.47903442382812,1,0,1,1,10685.53578801981,2,9.006648149561522,9.006648149561522,2409.263639387533,589.0626220703125,MISSED_PROTON,14159
2,1,1,110.43806457519531,68.22600555419922,55.219032287597656,43.163082270546745,68.22600555419922,42.212059020996094,0.6177761790432804,68.22600555419922,42.212059020996094,0,1,1,1,-43.163082270546745,2,0.0,0.0,26.665124040829127,42.212059020996094,MISSED_PROTON,10402
3,1,2,354.3361930847168,187.645751953125,118.11206436157227,72784.80772334257,33.226985931396484,321.1092071533203,0.09377248663800025,33.226985931396484,187.645751953125,0,1,1,1,-72784.80772334257,2,0.0,0.0,21169.369978075625,187.645751953125,CLEAN,10611
2,1,1,634.5869598388672,443.9494323730469,317.2934799194336,31649.279712043008,443.9494323730469,190.6375274658203,0.6995880162519782,443.9494323730469,190.6375274658203,0,1,1,1,-31649.279712043008,2,27.392702548124017,27.392702548124017,22141.456809552146,190.6375274658203,MISSED_PROTON,6242
2,1,1,599.1529235839844,384.50274658203125,299.5764617919922,2628.8709917900173,214.65017700195312,384.50274658203125,0.3582560787953248,214.65017700195312,384.50274658203125,0,1,1,1,-2628.8709917900173,2,29.530336574825895,29.530336574825895,941.809013177468,384.50274658203125,MISSED_PROTON,4730
2,1,1,440.56175231933594,372.5670166015625,220.28087615966797,23980.952112053183,372.5670166015625,67.99473571777344,0.8456635525898121,372.5670166015625,67.99473571777344,1,0,1,1,23980.952112053183,2,15.6,15.599999999999998,3701.134954488132,372.5670166015625,MISSED_PROTON,10653
2,1,1,939.4458312988281,528.4953002929688,469.72291564941406,8871.958504672022,528.4953002929688,410.9505310058594,0.5625606955563357,528.4953002929688,410.9505310058594,0,1,1,1,-8871.958504672022,2,22.51667037380305,22.51667037380305,-3880.9433573367814,410.9505310058594,MISSED_PROTON,4300
3,1,2,283.98637771606445,137.4386749267578,94.66212590535481,57.62919627122014,92.83780670166016,191.1485710144043,0.3269093660347376,92.83780670166016,137.4386749267578,0,1,1,1,-57.62919627122014,3,6.004465433140386,4.245798225173788,22.604974256780967,137.4386749267578,MISSED_PROTON,3300
4,1,3,2118.142463684082,1118.3887939453125,529.5356159210205,38723.8706089797,284.1344909667969,1834.0079727172852,0.13414323910611856,284.1344909667969,1118.3887939453125,1,0,1,1,15087.53167804754,4,46.52838821235913,36.93007773069264,25857.54143148224,284.1344909667969,MISSED_PROTON,4384
2,1,1,260.6436061859131,239.11923217773438,130.32180309295654,14907.7765282431,21.52437400817871,239.11923217773438,0.08258163061489299,21.52437400817871,239.11923217773438,0,1,1,1,-14907.7765282431,2,4.50334907485529,4.50334907485529,1231.1084945447433,239.11923217773438,CLEAN,2218
3,1,2,787.6647243499756,530.0160522460938,262.5549081166585,34282.42575465584,24.10304832458496,763.5616760253906,0.03060064463909581,24.10304832458496,530.0160522460938,0,1,1,1,-34282.42575465584,3,27.515820903618337,19.456623550863082,21283.700442079073,233.54562377929688,CLEAN,12941
2,1,1,1023.2516479492188,669.03515625,511.6258239746094,36829.41422480076,354.21649169921875,669.03515625,0.34616752624746083,354.21649169921875,669.03515625,1,0,1,1,36829.41422480076,2,9.006673149531961,9.006673149531961,24080.26700945844,354.21649169921875,MISSED_PROTON,17384
3,2,1,244.7326717376709,189.27273559570312,81.5775572458903,75695.47341897117,55.45993614196777,189.27273559570312,0.22661435331942648,38.0769157409668,189.27273559570312,0,1,1,1,-27830.176211560625,3,6.0044666666666675,4.245799097408585,9706.522698839159,189.27273559570312,CLEAN,6312
2,1,1,533.8226203918457,520.1015014648438,266.91131019592285,15542.462220779189,13.721118927001953,520.1015014648438,0.025703517241232942,13.721118927001953,520.1015014648438,0,1,1,1,-15542.462220779189,2,0.0,0.0,399.4959456630095,520.1015014648438,CLEAN,11629
2,1,1,319.69160652160645,295.03582763671875,159.84580326080322,15731.406166172434,24.655778884887695,295.03582763671875,0.07712363534705853,24.655778884887695,295.03582763671875,0,1,1,1,-15731.406166172434,2,4.503324074780762,4.503324074780761,1213.2632326563507,295.03582763671875,CLEAN,18162
5,1,4,769.9867858886719,256.2984619140625,153.9973571777344,29274.184214318844,198.6653594970703,571.3214263916016,0.25801138816659414,198.6653594970703,256.2984619140625,0,0,0,1,-29.959712083317505,4,29.44437957192552,20.265007100711188,7293.649303866493,256.2984619140625,MISSED_PROTON,18538
2,1,1,281.44228744506836,263.017822265625,140.72114372253418,16024.099205103468,18.42446517944336,263.017822265625,0.06546445222109498,18.42446517944336,263.017822265625,0,1,1,1,-16024.099205103468,2,0.0,0.0,1049.0088767985822,263.017822265625,CLEAN,18874
3,1,2,814.35009765625,367.432373046875,271.4500325520833,17209.413238044657,307.9742431640625,506.3758544921875,0.37818408083996236,307.9742431640625,367.432373046875,0,0,0,1,-11919.004478677842,3,25.650975730975833,20.582185984540665,353.4099990171991,138.9434814453125,MISSED_PROTON,12152
4,2,2,912.6537609100342,600.1002807617188,228.16344022750854,52936.623101813,611.6108379364014,301.0429229736328,0.6701455295889495,600.1002807617188,234.2357177734375,0,1,1,1,-15034.787033283714,4,26.546731943687533,23.93553750064953,11672.49236624096,234.2357177734375,CLEAN,10215
3,1,2,644.3742866516113,475.4310607910156,214.79142888387045,47277.63948987965,140.13259887695312,504.2416877746582,0.2174708112658094,140.13259887695312,475.4310607910156,0,1,1,1,-47277.63948987965,3,18.261813974916194,16.16746351912452,7300.677111665086,28.810626983642578,MISSED_PROTON,19308
2,1,1,381.1853036880493,370.24456787109375,190.59265184402466,40567.2793588672,10.940735816955566,370.24456787109375,0.028701882551875973,10.940735816955566,370.24456787109375,0,1,1,1,-40567.2793588672,2,4.503324074780762,4.503324074780761,1164.3572876073488,370.24456787109375,CLEAN,4421
2,1,1,121.88093757629395,94.36521911621094,60.94046878814697,29130.40644112256,27.515718460083008,94.36521911621094,0.22575899896453425,27.515718460083008,94.36521911621094,0,1,1,1,-29130.40644112256,2,0.0,0.0,6576.451397577849,94.36521911621094,BS_SAME_DET,18159
4,2,2,1651.9668788909912,750.2932739257812,412.9917197227478,25248.586431264324,522.0422878265381,1129.9245910644531,0.3160125632645848,490.4040832519531,750.2932739257812,0,1,1,1,-21378.731946443324,4,22.85192107290982,18.703740432531134,-617.4967063313434,750.2932739257812,CLEAN,19264
3,1,2,447.7486686706543,235.31369018554688,149.24955622355142,15501.099984163133,169.03851318359375,278.71015548706055,0.3775299068682024,169.03851318359375,235.31369018554688,1,0,1,1,28.352869292752512,3,15.886258365014712,11.23328101758342,1517.2904207971385,169.03851318359375,MISSED_PROTON,14000
5,1,4,851.0383472442627,290.643310546875,170.20766944885253,17769.564009158647,19.992380142211914,831.0459671020508,0.023491750056797094,19.992380142211914,290.643310546875,0,0,0,1,-17759.78414618009,5,30.08817866073651,21.389644471416535,7075.915366341602,265.2091064453125,CLEAN,11242
5,2,3,3021.4990615844727,1584.501708984375,604.2998123168945,39525.13369582167,167.32398223876953,2854.175079345703,0.05537780380809548,121.3649673461914,1584.501708984375,0,0,0,1,-6072.075925359703,5,43.71712572539508,25.854001081302677,10392.633902296806,1584.501708984375,MISSED_PROTON,18634
3,1,2,802.8790130615234,507.4230651855469,267.6263376871745,45106.17655146035,507.4230651855469,295.45594787597656,0.6320043953455087,507.4230651855469,163.06268310546875,1,0,1,1,12759.40781596646,3,34.623304247107576,26.344381335980458,-2730.079464779254,507.4230651855469,MISSED_PROTON,15430
2,1,1,569.2059631347656,494.2529602050781,284.6029815673828,13880.211172364685,494.2529602050781,74.9530029296875,0.8683200672795103,494.2529602050781,74.9530029296875,1,0,1,1,13880.211172364685,2,19.629599763877003,19.629599763877,1827.7452733231717,494.2529602050781,MISSED_PROTON,16012
4,2,2,1294.9137268066406,636.2704467773438,323.72843170166016,42105.44416807468,586.3765258789062,708.5372009277344,0.45283057375950214,366.1754150390625,636.2704467773438,1,0,1,1,25405.40592756306,4,37.610272717379026,33.47342604569892,12812.117493252561,220.20111083984375,MISSED_PROTON,18206
2,1,1,626.6541900634766,604.5167236328125,313.3270950317383,28746.98785836392,22.137466430664062,604.5167236328125,0.03532644763521275,22.137466430664062,604.5167236328125,0,1,1,1,-28746.98785836392,2,0.0,0.0,1015.5289612485897,604.5167236328125,CLEAN,6191
2,1,1,364.4495544433594,269.7188720703125,182.2247772216797,37973.227934371855,94.73068237304688,269.7188720703125,0.25992810587389364,94.73068237304688,269.7188720703125,1,0,1,1,37973.227934371855,2,16.236985893015984,16.236985893015984,28102.918723472954,94.73068237304688,MISSED_PROTON,6360
3,1,2,199.32818794250488,150.49560546875,66.44272931416829,28638.477432075204,20.6326847076416,178.69550323486328,0.10351112364294901,20.6326847076416,150.49560546875,0,1,1,1,-28638.477432075204,3,34.62330907044816,24.7569529084031,4770.798316564913,150.49560546875,CLEAN,3668
2,1,1,396.7625160217285,337.3246154785156,198.38125801086426,4442.556325232317,59.43790054321289,337.3246154785156,0.14980724776923685,59.43790054321289,337.3246154785156,1,0,1,1,4442.556325232317,2,7.800001602563937,7.8000016025639365,-665.5271361428681,59.43790054321289,MISSED_PROTON,531
2,1,1,985.3181457519531,579.6924438476562,492.65907287597656,40722.23386916227,579.6924438476562,405.6257019042969,0.5883302224229916,579.6924438476562,405.6257019042969,0,1,1,1,-40722.23386916227,2,16.23703134473787,16.23703134473787,23958.12090980532,405.6257019042969,MISSED_PROTON,8122
2,1,1,177.44992446899414,146.8330535888672,88.72496223449707,44445.87010401465,30.616870880126953,146.8330535888672,0.17253808910736756,30.616870880126953,146.8330535888672,0,1,1,1,-44445.87010401465,2,0.0,0.0,7668.605496460963,146.8330535888672,CLEAN,1249
2,1,1,97.13302040100098,71.48092651367188,48.56651020050049,41.1755743836554,25.6520938873291,71.48092651367188,0.2640924145200858,25.6520938873291,71.48092651367188,1,0,1,1,41.1755743836554,2,0.0,0.0,30.30141752542445,25.6520938873291,MISSED_ELECTRON,3914
2,1,1,532.5452880859375,306.4404602050781,266.27264404296875,25601.687520384316,226.10482788085938,306.4404602050781,0.42457389622865754,226.10482788085938,306.4404602050781,0,1,1,1,-25601.687520384316,2,27.392702548124014,27.392702548124014,10869.808220558169,306.4404602050781,MISSED_PROTON,5695
2,1,1,527.3890037536621,498.5809020996094,263.69450187683105,18689.7599581907,28.808101654052734,498.5809020996094,0.054624008936501635,28.808101654052734,498.5809020996094,0,1,1,1,-18689.7599581907,2,0.0,0.0,1020.9096149772793,498.5809020996094,CLEAN,18633
2,1,1,983.3068542480469,687.376708984375,491.65342712402344,27885.244648770033,687.376708984375,295.9301452636719,0.699045985507774,687.376708984375,295.9301452636719,0,1,1,1,-27885.244648770033,2,35.744090770363705,35.744090770363705,19493.068326624827,295.9301452636719,MISSED_PROTON,18577
2,1,1,95.16399574279785,63.660091400146484,47.581997871398926,62632.8955099395,31.503904342651367,63.660091400146484,0.33104856618040474,31.503904342651367,63.660091400146484,0,1,1,1,-62632.8955099395,2,4.50334907485529,4.50334907485529,20734.530254292582,63.660091400146484,CLEAN,8299
3,1,2,545.2013511657715,414.79046630859375,181.73378372192383,670.5344187358559,414.79046630859375,130.41088485717773,0.7608023447147959,414.79046630859375,69.8122329711914,1,0,1,1,633.0042292239098,3,41.27376408811185,29.41567189128196,-477.41965416829174,414.79046630859375,MISSED_PROTON,11390
3,1,2,746.5514144897461,429.45831298828125,248.85047149658203,38545.68980470755,22.27935028076172,724.2720642089844,0.029843021991980603,22.27935028076172,429.45831298828125,0,1,1,1,-38545.68980470755,3,33.43128767128182,23.6394902161616,-1240.409130119729,294.8137512207031,CLEAN,3650
2,1,1,403.5830030441284,388.02838134765625,201.7915015220642,22859.113674708893,15.554621696472168,388.02838134765625,0.03854132007331191,15.554621696472168,388.02838134765625,0,1,1,1,-22859.113674708893,2,4.5033,4.5033,881.0204167291766,388.02838134765625,CLEAN,1447
2,1,1,319.4947624206543,302.8552551269531,159.74738121032715,14324.345481208276,16.639507293701172,302.8552551269531,0.052080688796372836,16.639507293701172,302.8552551269531,0,1,1,1,-14324.345481208276,2,0.0,0.0,746.0217792185379,302.8552551269531,CLEAN,12178
4,1,3,1336.2448272705078,714.6621704101562,334.06120681762695,9681.071588379338,232.2877197265625,1103.9571075439453,0.1738361975185693,232.2877197265625,714.6621704101562,0,0,0,1,-6026.178613189442,4,28.74735108763284,27.851571170525997,890.6466733266711,241.6834259033203,MISSED_PROTON,7164
3,1,2,454.36157989501953,231.9909210205078,151.4538599650065,174.81853741967146,231.9909210205078,222.37065887451172,0.5105865708850414,231.9909210205078,139.77120971679688,0,0,0,1,-29.190530243439678,3,30.022227165070735,21.228920414744493,46.684961555455,139.77120971679688,MISSED_PROTON,19142
4,2,2,455.07297706604004,259.6413269042969,113.76824426651001,55924.06660788367,284.81752586364746,170.25545120239258,0.6258722012015115,259.6413269042969,112.87677001953125,0,1,1,1,-17257.143575020043,4,20.6368690152025,14.935862089677817,16683.31230316616,112.87677001953125,CLEAN,14679
2,1,1,142.37123107910156,77.84757995605469,71.18561553955078,2654.8262905803344,77.84757995605469,64.52365112304688,0.5467929115033255,77.84757995605469,64.52365112304688,0,1,1,1,-2654.8262905803344,2,15.600003205127875,15.600003205127875,-1203.1860936183398,64.52365112304688,MISSED_PROTON,3614
3,2,1,367.39773178100586,247.92947387695312,122.46591059366862,37468.293065384845,279.0452308654785,88.35250091552734,0.7595181100132881,247.92947387695312,88.35250091552734,1,0,1,1,37468.293065384845,3,24.574251761843012,17.76138723867655,9010.44601158716,247.92947387695312,CLEAN,3234
5,1,4,849.3270530700684,400.86468505859375,169.86541061401368,41399.94020173786,12.111827850341797,837.2152252197266,0.014260499305374872,12.111827850341797,400.86468505859375,0,0,0,1,-19075.05872181636,5,28.31016244076321,18.28153105430724,21035.713587787293,136.5951690673828,CLEAN,6126
2,1,1,109.45836067199707,90.28642272949219,54.729180335998535,57295.145205845016,19.171937942504883,90.28642272949219,0.17515279623048177,19.171937942504883,90.28642272949219,0,1,1,1,-57295.145205845016,2,4.503349074855292,4.50334907485529,10035.404893235238,90.28642272949219,CLEAN,11957
3,2,1,658.123327255249,328.3813781738281,219.37444241841635,14938.621702553926,329.7419490814209,328.3813781738281,0.5010336747318068,311.8363037109375,328.3813781738281,0,1,1,1,-26.662634493424278,3,6.004432099707681,4.245774654877481,419.07045153315977,328.3813781738281,BS_CROSS_DET,8271
3,2,1,410.89441299438477,193.655029296875,136.96480433146158,39014.87702610505,350.6181182861328,60.27629470825195,0.8533046622148263,193.655029296875,60.27629470825195,1,0,1,1,39014.87702610505,3,23.448113832910124,16.983142484305496,5743.207368887849,193.655029296875,MISSED_PROTON,5963
2,1,1,536.0077476501465,516.1712036132812,268.00387382507324,17047.02297314494,19.836544036865234,516.1712036132812,0.037007942746776476,19.836544036865234,516.1712036132812,0,1,1,1,-17047.02297314494,2,4.50334907485529,4.50334907485529,630.8752501931313,516.1712036132812,CLEAN,7129
3,2,1,1384.707534790039,769.25634765625,461.5691782633464,32039.01188028931,912.4809112548828,472.22662353515625,0.6589701350857752,769.25634765625,472.22662353515625,0,1,1,1,-20624.824235789423,3,23.44809802969102,19.223594940072992,14771.74778316117,472.22662353515625,MISSED_PROTON,3948
2,1,1,298.88691234588623,283.846923828125,149.44345617294312,14521.229372236894,15.03998851776123,283.846923828125,0.0503199969504059,15.03998851776123,283.846923828125,0,1,1,1,-14521.229372236894,2,4.503324074780762,4.50332407478076,730.7082177271051,283.846923828125,CLEAN,1273
3,1,2,610.2513771057129,489.4375915527344,203.4171257019043,53741.34194941427,26.11312484741211,584.1382522583008,0.04279076758705712,26.11312484741211,489.4375915527344,0,1,1,1,-53741.34194941427,3,35.395655834453905,25.297160471132372,4825.461679706634,489.4375915527344,CLEAN,4851
4,1,3,1607.221767425537,1210.2132568359375,401.8054418563843,53007.05056425514,38.5059700012207,1568.7157974243164,0.02395809388700598,38.5059700012207,1210.2132568359375,0,0,0,1,-11675.942940824934,4,29.271657337869083,22.403789945383682,-6142.279002375009,1210.2132568359375,BS_CROSS_DET,12737
2,1,1,269.9961242675781,153.82603454589844,134.99806213378906,33.398357368931464,116.17008972167969,153.82603454589844,0.43026576783950415,116.17008972167969,153.82603454589844,1,0,1,1,33.398357368931464,2,0.0,0.0,19.028187491010005,116.17008972167969,MISSED_PROTON,15286
3,1,2,606.7850952148438,240.78289794921875,202.2616984049479,17375.940238132258,240.78289794921875,366.002197265625,0.3968174232492725,240.78289794921875,217.25645446777344,0,0,0,1,-27.46129949290082,3,15.600000000035614,11.62755810487405,6232.26808020873,148.74574279785156,BS_CROSS_DET,12161
5,1,4,1544.471923828125,994.88623046875,308.894384765625,48994.33405217314,54.01588439941406,1490.456039428711,0.03497369137376768,54.01588439941406,994.88623046875,0,1,1,1,-48994.33405217314,5,38.339203173775005,28.310167861671182,1156.759175440623,173.78538513183594,MISSED_PROTON,17602
2,1,1,277.9977436065674,252.97854614257812,138.9988718032837,24228.896347248578,25.019197463989258,252.97854614257812,0.0899978436493979,25.019197463989258,252.97854614257812,0,1,1,1,-24228.896347248578,2,16.23698280846845,16.236982808468447,2180.5484252571455,252.97854614257812,MISSED_PROTON,11823
3,1,2,935.0680599212646,625.4552612304688,311.6893533070882,29701.063622557667,29.257299423217773,905.8107604980469,0.031288951764304004,29.257299423217773,625.4552612304688,0,0,0,1,-18697.03627991397,3,33.431353526559136,23.639536782874764,9490.091352490075,625.4552612304688,CLEAN,14926
2,1,1,581.4361019134521,556.5225830078125,290.7180509567261,35207.29895246179,24.91351890563965,556.5225830078125,0.04284824905720779,24.91351890563965,556.5225830078125,0,1,1,1,-35207.29895246179,2,0.0,0.0,1508.5711141466536,556.5225830078125,CLEAN,4388
4,2,2,518.9055404663086,198.80470275878906,129.72638511657715,6934.247410104602,291.1450500488281,227.76049041748047,0.5610752388328595,148.56402587890625,198.80470275878906,0,0,0,1,-6440.919209989422,4,18.430672023084234,11.258323242050745,-127.57416218423812,28.955787658691406,MISSED_PROTON,10573
3,1,2,900.7063045501709,494.4672546386719,300.23543485005695,22152.201610568376,18.48163414001465,882.2246704101562,0.02051904604936091,18.48163414001465,494.4672546386719,0,0,0,1,-13913.751991209703,3,51.30197357646195,36.27597340416932,12446.551258454187,387.7574157714844,CLEAN,13614
2,1,1,252.30647468566895,227.60101318359375,126.15323734283447,19813.186859666694,24.705461502075195,227.60101318359375,0.09791846020937041,24.705461502075195,227.60101318359375,0,1,1,1,-19813.186859666694,2,4.50334907485529,4.50334907485529,1940.0767491390936,227.60101318359375,CLEAN,16380
3,1,2,837.0122756958008,461.53240966796875,279.0040918986003,38735.63197866339,20.74335479736328,816.2689208984375,0.024782617172632884,20.74335479736328,461.53240966796875,0,1,1,1,-38735.63197866339,3,6.004466666666669,4.245799097408585,9022.324359151298,354.73651123046875,CLEAN,15735
2,1,1,518.0025863647461,399.6385803222656,259.00129318237305,9371.586933208262,399.6385803222656,118.36400604248047,0.771499198733468,399.6385803222656,118.36400604248047,0,1,1,1,-9371.586933208262,2,31.523318523316988,31.523318523316988,-2141.41512337705,118.36400604248047,MISSED_PROTON,17247
2,1,1,222.62202835083008,203.22265625,111.31101417541504,43980.90627225097,19.399372100830078,203.22265625,0.08714039776090174,19.399372100830078,203.22265625,0,1,1,1,-43980.90627225097,2,4.50334907485529,4.50334907485529,3832.513666448888,203.22265625,CLEAN,3523
2,1,1,548.2126789093018,522.8505859375,274.1063394546509,15151.81226788584,25.362092971801758,522.8505859375,0.046263236782959835,25.362092971801758,522.8505859375,0,1,1,1,-15151.81226788584,2,4.503299999999999,4.503299999999999,700.9718786401583,522.8505859375,CLEAN,14183
4,1,3,1323.1106147766113,1093.7008056640625,330.77765369415283,40243.70421877005,71.03569030761719,1252.0749244689941,0.05368839877353003,71.03569030761719,1093.7008056640625,0,0,0,1,-38.61268837563705,4,43.48689312230324,34.80990197827157,35437.23794764129,50.4109001159668,MISSED_PROTON,919
2,1,1,603.8640441894531,319.40765380859375,301.93202209472656,6643.198997625241,284.4563903808594,319.40765380859375,0.4710603208089262,284.4563903808594,319.40765380859375,1,0,1,1,6643.198997625241,2,11.914686073182962,11.914686073182962,3513.8515466063577,284.4563903808594,MISSED_PROTON,11621
2,1,1,590.8597087860107,570.94873046875,295.42985439300537,15441.529018378362,19.910978317260742,570.94873046875,0.03369831792756717,19.910978317260742,570.94873046875,0,1,1,1,-15441.529018378362,2,4.50335,4.50335,520.3535541490681,570.94873046875,CLEAN,1154
3,2,1,806.229663848877,442.52740478515625,268.743221282959,27234.297365548984,363.7022590637207,442.52740478515625,0.4511149556659014,304.9248046875,442.52740478515625,1,0,1,1,27234.297365548984,3,42.03110300659633,30.6167701960144,16832.911193035503,304.9248046875,MISSED_PROTON,12932
3,2,1,3221.3257789611816,1948.0523681640625,1073.7752596537273,8831.208085349957,3164.0391845703125,57.28659439086914,0.982216454242221,1948.0523681640625,57.28659439086914,0,1,1,1,-3330.3777962039435,3,31.772543088665582,23.639523612844275,6597.7031745933855,57.28659439086914,MISSED_PROTON,18174
2,1,1,527.1196746826172,322.22833251953125,263.5598373413086,39588.03474650795,322.22833251953125,204.89134216308594,0.6113001430150514,322.22833251953125,204.89134216308594,0,1,1,1,-39588.03474650795,2,4.503349074855292,4.503349074855291,24200.17130222513,204.89134216308594,MISSED_PROTON,13509
4,2,2,183.50186920166016,98.4981460571289,45.87546730041504,33411.52781701441,19.914337158203125,163.58753204345703,0.1085238926711868,12.569391250610352,98.4981460571289,0,0,0,1,-112.69998184107716,4,39.25917870880643,22.962599797170178,14106.419165101535,98.4981460571289,BS_CROSS_DET,2375
3,2,1,229.5760498046875,115.40888214111328,76.52534993489583,13483.886201512905,160.23253631591797,69.34351348876953,0.6979497053470354,115.40888214111328,69.34351348876953,1,0,1,1,13483.886201512905,3,27.515820903618337,19.456623550863082,-6741.88163519124,115.40888214111328,MISSED_PROTON,10681
5,1,4,719.8447113037109,326.9688720703125,143.96894226074218,39515.10837675296,19.592365264892578,700.2523460388184,0.027217488657253368,19.592365264892578,326.9688720703125,0,0,0,1,-19593.319860306285,5,24.23445872930526,14.96299729511437,4793.493433674179,239.3477020263672,CLEAN,7275
3,2,1,743.1704082489014,659.327392578125,247.72346941630045,30910.400733229464,83.84301567077637,659.327392578125,0.11281802227342697,62.372074127197266,659.327392578125,1,1,0,1,6361.586671911597,3,36.89191165025201,26.344383166436067,175.33098029926978,62.372074127197266,CLEAN,710
2,1,1,231.13404655456543,211.57904052734375,115.56702327728271,29420.166220164418,19.55500602722168,211.57904052734375,0.08460461069548744,19.55500602722168,211.57904052734375,0,1,1,1,-29420.166220164418,2,0.0,0.0,2489.081709653541,211.57904052734375,CLEAN,15881
2,1,1,998.1581420898438,538.564697265625,499.0790710449219,433.9519606514799,538.564697265625,459.59344482421875,0.5395584873335122,538.564697265625,459.59344482421875,1,0,1,1,433.9519606514799,2,29.53031482599703,29.53031482599703,-234.14246346452427,538.564697265625,MISSED_PROTON,6738
3,1,2,405.6524772644043,304.2218322753906,135.2174924214681,41674.85332366953,21.82363510131836,383.82884216308594,0.05379884587046097,21.82363510131836,304.2218322753906,0,0,0,1,-28378.216502014853,3,16.715677097862354,12.378490713599403,9705.170122271204,304.2218322753906,CLEAN,19309
2,1,1,657.276445388794,634.52294921875,328.638222694397,34198.51790460667,22.753496170043945,634.52294921875,0.03461784813631156,22.753496170043945,634.52294921875,0,1,1,1,-34198.51790460667,2,4.503324074780762,4.503324074780761,1183.8790993086054,634.52294921875,CLEAN,2286
4,2,2,1172.0678691864014,560.4142456054688,293.01696729660034,40990.80802806517,274.44299125671387,897.6248779296875,0.2341528152693242,245.6564178466797,560.4142456054688,0,1,1,1,-28458.01133881356,4,38.47649150852537,28.123308472099705,16707.268069112943,337.21063232421875,MISSED_PROTON,15476
2,1,1,558.2875747680664,528.4744873046875,279.1437873840332,27441.034142578847,29.813087463378906,528.4744873046875,0.053400951070359,29.813087463378906,528.4744873046875,0,1,1,1,-27441.034142578847,2,4.503324074780762,4.503324074780761,1465.3773215679037,528.4744873046875,CLEAN,9248
3,1,2,2235.9146118164062,1510.0880126953125,745.3048706054688,16533.251929819766,1510.0880126953125,725.8265991210938,0.6753782119919827,1510.0880126953125,447.1444091796875,0,1,1,1,-16533.251929819766,3,18.26180169874934,13.426347327880686,6398.221173564942,447.1444091796875,MISSED_PROTON,2540
4,1,3,890.2165584564209,542.3200073242188,222.55413961410522,35581.619651675705,16.83852195739746,873.3780364990234,0.018915085096366205,16.83852195739746,542.3200073242188,0,0,0,1,-29709.376376107786,4,39.25915937997782,27.392710156581803,10452.427409164182,542.3200073242188,BS_SAME_DET,8577
2,1,1,216.65381240844727,154.1161346435547,108.32690620422363,18118.191599790633,62.53767776489258,154.1161346435547,0.2886525608282084,62.53767776489258,154.1161346435547,0,1,1,1,-18118.191599790633,2,32.47398565348115,32.47398565348115,5229.862402855701,154.1161346435547,MISSED_PROTON,15923
3,1,2,449.3746795654297,378.6859130859375,149.79155985514322,45977.017459917246,24.409767150878906,424.9649124145508,0.05431940930558105,24.409767150878906,378.6859130859375,0,1,1,1,-45977.017459917246,3,41.27373135542751,29.415651478875436,2179.002801145525,46.27899932861328,CLEAN,10660
2,1,1,118.94041061401367,84.82282257080078,59.470205307006836,41622.60138374026,84.82282257080078,34.11758804321289,0.7131539409769523,84.82282257080078,34.11758804321289,1,0,1,1,41622.60138374026,2,20.636860832016094,20.636860832016094,11939.279173213143,84.82282257080078,MISSED_PROTON,12481
4,1,3,554.0335006713867,200.58384704589844,138.50837516784668,28562.583521321623,200.58384704589844,353.4496536254883,0.36204281293970075,200.58384704589844,194.3009796142578,0,1,1,1,-28562.583521321623,4,14.061653530079598,12.125588870030189,10408.67727590755,41.12843322753906,MISSED_PROTON,17902
4,1,3,693.6673393249512,583.008056640625,173.4168348312378,33456.905422395386,23.403518676757812,670.2638206481934,0.033738821694464044,23.403518676757812,583.008056640625,0,1,1,1,-33456.905422395386,4,33.169132822889715,29.786747904437302,19927.665719349934,38.593048095703125,CLEAN,6443
4,2,2,1440.3433837890625,707.6840209960938,360.0858459472656,32984.489356933555,909.5318756103516,530.8115081787109,0.6314687774089516,707.6840209960938,377.8093566894531,0,0,0,1,-24355.66710768639,4,35.17214834290941,20.636859212750256,19055.443121435892,377.8093566894531,MISSED_PROTON,11666
2,1,1,90.4298152923584,80.62493133544922,45.2149076461792,33479.11374340173,9.80488395690918,80.62493133544922,0.10842534539311088,9.80488395690918,80.62493133544922,0,1,1,1,-33479.11374340173,2,4.50334907485529,4.50334907485529,3629.984471083578,80.62493133544922,CLEAN,8580
5,1,4,660.0985679626465,400.1595458984375,132.01971359252929,38585.811505073056,83.44903564453125,576.6495323181152,0.1264190526910118,83.44903564453125,400.1595458984375,0,0,0,1,-36782.37772745101,5,31.251958426242666,21.23739994213981,9044.506340479753,60.53582763671875,MISSED_PROTON,10833
3,1,2,745.4445953369141,535.1752319335938,248.48153177897134,29466.362137418724,83.8010482788086,661.6435470581055,0.1124175408917326,83.8010482788086,535.1752319335938,0,0,0,1,-38.34032685429051,3,36.026659264741404,25.474695069595807,21159.024090295134,126.46831512451172,MISSED_PROTON,3411
2,1,1,385.6768264770508,295.87445068359375,192.8384132385254,39.27171826226236,89.80237579345703,295.87445068359375,0.23284358724311535,89.80237579345703,295.87445068359375,0,1,1,1,-39.27171826226236,2,0.0,0.0,9.144167757386132,295.87445068359375,MISSED_PROTON,10377
2,1,1,478.4153060913086,353.7699890136719,239.2076530456543,27.625326615701425,353.7699890136719,124.64531707763672,0.739462104387924,353.7699890136719,124.64531707763672,0,1,1,1,-27.625326615701425,2,0.0,0.0,20.427882153650305,124.64531707763672,MISSED_PROTON,19911
4,1,3,387.5424175262451,253.9259033203125,96.88560438156128,40169.56748652841,29.083608627319336,358.4588088989258,0.0750462589694449,29.083608627319336,253.9259033203125,0,0,0,1,-5500.835743898077,4,39.83603737108681,35.10001454831429,-187.00578823579372,253.9259033203125,MISSED_PROTON,12192
4,2,2,625.2653465270996,282.2296447753906,156.3163366317749,35432.42615044134,292.33483505249023,332.9305114746094,0.46753724107085176,273.52783203125,282.2296447753906,1,1,0,1,7851.225991588989,4,51.7883268597338,31.118649845982635,16011.82985518203,273.52783203125,CLEAN,15945
3,1,2,1353.6102447509766,1081.8099365234375,451.2034149169922,30387.22191746653,1081.8099365234375,271.80030822753906,0.79920341968338,1081.8099365234375,211.79966735839844,0,1,1,1,-30387.22191746653,3,39.715655238051625,31.055214956196256,24872.314443497206,211.79966735839844,MISSED_PROTON,13726
2,1,1,336.1984233856201,308.47650146484375,168.09921169281006,670.3072056161486,308.47650146484375,27.721921920776367,0.9175429746469118,308.47650146484375,27.721921920776367,1,0,1,1,670.3072056161486,2,29.530336574825895,29.530336574825895,55.27153824784849,308.47650146484375,MISSED_PROTON,768
3,1,2,1359.7650985717773,1048.9635009765625,453.2550328572591,52930.02475227253,38.62718963623047,1321.1379089355469,0.028407251867842726,38.62718963623047,1048.9635009765625,0,1,1,1,-52930.02475227253,3,21.0155444450319,15.308380253167071,-6950.820798307676,1048.9635009765625,CLEAN,15144
2,1,1,273.6029739379883,229.33023071289062,136.80148696899414,35.85631079996324,229.33023071289062,44.272743225097656,0.83818617689758,229.33023071289062,44.272743225097656,0,1,1,1,-35.85631079996324,2,0.0,0.0,30.054264067072594,44.272743225097656,MISSED_PROTON,12385
2,1,1,198.3258171081543,154.64111328125,99.16290855407715,39604.34807863145,43.6847038269043,154.64111328125,0.22026735834942476,43.6847038269043,154.64111328125,1,0,1,1,39604.34807863145,2,15.6,15.599999999999998,30880.80294820018,43.6847038269043,MISSED_PROTON,4192
2,1,1,573.6278190612793,546.3362426757812,286.81390953063965,21567.04443016248,27.291576385498047,546.3362426757812,0.04757714929195676,27.291576385498047,546.3362426757812,0,1,1,1,-21567.04443016248,2,4.503324074780761,4.503324074780761,1026.098492640105,546.3362426757812,CLEAN,8554
2,1,1,530.3415985107422,464.32275390625,265.1707992553711,33667.476389736476,66.01884460449219,464.32275390625,0.12448362487476072,66.01884460449219,464.32275390625,0,1,1,1,-33667.476389736476,2,32.47398565348115,32.47398565348115,4191.049501379819,464.32275390625,MISSED_PROTON,1736
5,2,3,612.5325469970703,207.60806274414062,122.50650939941406,32995.549836084516,146.98828125,465.5442657470703,0.2399681159321368,90.62812805175781,207.60806274414062,0,0,0,1,-28.69133171510318,5,35.48217675297839,22.208334497174704,14379.25725926616,175.55946350097656,MISSED_PROTON,8481
3,1,2,285.4785575866699,169.1016082763672,95.15951919555664,28083.495982599983,56.69390106201172,228.7846565246582,0.1985925021524593,56.69390106201172,169.1016082763672,0,1,1,1,-28083.495982599983,3,31.772574585709048,25.826115617766103,11426.415011500434,59.683048248291016,MISSED_PROTON,18062
2,1,1,121.20097732543945,82.33717346191406,60.60048866271973,7502.314648136757,38.86380386352539,82.33717346191406,0.32065586203295476,38.86380386352539,82.33717346191406,0,1,1,1,-7502.314648136757,2,13.50999722427803,13.509997224278028,2405.6611707407556,82.33717346191406,MISSED_PROTON,8187
4,2,2,506.8743724822998,247.9846649169922,126.71859312057495,28247.79565173835,213.74073600769043,293.1336364746094,0.42168384832901434,197.903564453125,247.9846649169922,0,1,1,1,-14996.789938253065,4,31.763636532450516,28.570429367387444,13091.438100073612,247.9846649169922,CLEAN,19016
2,1,1,148.8802194595337,133.36117553710938,74.44010972976685,24877.708068491134,15.519043922424316,133.36117553710938,0.10423845409928659,15.519043922424316,133.36117553710938,0,1,1,1,-24877.708068491134,2,4.503324074780761,4.503324074780761,2593.2138305928647,133.36117553710938,CLEAN,9837
3,1,2,1339.146987915039,831.5306396484375,446.382329305013,40290.59198090355,831.5306396484375,507.61634826660156,0.6209405294209519,831.5306396484375,326.7393798828125,0,1,1,1,-40290.59198090355,3,37.4977258510581,27.51581053653012,21578.12791830748,180.87696838378906,MISSED_PROTON,10410
3,2,1,816.3517246246338,505.5450134277344,272.1172415415446,38327.91612603617,522.8502902984619,293.5014343261719,0.6404718389476955,505.5450134277344,293.5014343261719,0,1,1,1,-30755.473685135228,3,25.650975730975833,18.50692788936679,19858.53777061759,293.5014343261719,BS_CROSS_DET,4391
4,1,3,669.7856597900391,500.2295837402344,167.44641494750977,34489.689271787596,16.273597717285156,653.5120620727539,0.02429672460050357,16.273597717285156,500.2295837402344,0,0,0,1,-15675.828792476426,4,39.064972529396464,24.146441657571412,27061.184708687826,76.65621185302734,CLEAN,5233
3,2,1,1243.3863124847412,1017.2847290039062,414.4621041615804,37803.059640633815,1035.7847957611084,207.6015167236328,0.8330353851903284,1017.2847290039062,207.6015167236328,0,1,1,1,-29371.15312812415,3,6.004432099707681,4.245774654877482,31365.82989860248,207.6015167236328,CLEAN,12807
3,1,2,1827.55419921875,1280.543212890625,609.1847330729166,4234.757393393885,290.74603271484375,1536.8081665039062,0.15909023811120512,290.74603271484375,1280.543212890625,0,0,0,1,-2574.558899804302,3,26.17278580587095,22.466584633331937,802.2671484167971,256.26495361328125,MISSED_PROTON,9069
5,1,4,916.4534778594971,543.31787109375,183.29069557189942,45900.63297303519,20.54545783996582,895.9080200195312,0.022418440582442394,20.54545783996582,543.31787109375,0,0,0,1,-28280.574118524757,5,47.3514468265712,33.16607066347173,9009.99305325712,53.65753173828125,CLEAN,1196
3,1,2,1040.0271759033203,699.5116577148438,346.67572530110675,40607.565265744204,113.40426635742188,926.6229095458984,0.1090397145237326,113.40426635742188,699.5116577148438,0,0,0,1,-33.91249570417822,3,51.30197357646195,36.27597340416932,27315.931520563474,227.1112518310547,MISSED_PROTON,11615
3,1,2,468.78834533691406,310.34527587890625,156.26278177897134,20677.532538413827,32.95030975341797,435.8380355834961,0.07028824432428428,32.95030975341797,310.34527587890625,0,1,1,1,-20677.532538413827,3,40.6133093948277,29.415650029646915,4023.0746291063397,310.34527587890625,MISSED_PROTON,11297
3,1,2,460.5103530883789,337.0628967285156,153.50345102945963,10271.832009242547,62.1370964050293,398.3732566833496,0.13493094343766956,62.1370964050293,337.0628967285156,1,0,1,1,85.47720365451326,3,36.5235676702044,25.826062372727282,7529.676730639122,62.1370964050293,MISSED_PROTON,4113
2,1,1,415.7070064544678,383.76617431640625,207.8535032272339,14859.858089955731,31.940832138061523,383.76617431640625,0.07683496222611776,31.940832138061523,383.76617431640625,0,1,1,1,-14859.858089955731,2,0.0,0.0,1141.756635027219,383.76617431640625,CLEAN,8975
2,1,1,212.04287338256836,160.72511291503906,106.02143669128418,33.56247816441089,51.3177604675293,160.72511291503906,0.24201596426653607,51.3177604675293,160.72511291503906,1,0,1,1,33.56247816441089,2,0.0,0.0,25.439822648276426,51.3177604675293,MISSED_PROTON,10369
3,1,2,700.9337768554688,332.08795166015625,233.64459228515625,37334.80024917816,209.60813903808594,491.3256378173828,0.299041287435784,209.60813903808594,332.08795166015625,0,0,0,1,-8580.229164900014,3,16.71565791868344,12.37847798838326,20254.30030188579,159.23768615722656,BREMS_LOSS,12795
4,2,2,478.4753646850586,226.37852478027344,119.61884117126465,35285.875472736276,249.18060302734375,229.29476165771484,0.5207804234421956,226.37852478027344,161.4567413330078,1,0,1,1,2361.255507446564,3,21.649310411291264,15.308374199836578,7390.802700605679,226.37852478027344,CLEAN,5783
3,2,1,763.3212738037109,282.8675231933594,254.44042460123697,40470.34629833614,502.2792205810547,261.04205322265625,0.6580181082575415,282.8675231933594,261.04205322265625,0,1,1,1,-27.17526382164698,3,50.14698572973033,35.64940246552372,11643.006267162564,261.04205322265625,MISSED_PROTON,18314
6,3,3,389.3929214477539,197.67471313476562,64.89882024129231,24023.445100651636,77.19062805175781,312.2022933959961,0.198233259517828,44.35063171386719,197.67471313476562,0,1,1,1,-3780.3474275351896,5,31.868866087289646,17.741087098100838,1262.967951136558,51.512516021728516,BS_LOST,17417
2,1,1,294.2498588562012,263.2133483886719,147.1249294281006,37850.53145007965,31.036510467529297,263.2133483886719,0.10547672168195237,31.036510467529297,263.2133483886719,0,1,1,1,-37850.53145007965,2,0.0,0.0,3992.3499712740363,263.2133483886719,CLEAN,2245
2,1,1,466.60095596313477,457.07965087890625,233.30047798156738,12784.285287270932,9.521305084228516,457.07965087890625,0.020405669903901302,9.521305084228516,457.07965087890625,1,0,1,1,12784.285287270932,2,11.914668224084128,11.914668224084128,-260.87190552935266,9.521305084228516,MISSED_PROTON,14088
3,1,2,768.8088073730469,430.032958984375,256.2696024576823,41875.1489334685,26.074859619140625,742.7339477539062,0.033915922098026116,26.074859619140625,430.032958984375,0,0,0,1,-21702.57067121421,3,35.39566520994406,25.29716713999591,17768.126261026337,430.032958984375,CLEAN,14747
2,1,1,153.29554748535156,116.84744262695312,76.64777374267578,49.36940301708263,36.44810485839844,116.84744262695312,0.23776362364263257,36.44810485839844,116.84744262695312,0,1,1,1,-49.36940301708263,2,0.0,0.0,11.738248158415084,116.84744262695312,MISSED_PROTON,17923
2,1,1,1338.6331481933594,990.0051879882812,669.3165740966797,36613.60036366189,990.0051879882812,348.6279602050781,0.7395642258854922,990.0051879882812,348.6279602050781,0,1,1,1,-36613.60036366189,2,28.123303948860634,28.123303948860634,27078.109009832384,348.6279602050781,MISSED_PROTON,5392
2,1,1,285.63592529296875,152.37359619140625,142.81796264648438,32.54175715981852,133.2623291015625,152.37359619140625,0.46654610747887915,133.2623291015625,152.37359619140625,0,1,1,1,-32.54175715981852,2,0.0,0.0,15.18223013343628,152.37359619140625,MISSED_PROTON,16159
2,1,1,413.9458885192871,386.316650390625,206.97294425964355,7247.371850364822,27.62923812866211,386.316650390625,0.06674601414086705,27.62923812866211,386.316650390625,1,0,1,1,7247.371850364822,2,4.503324074780762,4.503324074780761,-483.7331840085722,27.62923812866211,MISSED_PROTON,14326
5,1,4,1884.1033554077148,537.4676513671875,376.82067108154297,46131.62142951471,56.032432556152344,1828.0709228515625,0.0297395747400636,56.032432556152344,537.4676513671875,1,0,1,1,744.383851828683,5,45.14127058715118,32.32376160179381,12836.957593265024,56.032432556152344,MISSED_PROTON,1172
4,1,3,294.0453109741211,106.41227722167969,73.51132774353027,13033.252159815118,45.207298278808594,248.8380126953125,0.1537426260226516,45.207298278808594,106.41227722167969,0,1,1,1,-13033.252159815118,4,30.955283064860268,21.002139570574112,-5507.9459510582055,84.85435485839844,MISSED_PROTON,14126
3,2,1,378.97560691833496,210.03424072265625,126.32520230611165,28854.848004427626,227.35727500915527,151.6183319091797,0.5999258813988739,210.03424072265625,151.6183319091797,1,0,1,1,28854.848004427626,3,28.95237487860212,21.44014977145034,12722.16165816541,210.03424072265625,MISSED_PROTON,2896
2,1,1,360.96266174316406,183.37997436523438,180.48133087158203,29.774533695345504,177.5826873779297,183.37997436523438,0.4919696860621146,177.5826873779297,183.37997436523438,0,1,1,1,-29.774533695345504,2,0.0,0.0,14.648167994744979,183.37997436523438,MISSED_PROTON,13381
4,1,3,1750.1562728881836,933.3193359375,437.5390682220459,40450.54406251111,34.768150329589844,1715.3881225585938,0.01986574048739884,34.768150329589844,933.3193359375,0,0,0,1,-39432.813602541646,4,49.382870140015406,38.93493429732321,13964.607499282172,144.37030029296875,MISSED_PROTON,970
2,1,1,352.69000244140625,288.6733093261719,176.34500122070312,37485.38807383816,64.01669311523438,288.6733093261719,0.18150980371457995,64.01669311523438,288.6733093261719,0,1,1,1,-37485.38807383816,2,15.600003205127875,15.600003205127875,6803.965431447221,288.6733093261719,MISSED_PROTON,3183
4,1,3,370.6222496032715,210.3892059326172,92.65556240081787,34964.35806823743,38.981163024902344,331.64108657836914,0.10517761161567958,38.981163024902344,210.3892059326172,0,0,0,1,-42.76038324510002,4,29.53031482599703,19.629560889701533,7752.914520820424,210.3892059326172,MISSED_PROTON,10709
2,1,1,512.5384101867676,500.6433410644531,256.2692050933838,19399.862319783064,11.895069122314453,500.6433410644531,0.023208151595857807,11.895069122314453,500.6433410644531,0,1,1,1,-19399.862319783064,2,0.0,0.0,450.23494565629505,500.6433410644531,CLEAN,7961
3,1,2,1789.1073169708252,1194.8857421875,596.3691056569418,28936.259964790042,16.136552810668945,1772.9707641601562,0.009019331963825445,16.136552810668945,1194.8857421875,0,1,1,1,-28936.259964790042,3,18.013329632370702,12.737347534797903,11379.887544934893,578.0850219726562,CLEAN,2601
4,1,3,994.4968643188477,402.8111267089844,248.6242160797119,30976.2199870967,125.52572631835938,868.9711380004883,0.12622033394176124,125.52572631835938,402.8111267089844,0,0,0,1,-404.5233724242827,4,35.74409601598563,30.20927423822029,12902.254601725053,387.6698303222656,MISSED_PROTON,14833
2,1,1,424.1933708190918,374.04443359375,212.0966854095459,117.01000830950495,50.1489372253418,374.04443359375,0.11822187868826715,50.1489372253418,374.04443359375,0,1,1,1,-117.01000830950495,2,0.0,0.0,13.833143007679427,374.04443359375,MISSED_PROTON,6151
2,1,1,129.06482696533203,78.25687408447266,64.53241348266602,191.40894376552677,78.25687408447266,50.807952880859375,0.6063377290661317,78.25687408447266,50.807952880859375,0,1,1,1,-191.40894376552677,2,39.00000801281969,39.00000801281969,-75.35047947979037,50.807952880859375,MISSED_PROTON,7780
3,1,2,605.1701602935791,509.44024658203125,201.72338676452637,49627.35943645647,28.402101516723633,576.7680587768555,0.046932422284246884,28.402101516723633,509.44024658203125,0,1,1,1,-49627.35943645647,3,43.60978233899413,31.05521961456542,158.28624265473633,67.32781219482422,CLEAN,11375
3,1,2,452.89136695861816,389.8887939453125,150.96378898620605,48443.35490554869,28.990049362182617,423.90131759643555,0.06401104431922526,28.990049362182617,389.8887939453125,0,1,1,1,-48443.35490554869,3,7.943143646427264,6.713174905280577,3100.9108942028815,34.01252365112305,CLEAN,9538
3,1,2,833.8079605102539,565.592041015625,277.9359868367513,42011.889484467465,157.27407836914062,676.5338821411133,0.18862146419529957,157.27407836914062,565.592041015625,1,0,1,1,983.1744013953117,3,29.568446537107384,23.63951209258676,5273.6044157969645,157.27407836914062,MISSED_PROTON,16844
3,1,2,985.0972366333008,853.9445190429688,328.3657455444336,33120.28337301964,24.02826690673828,961.0689697265625,0.024391771708606187,24.02826690673828,853.9445190429688,0,1,1,1,-33120.28337301964,3,32.473970756095994,23.2550927787633,-6289.620159305307,853.9445190429688,CLEAN,8252
3,1,2,419.6379203796387,253.29176330566406,139.8793067932129,10708.413307814564,19.54751205444336,400.0904083251953,0.046581853319545306,19.54751205444336,253.29176330566406,0,1,1,1,-10708.413307814564,3,27.515816865537133,19.45662069550848,-3728.929847726796,146.79864501953125,BS_LOST,15913
3,1,2,793.8195533752441,475.6371765136719,264.60651779174805,35496.025485236874,18.306339263916016,775.5132141113281,0.023061083827022436,18.306339263916016,475.6371765136719,0,1,1,1,-35496.025485236874,3,31.772546590413555,22.466583149646944,-616.7324335967573,475.6371765136719,CLEAN,8425
2,1,1,169.78922080993652,140.9718475341797,84.89461040496826,6284.802513443462,28.817373275756836,140.9718475341797,0.1697243979228531,28.817373275756836,140.9718475341797,0,1,1,1,-6284.802513443462,2,35.17218248687448,35.17218248687448,1066.6843226582253,140.9718475341797,MISSED_PROTON,881
4,1,3,1307.5262908935547,584.6248779296875,326.8815727233887,13857.19352298754,167.882568359375,1139.6437225341797,0.1283970880957546,167.882568359375,584.6248779296875,1,0,1,1,56.556689324028426,4,30.29306015777376,24.972176840786226,5821.655658917106,167.882568359375,MISSED_PROTON,2598
3,1,2,300.0592041015625,226.7277069091797,100.01973470052083,33451.43751016654,32.982200622558594,267.0770034790039,0.10991897656102209,32.982200622558594,226.7277069091797,0,0,0,1,-8434.605323292573,3,43.60980783020922,33.565875021747246,5425.375377515745,226.7277069091797,MISSED_PROTON,12611
3,1,2,534.4883966445923,381.3498229980469,178.16279888153076,31208.845143601462,13.52632999420166,520.9620666503906,0.02530706013286194,13.52632999420166,381.3498229980469,0,0,0,1,-15124.598310894848,3,39.37375310132937,27.841447818714855,22649.823560751127,139.61224365234375,CLEAN,12161
4,2,2,752.0041275024414,289.8221435546875,188.00103187561035,27873.327465799495,375.8424301147461,376.1616973876953,0.4997877223932204,289.8221435546875,287.64447021484375,0,0,0,1,-1460.86114278565,4,35.17214834290941,21.597228540066777,12201.24868003132,88.51722717285156,MISSED_PROTON,17813
3,1,2,686.3757858276367,591.11962890625,228.79192860921225,26941.416657779384,55.93873977661133,630.4370460510254,0.08149870804250474,55.93873977661133,591.11962890625,0,1,1,1,-26941.416657779384,3,24.57426940602711,18.506954325874368,1116.4821492443596,39.31741714477539,MISSED_PROTON,16781
3,1,2,497.84476470947266,348.55609130859375,165.94825490315756,43462.32144977125,30.54156494140625,467.3031997680664,0.06134756676457047,30.54156494140625,348.55609130859375,0,1,1,1,-43462.32144977125,3,15.886258365014715,11.23328101758342,-2836.8542975732676,348.55609130859375,CLEAN,10258
3,2,1,245.83072566986084,148.17575073242188,81.94357522328694,34574.68207362023,97.65497493743896,148.17575073242188,0.39724478976881444,82.46188354492188,148.17575073242188,0,1,1,1,-23187.63299941839,3,21.015545682211325,15.308381102375115,13030.857820416944,148.17575073242188,CLEAN,16927
3,1,2,886.8157653808594,404.8887634277344,295.6052551269531,5294.154110880248,89.5384521484375,797.2773132324219,0.1009662385850612,89.5384521484375,404.8887634277344,0,1,1,1,-5294.154110880248,3,23.44808395763808,16.98311302153472,-2397.078640300209,404.8887634277344,MISSED_PROTON,5949
2,1,1,125.05657005310059,108.71524810791016,62.52828502655029,38140.2705592421,16.34132194519043,108.71524810791016,0.13067143883965232,16.34132194519043,108.71524810791016,0,1,1,1,-38140.2705592421,2,4.50334907485529,4.50334907485529,4983.844031709796,108.71524810791016,CLEAN,19393
2,1,1,590.5807952880859,414.313232421875,295.29039764404297,10359.34102230922,176.26756286621094,414.313232421875,0.298464772766997,176.26756286621094,414.313232421875,1,0,1,1,10359.34102230922,2,11.914715469640893,11.914715469640893,-3091.8983642393514,176.26756286621094,MISSED_PROTON,16022
4,1,3,1282.5323219299316,680.169921875,320.6330804824829,31349.31128686462,187.6630859375,1094.8692359924316,0.14632230527735002,187.6630859375,680.169921875,0,0,0,1,-8205.890660616877,4,23.722755407532762,19.75828489487068,6893.090989758972,36.75900650024414,MISSED_PROTON,7049
3,2,1,1148.8132781982422,498.6979064941406,382.93775939941406,28449.89405584041,954.1252746582031,194.68800354003906,0.8305312036039653,498.6979064941406,194.68800354003906,1,0,1,1,28449.89405584041,3,25.651008892634227,20.5822030021084,7723.327132080151,455.4273681640625,MISSED_PROTON,17845
3,2,1,228.95576286315918,154.6737518310547,76.31858762105306,16486.118466226973,74.28201103210449,154.6737518310547,0.3244382674765906,57.739662170410156,154.6737518310547,1,1,0,1,8.781743881241116,2,0.0,0.0,1197.0759106032529,57.739662170410156,BS_CROSS_DET,17159
3,1,2,791.3600845336914,409.01898193359375,263.7866948445638,35269.55483172034,19.136634826660156,772.2234497070312,0.024181956104010995,19.136634826660156,409.01898193359375,0,0,0,1,-16152.204163702965,3,36.8919022544394,26.344379436650662,18619.862855390744,363.2044677734375,CLEAN,8139
2,1,1,227.09368896484375,180.90573120117188,113.54684448242188,19484.750453273035,46.187957763671875,180.90573120117188,0.20338723622928248,46.187957763671875,180.90573120117188,1,0,1,1,19484.750453273035,2,11.914686073182962,11.914686073182962,15521.800909964573,46.187957763671875,MISSED_PROTON,14031
2,1,1,497.8355960845947,471.32623291015625,248.91779804229736,14839.271811095994,26.509363174438477,471.32623291015625,0.053249232041522945,26.509363174438477,471.32623291015625,0,1,1,1,-14839.271811095994,2,0.0,0.0,790.179827996281,471.32623291015625,CLEAN,13883
3,1,2,843.2275981903076,432.8034973144531,281.07586606343585,22654.405308945137,31.311643600463867,811.9159545898438,0.037133086805582895,31.311643600463867,432.8034973144531,0,1,1,1,-22654.405308945137,3,47.18361176991906,33.565856421502026,3215.8191811290935,432.8034973144531,MISSED_PROTON,6077
2,1,1,372.44259452819824,359.83306884765625,186.22129726409912,34132.86758388562,12.609525680541992,359.83306884765625,0.03385629320007141,12.609525680541992,359.83306884765625,0,1,1,1,-34132.86758388562,2,4.50335,4.50335,1155.6123726792448,359.83306884765625,CLEAN,13068
3,1,2,805.6378860473633,406.54693603515625,268.5459620157878,41899.451692829556,406.54693603515625,399.09095001220703,0.5046273804596814,406.54693603515625,286.40435791015625,1,0,1,1,17886.83479290243,3,39.02887531458101,27.8414530148043,12219.35316921898,406.54693603515625,MISSED_PROTON,17343
3,1,2,1216.1553192138672,546.5261840820312,405.3851064046224,17346.622155116984,230.42799377441406,985.7273254394531,0.18947250415626568,230.42799377441406,546.5261840820312,1,0,1,1,13734.027857100602,3,32.473997974447876,32.47399403967564,-978.7624083999785,230.42799377441406,MISSED_PROTON,11049
5,1,4,625.654712677002,229.53414916992188,125.1309425354004,48158.56696149704,229.53414916992188,396.1205635070801,0.3668703272253945,229.53414916992188,158.7047119140625,0,0,0,1,-43463.65454981339,5,31.6645467992201,21.765596824162667,21907.17650121986,36.79241943359375,MISSED_PROTON,2982
3,1,2,427.8876552581787,342.00115966796875,142.6292184193929,66375.66016784564,23.844083786010742,404.04357147216797,0.05572510329054412,23.844083786010742,342.00115966796875,0,1,1,1,-66375.66016784564,3,5.199999999999999,5.199981467274666,8839.341411307447,342.00115966796875,CLEAN,2243
2,1,1,463.35895919799805,446.4372253417969,231.67947959899902,14319.87181383627,16.921733856201172,446.4372253417969,0.03651970792901048,16.921733856201172,446.4372253417969,0,1,1,1,-14319.87181383627,2,4.503349074855292,4.503349074855291,522.9575362221701,446.4372253417969,CLEAN,17001
4,1,3,447.7790718078613,266.1494140625,111.94476795196533,22873.672466687854,13.61325454711914,434.1658172607422,0.030401721304564425,13.61325454711914,266.1494140625,0,1,1,1,-22873.672466687854,4,45.201875074188024,27.851559788771258,4748.009345370196,266.1494140625,CLEAN,13507
4,1,3,878.0201263427734,469.77508544921875,219.50503158569336,33490.38908995546,222.4737548828125,655.5463714599609,0.2533811563175491,222.4737548828125,469.77508544921875,0,0,0,1,-12595.768479776021,4,39.58068349902513,26.161998561845383,9983.531420245103,85.0788345336914,MISSED_PROTON,10386
2,1,1,463.73831367492676,446.29779052734375,231.86915683746338,49324.653156688575,17.440523147583008,446.29779052734375,0.037608544804880066,17.440523147583008,446.29779052734375,0,1,1,1,-49324.653156688575,2,4.50335,4.50335,1855.0284282284913,446.29779052734375,CLEAN,15023
2,1,1,343.9361867904663,331.8593444824219,171.96809339523315,14620.655144012546,12.076842308044434,331.8593444824219,0.035113613431441336,12.076842308044434,331.8593444824219,0,1,1,1,-14620.655144012546,2,0.0,0.0,513.3840328412708,331.8593444824219,CLEAN,3335
4,1,3,1951.1912460327148,1215.2823486328125,487.7978115081787,19111.251126814863,341.291748046875,1609.8994979858398,0.17491455475766965,341.291748046875,1215.2823486328125,0,0,0,1,-4135.441405079719,4,35.17214544409575,30.87329403970161,11289.393357131528,350.91168212890625,MISSED_PROTON,19218
2,1,1,634.7174835205078,517.8470458984375,317.3587417602539,26942.475660033328,116.87043762207031,517.8470458984375,0.1841298540790774,116.87043762207031,517.8470458984375,0,1,1,1,-26942.475660033328,2,7.800001602563937,7.800001602563937,4960.914111811031,517.8470458984375,MISSED_PROTON,18514
2,1,1,334.6883716583252,320.9352111816406,167.3441858291626,17435.47659404935,13.75316047668457,320.9352111816406,0.04109243595330172,13.75316047668457,320.9352111816406,0,1,1,1,-17435.47659404935,2,0.0,0.0,716.4662052562641,320.9352111816406,CLEAN,3516
3,1,2,584.8981819152832,375.02203369140625,194.96606063842773,8833.28354005035,375.02203369140625,209.87614822387695,0.6411749006696768,375.02203369140625,160.5550994873047,0,0,0,1,-2172.5672580556966,3,33.02446666666667,26.852700172773854,2137.854823442256,160.5550994873047,MISSED_PROTON,11462
3,1,2,670.3346920013428,400.794189453125,223.44489733378092,41151.20226495724,17.82709312438965,652.5075988769531,0.0265943167452147,17.82709312438965,400.794189453125,0,0,0,1,-27254.463088878823,3,44.428799196029495,32.88767847511013,16177.258024892595,400.794189453125,MISSED_PROTON,6726
3,2,1,141.5865306854248,80.13536071777344,47.19551022847494,36789.67576058912,98.94277763366699,42.64375305175781,0.698814902481768,80.13536071777344,42.64375305175781,1,1,0,1,13824.203265052418,2,11.914668224084128,11.914668224084128,9050.54085440668,80.13536071777344,CLEAN,5337
3,1,2,499.1741237640381,373.387939453125,166.3913745880127,53689.68035526419,20.132436752319336,479.04168701171875,0.040331491144833524,20.132436752319336,373.387939453125,0,1,1,1,-53689.68035526419,3,26.684312918850118,19.223589152450753,4607.378970747301,105.65374755859375,CLEAN,3999
2,1,1,429.69769287109375,410.23065185546875,214.84884643554688,11378.293353033072,19.467041015625,410.23065185546875,0.045304038952485075,19.467041015625,410.23065185546875,0,1,1,1,-11378.293353033072,2,13.510000000000002,13.51,515.4826452786123,410.23065185546875,MISSED_PROTON,17946
3,1,2,296.2703742980957,191.8897247314453,98.75679143269856,35629.78667084058,35.58590316772461,260.6844711303711,0.1201129314803493,35.58590316772461,191.8897247314453,0,0,0,1,-47.00366281982399,3,6.00446543314039,4.245798225173788,8278.974270961064,191.8897247314453,MISSED_PROTON,18422
3,1,2,433.10614013671875,219.49684143066406,144.36871337890625,8954.392940724156,94.3792953491211,338.72684478759766,0.21791262372620335,94.3792953491211,219.49684143066406,1,0,1,1,36.61197124616655,3,15.88624809757728,11.233273757408785,4548.137350929166,94.3792953491211,MISSED_PROTON,7882
2,1,1,122.41070556640625,70.61231231689453,61.205352783203125,38.146380499548194,70.61231231689453,51.79839324951172,0.576847523181608,70.61231231689453,51.79839324951172,0,1,1,1,-38.146380499548194,2,0.0,0.0,22.004645109507567,51.79839324951172,MISSED_PROTON,431
2,1,1,595.9462509155273,504.8243713378906,297.9731254577637,35277.77120957549,91.12187957763672,504.8243713378906,0.15290284893587297,91.12187957763672,504.8243713378906,0,1,1,1,-35277.77120957549,2,27.019994448556055,27.01999444855605,5394.071722052009,504.8243713378906,MISSED_PROTON,5978
2,1,1,82.09433937072754,55.240291595458984,41.04716968536377,16955.43281392401,26.854047775268555,55.240291595458984,0.32711205158737083,26.854047775268555,55.240291595458984,0,1,1,1,-16955.43281392401,2,4.503324074780762,4.503324074780761,5546.32641331451,55.240291595458984,CLEAN,16108
3,1,2,1206.2542190551758,901.8806762695312,402.0847396850586,10486.557120528367,210.6412353515625,995.6129837036133,0.17462424754588773,210.6412353515625,901.8806762695312,0,1,1,1,-10486.557120528367,3,45.33256126793534,32.05496148111171,-7813.85445240401,901.8806762695312,MISSED_PROTON,3296
4,1,3,532.687370300293,215.16497802734375,133.17184257507324,44304.40708683028,215.16497802734375,317.5223922729492,0.4039235582139827,215.16497802734375,138.35682678222656,0,1,1,1,-44304.40708683028,4,40.71720767225602,26.355075990914443,15119.6681444893,138.35682678222656,MISSED_PROTON,1032
3,1,2,2677.783489227295,2270.099609375,892.5944964090983,18326.60230167804,55.93418502807617,2621.8493041992188,0.020888240312593988,55.93418502807617,2270.099609375,0,1,1,1,-18326.60230167804,3,34.62330184453495,27.84144502779185,8852.976772450731,351.74969482421875,MISSED_PROTON,17238
2,1,1,364.8336601257324,347.2942810058594,182.4168300628662,38217.099332839745,17.539379119873047,347.2942810058594,0.04807500249244672,17.539379119873047,347.2942810058594,0,1,1,1,-38217.099332839745,2,4.50334907485529,4.50334907485529,1837.2871456803546,347.2942810058594,CLEAN,14878
2,1,1,235.72425079345703,210.92752075195312,117.86212539672852,22579.481113787308,24.796730041503906,210.92752075195312,0.10519380147794359,24.796730041503906,210.92752075195312,0,1,1,1,-22579.481113787308,2,4.503324074780762,4.503324074780761,2375.221453758719,210.92752075195312,CLEAN,1913
2,1,1,206.09021282196045,197.96360778808594,103.04510641098022,12.05244481370478,8.126605033874512,197.96360778808594,0.03943227057024302,8.126605033874512,197.96360778808594,0,1,1,1,-12.05244481370478,2,0.0,0.0,0.4752552649269291,197.96360778808594,BS_CROSS_DET,18684
2,1,1,262.35068130493164,222.173828125,131.17534065246582,12771.507935615606,40.17685317993164,222.173828125,0.15314179090403757,40.17685317993164,222.173828125,0,1,1,1,-12771.507935615606,2,31.523343124143732,31.523343124143732,1955.8515978053017,222.173828125,MISSED_PROTON,9507
3,1,2,925.1222534179688,584.5994873046875,308.37408447265625,24548.42640423029,259.52606201171875,665.59619140625,0.28053163898378874,259.52606201171875,584.5994873046875,0,0,0,1,-14850.29759634358,3,35.395675736451196,26.85268098992476,6315.252781908802,584.5994873046875,MISSED_PROTON,11258
4,1,3,408.83384895324707,177.0007781982422,102.20846223831177,27283.44770688233,8.391332626342773,400.4425163269043,0.02052504372577619,8.391332626342773,177.0007781982422,0,1,1,1,-27283.44770688233,4,24.768319911178878,19.500017478646015,4671.80410437753,160.23422241210938,CLEAN,9449
3,1,2,710.5952167510986,578.2831420898438,236.8650722503662,24869.921158176534,16.953622817993164,693.6415939331055,0.023858340752005845,16.953622817993164,578.2831420898438,0,1,1,1,-24869.921158176534,3,23.82943093928179,17.24647329919946,-2522.0092281377174,578.2831420898438,CLEAN,1173
4,2,2,559.7863512039185,230.65899658203125,139.94658780097961,26826.7684917461,118.59911060333252,441.18724060058594,0.21186495588587395,108.21260070800781,230.65899658203125,1,0,1,1,73.40898400908345,4,29.444361090028764,23.935534189672893,11082.946495480712,108.21260070800781,BS_SAME_DET,3626
3,2,1,539.2413215637207,412.0314025878906,179.7471071879069,61439.95158573695,127.20991897583008,412.0314025878906,0.2359053616420566,104.04689025878906,412.0314025878906,0,1,1,1,-2180.6902858986487,3,15.88624809757728,11.233273757408785,3059.909060816214,412.0314025878906,CLEAN,6614
3,2,1,456.16547775268555,215.29345703125,152.05515925089517,8321.698638255339,240.87202072143555,215.29345703125,0.5280364965540566,194.9372100830078,215.29345703125,0,1,1,1,-3969.230030348208,3,39.259145997390775,29.41563900629882,-5787.516777043051,215.29345703125,MISSED_PROTON,19528
2,1,1,242.61540985107422,154.36460876464844,121.30770492553711,33.22333553811012,154.36460876464844,88.25080108642578,0.6362522844670205,154.36460876464844,88.25080108642578,0,1,1,1,-33.22333553811012,2,0.0,0.0,21.13842313373691,88.25080108642578,MISSED_PROTON,9674
2,1,1,481.5093002319336,373.1835021972656,240.7546501159668,52.81823940624976,108.32579803466797,373.1835021972656,0.22497135150346953,108.32579803466797,373.1835021972656,0,1,1,1,-52.81823940624976,2,0.0,0.0,11.882590703257819,373.1835021972656,MISSED_PROTON,18523
3,1,2,753.7971830368042,389.0414733886719,251.26572767893472,13183.49242572168,9.3654203414917,744.4317626953125,0.012424323879483683,9.3654203414917,389.0414733886719,0,1,1,1,-13183.49242572168,3,6.004465433140387,4.245798225173788,163.79755366315746,389.0414733886719,CLEAN,19297
2,1,1,149.55410766601562,108.06378936767578,74.77705383300781,157.47165023279297,108.06378936767578,41.490318298339844,0.7225731947731181,108.06378936767578,41.490318298339844,1,0,1,1,157.47165023279297,2,0.0,0.0,43.686856837888726,108.06378936767578,MISSED_PROTON,1146
2,1,1,943.1018676757812,634.5006103515625,471.5509338378906,11854.783103474365,308.60125732421875,634.5006103515625,0.32721943185707847,308.60125732421875,634.5006103515625,1,0,1,1,11854.783103474365,2,23.829383693719397,23.829383693719397,7975.667711566589,308.60125732421875,MISSED_PROTON,19911
2,1,1,55.16925811767578,42.02121353149414,27.58462905883789,18655.254562613267,13.14804458618164,42.02121353149414,0.23832193933325913,13.14804458618164,42.02121353149414,0,1,1,1,-18655.254562613267,2,0.0,0.0,4445.956446117624,42.02121353149414,CLEAN,18082
2,1,1,137.14265155792236,123.00067901611328,68.57132577896118,16316.294739637215,14.141972541809082,123.00067901611328,0.1031187043648212,14.141972541809082,123.00067901611328,0,1,1,1,-16316.294739637215,2,0.0,0.0,1682.5151735859372,123.00067901611328,CLEAN,17990
3,1,2,406.8606719970703,169.9665985107422,135.62022399902344,25366.913384452797,169.9665985107422,236.89407348632812,0.41775135865667073,169.9665985107422,140.49539184570312,0,0,0,1,-32.46834761012873,3,27.515816865537136,19.45662069550848,6023.8202186653725,140.49539184570312,MISSED_PROTON,12461
2,1,1,708.195068359375,443.8589172363281,354.0975341796875,26557.526448946268,443.8589172363281,264.3361511230469,0.6267466932021772,443.8589172363281,264.3361511230469,1,0,1,1,26557.526448946268,2,27.392698438133106,27.392698438133106,9912.684567439834,443.8589172363281,MISSED_PROTON,17008
3,1,2,200.68973445892334,121.16614532470703,66.89657815297444,33801.284849085634,11.476630210876465,189.21310424804688,0.05718593550297149,11.476630210876465,121.16614532470703,0,0,0,1,-29217.609028872143,3,28.639368032211262,20.582196252316926,13131.684803198425,121.16614532470703,CLEAN,17557
3,1,2,1085.1823291778564,575.006591796875,361.72744305928546,27992.12671638421,19.10362434387207,1066.0787048339844,0.01760406876358293,19.10362434387207,575.006591796875,0,1,1,1,-27992.12671638421,3,15.886287292854522,11.233301472655114,3363.438767137435,575.006591796875,CLEAN,7937
4,2,2,1208.4465627670288,683.718505859375,302.1116406917572,34270.75149413057,67.02868556976318,1141.4178771972656,0.05546681800830721,56.82902526855469,683.718505859375,1,1,0,1,15300.290338877627,3,29.568463459571245,26.852693825387423,19250.822602613654,56.82902526855469,CLEAN,4761
3,1,2,1160.5361938476562,479.9495849609375,386.84539794921875,26083.323485698504,479.9495849609375,680.5866088867188,0.41355848055863437,479.9495849609375,453.0732727050781,0,0,0,1,-1557.2048085060062,3,36.40002443529399,26.00001617807189,10826.923453868338,227.51333618164062,MISSED_PROTON,4528
3,2,1,1367.7792887687683,1198.7647705078125,455.9264295895894,36122.92316129911,169.0145182609558,1198.7647705078125,0.12356856084076061,161.84976196289062,1198.7647705078125,1,1,0,1,33510.8359110834,3,21.015535892286923,15.308379285432755,29559.170689076218,161.84976196289062,CLEAN,12291
3,1,2,433.58595275878906,171.1356964111328,144.52865091959634,45.19748898888966,171.1356964111328,262.45025634765625,0.3946984336605997,171.1356964111328,143.9561004638672,0,1,1,1,-45.19748898888966,3,6.0044320997076825,4.245774654877482,22.585334838453,118.49415588378906,MISSED_PROTON,7864
2,1,1,86.24007797241211,47.92020034790039,43.120038986206055,4473.512036393552,38.31987762451172,47.92020034790039,0.44433955216007703,38.31987762451172,47.92020034790039,1,0,1,1,4473.512036393552,2,16.236973821805588,16.236973821805588,2485.753701559727,38.31987762451172,MISSED_PROTON,8151
2,1,1,381.8883457183838,363.0116882324219,190.9441728591919,15792.31109055957,18.876657485961914,363.0116882324219,0.04942978149922947,18.876657485961914,363.0116882324219,0,1,1,1,-15792.31109055957,2,0.0,0.0,780.6104865742178,363.0116882324219,CLEAN,13320
2,1,1,387.92584228515625,254.50375366210938,193.96292114257812,35762.0149978456,254.50375366210938,133.42208862304688,0.6560629015146378,254.50375366210938,133.42208862304688,1,0,1,1,35762.0149978456,2,11.914693773761035,11.914693773761035,12299.883674349023,254.50375366210938,MISSED_PROTON,9568
2,1,1,685.1428604125977,653.053955078125,342.5714302062988,28413.9176428035,32.088905334472656,653.053955078125,0.04683534951403931,32.088905334472656,653.053955078125,0,1,1,1,-28413.9176428035,2,18.01335,18.01335,1330.7757638638298,653.053955078125,MISSED_PROTON,19444
2,1,1,213.14926147460938,167.56085205078125,106.57463073730469,37638.71822290412,45.588409423828125,167.56085205078125,0.2138802129007549,45.588409423828125,167.56085205078125,1,0,1,1,37638.71822290412,2,25.07348687802516,25.07348687802516,29588.541156077867,45.588409423828125,MISSED_PROTON,5991
3,1,2,448.1109619140625,281.887451171875,149.37032063802084,58.43916898731932,281.887451171875,166.2235107421875,0.6290572539618761,281.887451171875,109.18760681152344,0,1,1,1,-58.43916898731932,3,6.004466666666667,4.245799097408585,44.3199756018066,57.03590393066406,MISSED_PROTON,8864
2,1,1,346.38090896606445,329.7311096191406,173.19045448303223,44371.76840539008,16.649799346923828,329.7311096191406,0.04806788975934883,16.649799346923828,329.7311096191406,0,1,1,1,-44371.76840539008,2,4.50334907485529,4.50334907485529,2132.857272137648,329.7311096191406,CLEAN,6816
3,2,1,803.426456451416,634.6122436523438,267.8088188171387,34117.96847329426,168.81421279907227,634.6122436523438,0.21011781656368772,150.60218811035156,634.6122436523438,0,1,1,1,-31082.35435567764,3,12.008866666666666,8.491551054365091,7099.981915036948,634.6122436523438,CLEAN,1109
5,3,2,577.4408664703369,252.8341827392578,115.48817329406738,66861.01820954538,125.68531227111816,451.75555419921875,0.21765919173573872,80.12037658691406,252.8341827392578,1,1,0,1,8523.777084381196,4,37.47518576692616,29.09793006790818,4016.196107791079,23.261905670166016,BS_CROSS_DET,1069
2,1,1,154.5443344116211,83.5311050415039,77.27216720581055,40.71955469580642,83.5311050415039,71.01322937011719,0.5404993030609779,83.5311050415039,71.01322937011719,0,1,1,1,-40.71955469580642,2,0.0,0.0,22.008890934036742,71.01322937011719,MISSED_PROTON,9027
3,2,1,763.7490787506104,551.3464965820312,254.58302625020346,60841.005666956175,212.4025821685791,551.3464965820312,0.2781051893588413,198.64878845214844,551.3464965820312,0,1,1,1,-14287.114565623184,3,31.20000641025575,22.061736105755596,4811.675382172964,551.3464965820312,CLEAN,10123
2,1,1,244.99470615386963,231.00286865234375,122.49735307693481,16343.9610443196,13.991837501525879,231.00286865234375,0.05711077484563387,13.991837501525879,231.00286865234375,0,1,1,1,-16343.9610443196,2,0.0,0.0,933.4162792879476,231.00286865234375,CLEAN,10407
2,1,1,278.5524616241455,266.6623229980469,139.27623081207275,15604.537697796048,11.890138626098633,266.6623229980469,0.04268545521648325,11.890138626098633,266.6623229980469,0,1,1,1,-15604.537697796048,2,0.0,0.0,666.0867950731978,266.6623229980469,CLEAN,16767
2,1,1,516.5157012939453,445.45684814453125,258.25785064697266,27385.864663222965,71.05885314941406,445.45684814453125,0.13757346189361044,71.05885314941406,445.45684814453125,0,1,1,1,-27385.864663222965,2,11.914715469640893,11.914715469640893,3767.5682086694774,445.45684814453125,MISSED_PROTON,17448
2,1,1,336.99627685546875,182.52102661132812,168.49813842773438,29.916982515965334,182.52102661132812,154.47525024414062,0.5416114038838711,182.52102661132812,154.47525024414062,0,1,1,1,-29.916982515965334,2,0.0,0.0,16.20337890044121,154.47525024414062,MISSED_PROTON,19970
3,1,2,360.90046215057373,199.48731994628906,120.30015405019124,24118.742354559592,15.878230094909668,345.02223205566406,0.0439961478583117,15.878230094909668,199.48731994628906,0,1,1,1,-24118.742354559592,3,21.015546741400755,15.30837710797588,1877.863648596709,199.48731994628906,CLEAN,14616
2,1,1,564.4312744140625,494.89166259765625,282.21563720703125,118.51662494689394,494.89166259765625,69.53961181640625,0.876797025663407,494.89166259765625,69.53961181640625,1,0,1,1,118.51662494689394,2,0.0,0.0,14.601600701791797,494.89166259765625,MISSED_PROTON,19525
3,2,1,669.8974647521973,366.8431701660156,223.29915491739908,11951.587794213641,410.2220802307129,259.6753845214844,0.6123654765322313,366.8431701660156,259.6753845214844,1,0,1,1,11951.587794213641,3,15.599999999999998,11.627545194923991,4632.8489434548665,43.378910064697266,MISSED_PROTON,9709
3,1,2,385.8783264160156,224.89242553710938,128.62610880533853,17144.083155450036,125.84264373779297,260.03568267822266,0.3261200101767881,125.84264373779297,224.89242553710938,0,0,0,1,-30.887316287553254,3,15.88627096387877,11.23328992632563,1571.443179906548,224.89242553710938,MISSED_PROTON,19754
2,1,1,313.2902069091797,299.63018798828125,156.64510345458984,33644.22438676319,13.660018920898438,299.63018798828125,0.04360180631135517,13.660018920898438,299.63018798828125,0,1,1,1,-33644.22438676319,2,4.50334907485529,4.50334907485529,1466.9489552074208,299.63018798828125,CLEAN,17100
3,1,2,493.129581451416,293.78448486328125,164.37652715047201,17183.612363271233,21.498065948486328,471.6315155029297,0.04359516597080144,21.498065948486328,293.78448486328125,0,1,1,1,-17183.612363271233,3,15.011133333333333,11.233292893695754,3239.608838761469,177.84703063964844,CLEAN,10528
3,2,1,401.0397262573242,329.5235595703125,133.6799087524414,42610.67764636896,71.51616668701172,329.5235595703125,0.1783268888457297,44.75776672363281,329.5235595703125,0,1,1,1,-10055.229164377624,3,10.82466650700047,8.491572879953134,-6089.928341676422,329.5235595703125,CLEAN,284
5,1,4,1342.6085739135742,561.5830078125,268.52171478271487,35047.61703999818,237.06793212890625,1105.540641784668,0.17657263385252794,237.06793212890625,561.5830078125,1,0,1,1,5169.770802722096,5,28.13772019637696,25.853983739810776,11454.128074815953,237.06793212890625,MISSED_PROTON,10019
2,1,1,405.3012294769287,387.0181579589844,202.65061473846436,24855.214803095143,18.283071517944336,387.0181579589844,0.04510983482961548,18.283071517944336,387.0181579589844,0,1,1,1,-24855.214803095143,2,0.0,0.0,1121.2146344222356,387.0181579589844,CLEAN,19636
2,1,1,391.3020477294922,256.0570373535156,195.6510238647461,26.972366250675055,256.0570373535156,135.24501037597656,0.6543718307616123,256.0570373535156,135.24501037597656,0,1,1,1,-26.972366250675055,2,0.0,0.0,17.649956683426964,135.24501037597656,MISSED_PROTON,17056
2,1,1,465.2116355895996,414.93701171875,232.6058177947998,9604.014343959327,414.93701171875,50.27462387084961,0.8919317144612418,414.93701171875,50.27462387084961,0,1,1,1,-9604.014343959327,2,11.914715469640893,11.914715469640893,-1037.8893644413267,50.27462387084961,MISSED_PROTON,19760
5,2,3,477.20031356811523,147.5630340576172,95.44006271362305,35254.815462460996,136.36699295043945,340.8333206176758,0.28576467590894516,117.13975524902344,147.5630340576172,0,0,0,1,-56.01257822938766,5,30.303103562664997,15.806631125524502,8892.484624718547,147.5630340576172,BS_CROSS_DET,13826
2,1,1,150.66776847839355,128.97715759277344,75.33388423919678,27012.47906208589,21.690610885620117,128.97715759277344,0.1439631787520013,21.690610885620117,128.97715759277344,0,1,1,1,-27012.47906208589,2,4.50334907485529,4.50334907485529,3888.8023517497636,128.97715759277344,CLEAN,9093
3,1,2,527.4373550415039,257.9025573730469,175.8124516805013,32549.078804944395,71.09342193603516,456.34393310546875,0.13479026704591454,71.09342193603516,257.9025573730469,1,0,1,1,1827.9903030456733,3,36.026675931423064,26.51491649648468,14775.383520950545,71.09342193603516,MISSED_PROTON,12652
2,1,1,1513.1953125,1247.256103515625,756.59765625,7981.452630423061,265.939208984375,1247.256103515625,0.1757467835034514,265.939208984375,1247.256103515625,1,0,1,1,7981.452630423061,2,25.07351564679353,25.073515646793528,6578.738002941047,265.939208984375,MISSED_PROTON,3930
3,1,2,727.6042327880859,298.18963623046875,242.5347442626953,5798.43860597907,298.18963623046875,429.4145965576172,0.40982394383254805,298.18963623046875,255.05274963378906,0,1,1,1,-5798.43860597907,3,39.373774570786466,27.841462999913556,-1989.250373814255,255.05274963378906,MISSED_PROTON,16206
3,1,2,465.9111442565918,333.1444396972656,155.30371475219727,29552.713200913622,44.1240119934082,421.7871322631836,0.09470477909218615,44.1240119934082,333.1444396972656,1,0,1,1,551.5010638715572,3,26.17278580587095,22.466583149646944,5465.443622322445,44.1240119934082,MISSED_PROTON,18775
3,1,2,363.3721866607666,216.79806518554688,121.12406222025554,30609.30115670777,21.914522171020508,341.4576644897461,0.06030874947366087,21.914522171020508,216.79806518554688,0,1,1,1,-30609.30115670777,3,36.026666666666664,25.47470030354735,10828.11046685195,216.79806518554688,CLEAN,12641
2,1,1,313.71767807006836,295.23553466796875,156.85883903503418,36755.28313616465,18.48214340209961,295.23553466796875,0.05891329910318809,18.48214340209961,295.23553466796875,0,1,1,1,-36755.28313616465,2,4.50335,4.50335,2165.3749890232334,295.23553466796875,CLEAN,15423
3,1,2,475.6912260055542,325.7825012207031,158.5637420018514,39603.87054814707,9.75427532196045,465.93695068359375,0.020505476638424603,9.75427532196045,325.7825012207031,0,0,0,1,-22031.316560690353,3,10.824657262010655,8.491549309754964,27574.9200648098,140.15444946289062,BS_CROSS_DET,1321
4,2,2,1295.8041305541992,957.5311279296875,323.9510326385498,47741.161167373175,199.81597137451172,1095.9881591796875,0.15420229544186814,140.2737579345703,957.5311279296875,0,1,1,1,-7777.15350457965,4,36.86139444107649,30.873301602871614,-3881.166352775656,957.5311279296875,MISSED_PROTON,6825
3,1,2,416.8572120666504,279.76416015625,138.9524040222168,11948.161682279688,55.17241287231445,361.68479919433594,0.1323532645597914,55.17241287231445,279.76416015625,0,0,0,1,-11944.501333344428,3,37.497733857453895,26.514901889734045,-2344.8728233033576,81.92063903808594,MISSED_PROTON,14944
2,1,1,240.06484985351562,147.92352294921875,120.03242492675781,17107.313633854632,92.14132690429688,147.92352294921875,0.38381848471577695,92.14132690429688,147.92352294921875,1,0,1,1,17107.313633854632,2,35.17214087488136,35.17214087488136,10541.210437350996,92.14132690429688,MISSED_PROTON,8970
3,2,1,532.6211795806885,486.4808044433594,177.54039319356283,30290.140536098555,46.1403751373291,486.4808044433594,0.0866288779084106,35.262210845947266,486.4808044433594,0,1,1,1,-15004.407404929992,3,27.515814442688125,19.456618982295517,2311.8076753018036,486.4808044433594,CLEAN,7448
2,1,1,1233.7767028808594,736.1555786132812,616.8883514404297,287.7344972578185,736.1555786132812,497.6211242675781,0.5966684059557645,736.1555786132812,497.6211242675781,1,0,1,1,287.7344972578185,2,19.629567690667564,19.629567690667564,-171.68208381730582,736.1555786132812,MISSED_PROTON,16601
2,1,1,325.3251953125,185.1623992919922,162.66259765625,35745.12273371745,185.1623992919922,140.1627960205078,0.5691609563597723,185.1623992919922,140.1627960205078,1,0,1,1,35745.12273371745,2,9.006673149531963,9.006673149531963,15400.394493397389,185.1623992919922,MISSED_PROTON,10376
3,2,1,596.9231910705566,342.6666564941406,198.9743970235189,4988.601792475149,254.25653457641602,342.6666564941406,0.42594514399820455,230.39344787597656,342.6666564941406,1,1,0,1,4984.605950941801,3,46.896243315832635,33.160651660799566,-1923.7402992639104,230.39344787597656,MISSED_PROTON,16624
4,1,3,376.2323455810547,204.30819702148438,94.05808639526367,20161.820065096144,99.2192153930664,277.0131301879883,0.26371793004621086,99.2192153930664,204.30819702148438,0,0,0,1,-1799.9973408252924,4,39.06494702006679,26.925997595017254,9833.676279705747,38.97624969482422,MISSED_PROTON,12109
2,1,1,1737.3713989257812,1267.3662109375,868.6856994628906,14374.318363755758,1267.3662109375,470.00518798828125,0.7294733939565909,1267.3662109375,470.00518798828125,0,1,1,1,-14374.318363755758,2,29.530336574825895,29.530336574825895,10485.682802621464,470.00518798828125,MISSED_PROTON,540
2,1,1,269.9180908203125,181.01803588867188,134.95904541015625,30.673319589348885,181.01803588867188,88.90005493164062,0.6706406204139077,181.01803588867188,88.90005493164062,0,1,1,1,-30.673319589348885,2,0.0,0.0,20.570774079555008,88.90005493164062,MISSED_PROTON,11542
4,2,2,531.746823310852,277.3003234863281,132.936705827713,51945.67419250115,285.7224054336548,246.02441787719727,0.5373279028817541,277.3003234863281,184.50413513183594,1,1,0,1,939.6658759044489,3,33.83333407042692,25.826092941872222,13166.447169584568,277.3003234863281,BS_CROSS_DET,5885
3,2,1,713.8706741333008,372.1553039550781,237.95689137776694,29242.92092029848,402.23462677001953,311.63604736328125,0.5634558770163326,372.1553039550781,311.63604736328125,1,0,1,1,29242.92092029848,2,39.25915937997782,39.25915937997782,13900.644300200915,372.1553039550781,CLEAN,8385
5,1,4,1999.8008575439453,974.40234375,399.9601715087891,28901.470494229306,331.731689453125,1668.0691680908203,0.1658823618370387,331.731689453125,974.40234375,0,0,0,1,-16540.95359470709,5,39.010402527987324,27.079973714581037,16892.80756536478,353.4496765136719,MISSED_PROTON,2110
3,1,2,533.0879039764404,447.803955078125,177.69596799214682,51041.05031638352,19.204267501831055,513.8836364746094,0.03602457935845376,19.204267501831055,447.803955078125,0,1,1,1,-51041.05031638352,3,15.886224298778837,11.233256929117022,-148.39894784719812,66.07968139648438,CLEAN,18542
3,2,1,471.9310426712036,416.79156494140625,157.31034755706787,42051.688730735616,55.13947772979736,416.79156494140625,0.11683799696180036,42.41377639770508,416.79156494140625,1,1,0,1,8321.511095868236,3,39.71565221191486,28.322899167203126,161.6622952301066,42.41377639770508,CLEAN,18878
3,1,2,1010.4987640380859,414.2354736328125,336.8329213460286,37264.98139527697,414.2354736328125,596.2632904052734,0.40993169746934977,414.2354736328125,409.7917785644531,0,1,1,1,-37264.98139527697,3,43.60978225491514,38.09392771351127,19872.91344522407,409.7917785644531,MISSED_PROTON,7647
2,1,1,453.7910690307617,339.0711975097656,226.89553451538086,1554.4148608249427,339.0711975097656,114.7198715209961,0.7471967181592561,339.0711975097656,114.7198715209961,0,1,1,1,-1554.4148608249427,2,19.629567690667564,19.629567690667564,1161.453682666374,114.7198715209961,MISSED_PROTON,16795
3,1,2,350.83070182800293,238.50747680664062,116.94356727600098,33365.106189243816,17.883283615112305,332.9474182128906,0.05097411236226328,17.883283615112305,238.50747680664062,0,1,1,1,-33365.106189243816,3,6.004466666666667,4.245799097408585,1700.756920888238,238.50747680664062,CLEAN,7060
2,1,1,1204.4673461914062,630.0076904296875,602.2336730957031,3726.3425973902217,630.0076904296875,574.4596557617188,0.523059170032137,630.0076904296875,574.4596557617188,1,0,1,1,3726.3425973902217,2,16.23699976050071,16.23699976050071,-1949.0976662463268,630.0076904296875,MISSED_PROTON,1972
3,1,2,548.9555110931396,415.5606689453125,182.98517036437988,63613.25120090862,28.123441696166992,520.8320693969727,0.05123082131039098,28.123441696166992,415.5606689453125,0,1,1,1,-63613.25120090862,3,10.400002136751917,7.353912035251865,5749.348824081086,415.5606689453125,CLEAN,9248
4,1,3,2173.3793563842773,1588.04931640625,543.3448390960693,42291.99617668263,1588.04931640625,585.3300399780273,0.7306820651173358,1588.04931640625,302.9276428222656,0,1,1,1,-42291.99617668263,4,25.073484215850414,17.44132544182064,23945.575025750644,302.9276428222656,MISSED_PROTON,7594
2,1,1,576.7507629394531,419.6855773925781,288.37538146972656,30.154040446665054,157.065185546875,419.6855773925781,0.2723276597786895,157.065185546875,419.6855773925781,0,1,1,1,-30.154040446665054,2,0.0,0.0,8.211779267712243,419.6855773925781,MISSED_PROTON,6557
3,1,2,254.73234176635742,130.53085327148438,84.91078058878581,35779.5956489869,15.805278778076172,238.92706298828125,0.062046612018245025,15.805278778076172,130.53085327148438,0,0,0,1,-21728.27714496604,3,26.17272462834374,18.50691106683002,16573.451183774418,130.53085327148438,CLEAN,2749
2,1,1,580.86474609375,322.9065856933594,290.432373046875,16022.178956988544,257.9581604003906,322.9065856933594,0.44409333176979704,257.9581604003906,322.9065856933594,1,0,1,1,16022.178956988544,2,32.474014153204095,32.474014153204095,8906.83612176757,257.9581604003906,MISSED_PROTON,12833
2,1,1,227.61871910095215,206.72122192382812,113.80935955047607,21103.219405495016,20.897497177124023,206.72122192382812,0.09180922052309629,20.897497177124023,206.72122192382812,0,1,1,1,-21103.219405495016,2,0.0,0.0,1937.4701241463767,206.72122192382812,CLEAN,16771
3,1,2,1027.5474853515625,371.3003845214844,342.5158284505208,34303.09253726084,333.813720703125,693.7337646484375,0.3248645200945772,333.813720703125,371.3003845214844,0,0,0,1,-12315.404649539596,3,43.60978233899413,32.33490973095315,4080.7256875650914,322.4333801269531,MISSED_PROTON,18672
2,1,1,311.4823684692383,227.81536865234375,155.74118423461914,27.750270862493238,227.81536865234375,83.66699981689453,0.7313908962870962,227.81536865234375,83.66699981689453,0,1,1,1,-27.750270862493238,2,0.0,0.0,20.29629547832862,83.66699981689453,MISSED_PROTON,8290
2,1,1,528.5196380615234,376.67938232421875,264.2598190307617,19092.42016659144,151.8402557373047,376.67938232421875,0.2872934982968966,151.8402557373047,376.67938232421875,1,0,1,1,19092.42016659144,2,11.914693773761035,11.914693773761035,13607.291985977168,151.8402557373047,MISSED_PROTON,17569
2,1,1,648.5869445800781,564.197265625,324.29347229003906,14925.436968991069,564.197265625,84.38967895507812,0.8698868676585597,564.197265625,84.38967895507812,1,0,1,1,14925.436968991069,2,23.8293836937194,23.8293836937194,1941.9953556001608,564.197265625,MISSED_PROTON,1241
2,1,1,270.9344062805176,237.3684539794922,135.4672031402588,14345.988114319463,33.56595230102539,237.3684539794922,0.12388958922504727,33.56595230102539,237.3684539794922,0,1,1,1,-14345.988114319463,2,0.0,0.0,1777.3185745104488,237.3684539794922,CLEAN,10957
2,1,1,695.0001831054688,480.0274658203125,347.5000915527344,10687.003307428517,480.0274658203125,214.97271728515625,0.6906868192111923,480.0274658203125,214.97271728515625,0,1,1,1,-10687.003307428517,2,35.172170749365186,35.172170749365186,-3305.630986121222,214.97271728515625,MISSED_PROTON,16326
2,1,1,529.8643035888672,372.33282470703125,264.9321517944336,12415.684647024298,157.53147888183594,372.33282470703125,0.2973053248064582,157.53147888183594,372.33282470703125,1,0,1,1,12415.684647024298,2,16.23703134473787,16.23703134473787,-3691.2491566781155,157.53147888183594,MISSED_PROTON,10140
6,1,5,2147.435562133789,570.0657348632812,357.90592702229816,37467.65569899282,360.68048095703125,1786.7550811767578,0.16795869795443027,360.68048095703125,570.0657348632812,0,0,0,1,-30964.041488499573,6,36.40001374543391,28.24323895168934,8790.148267445184,140.9649200439453,MISSED_PROTON,8322
2,1,1,311.8332233428955,290.3108825683594,155.91661167144775,57164.664202622385,21.522340774536133,290.3108825683594,0.06901875478120531,21.522340774536133,290.3108825683594,0,1,1,1,-57164.664202622385,2,4.503324074780762,4.503324074780761,3945.43394075074,290.3108825683594,CLEAN,7327
4,1,3,612.0467987060547,327.6523742675781,153.01169967651367,50825.87108188685,19.095748901367188,592.9510498046875,0.031199818284709677,19.095748901367188,327.6523742675781,0,1,1,1,-50825.87108188685,4,31.52330602333177,18.567702048500106,-3936.3923426362235,209.74676513671875,CLEAN,17446
2,1,1,315.9776496887207,291.0296325683594,157.98882484436035,14153.619591093488,24.948017120361328,291.0296325683594,0.07895500566238906,24.948017120361328,291.0296325683594,0,1,1,1,-14153.619591093488,2,36.861377642764516,36.861377642764516,1117.499114958087,291.0296325683594,CLEAN,9336
4,1,3,786.8156967163086,314.3735656738281,196.70392417907715,45584.61568103207,314.3735656738281,472.44213104248047,0.3995517209250307,314.3735656738281,260.5006408691406,0,0,0,1,-13510.778856712415,4,39.06494803280333,24.97218360329899,7760.850527024256,149.3083953857422,MISSED_PROTON,9856
2,1,1,436.9947986602783,413.7100524902344,218.49739933013916,14714.225243583853,23.284746170043945,413.7100524902344,0.05328380621789874,23.284746170043945,413.7100524902344,0,1,1,1,-14714.225243583853,2,0.0,0.0,784.0299265256358,413.7100524902344,CLEAN,1898
2,1,1,472.0088577270508,345.27911376953125,236.0044288635254,41279.217523226594,126.72974395751953,345.27911376953125,0.2684901816626579,126.72974395751953,345.27911376953125,0,1,1,1,-41279.217523226594,2,20.636860832016094,20.636860832016094,11083.064611703481,345.27911376953125,MISSED_PROTON,8655
3,1,2,233.63542366027832,178.6590118408203,77.8784745534261,24089.86927641051,19.09902000427246,214.53640365600586,0.08174710711695725,19.09902000427246,178.6590118408203,0,1,1,1,-24089.86927641051,3,16.715643835640915,12.37846825526756,6661.944824798602,35.87739181518555,CLEAN,12667
3,1,2,733.0944023132324,489.2780456542969,244.36480077107748,37423.82966483659,30.463253021240234,702.6311492919922,0.04155433860238926,30.463253021240234,489.2780456542969,0,1,1,1,-37423.82966483659,3,41.60000854700767,29.41564814100746,-142.150646023034,213.3531036376953,CLEAN,15312
5,1,4,1769.2771320343018,839.913330078125,353.8554264068604,52323.17587216917,17.576692581176758,1751.700439453125,0.009934391997124389,17.576692581176758,839.913330078125,0,1,1,1,-52323.17587216917,5,36.16152292049659,25.916659859912503,19828.03852770642,252.0680389404297,CLEAN,13770
3,1,2,247.77187538146973,169.81307983398438,82.59062512715657,24223.56367509582,25.401071548461914,222.3708038330078,0.10251797751199328,25.401071548461914,169.81307983398438,0,1,1,1,-24223.56367509582,3,7.943135481939385,6.713181255477084,2491.9230581756983,169.81307983398438,BS_SAME_DET,6557
2,1,1,297.9850158691406,179.10791015625,148.9925079345703,23969.29199755363,179.10791015625,118.87710571289062,0.6010634784230385,179.10791015625,118.87710571289062,0,1,1,1,-23969.29199755363,2,27.392720962374295,27.39272096237429,14407.066023387088,118.87710571289062,MISSED_PROTON,83
3,1,2,132.0623893737793,64.28500366210938,44.02079645792643,30584.70866477863,24.066524505615234,107.99586486816406,0.18223602207816475,24.066524505615234,64.28500366210938,0,1,1,1,-30584.70866477863,3,33.431353526559136,23.639536782874764,11650.24641365282,43.71086120605469,CLEAN,8274
2,1,1,664.9872283935547,479.31610107421875,332.49361419677734,40166.73722131667,479.31610107421875,185.67112731933594,0.7207899349166876,479.31610107421875,185.67112731933594,1,0,1,1,40166.73722131667,2,20.636860832016094,20.636860832016094,11214.957313748135,479.31610107421875,MISSED_PROTON,13974
5,1,4,578.4789791107178,225.5201873779297,115.69579582214355,46877.61821703102,16.719377517700195,561.7596015930176,0.02890230781315944,16.719377517700195,225.5201873779297,0,1,1,1,-46877.61821703102,5,28.310164068447218,15.390595801644587,1710.7903026678398,61.00833511352539,BS_SAME_DET,2013
2,1,1,91.40584564208984,63.56202697753906,45.70292282104492,17235.01284401065,27.84381866455078,63.56202697753906,0.3046174833672725,27.84381866455078,63.56202697753906,0,1,1,1,-17235.01284401065,2,0.0,0.0,5250.086238345142,63.56202697753906,CLEAN,4318
4,2,2,1495.5773181915283,1065.33154296875,373.8943295478821,32698.421507110965,183.1115436553955,1312.4657745361328,0.12243535752254947,169.451171875,1065.33154296875,0,1,1,1,-13182.975350384413,4,30.45997630087719,18.703744778786948,13865.219750282638,247.1342315673828,CLEAN,7876
2,1,1,614.5923624038696,603.9386596679688,307.2961812019348,54507.07624445044,10.653702735900879,603.9386596679688,0.01733458368117495,10.653702735900879,603.9386596679688,0,1,1,1,-54507.07624445044,2,0.0,0.0,944.8574743756093,603.9386596679688,CLEAN,11509
2,1,1,393.37244415283203,309.85028076171875,196.68622207641602,15462.248273322835,83.52216339111328,309.85028076171875,0.2123233709747688,83.52216339111328,309.85028076171875,0,1,1,1,-15462.248273322835,2,22.516645373811794,22.516645373811794,3282.996676240703,309.85028076171875,MISSED_PROTON,13034
3,1,2,552.4120388031006,446.0437927246094,184.1373462677002,34965.37485013553,31.883405685424805,520.5286331176758,0.05771671043684331,31.883405685424805,446.0437927246094,0,0,0,1,-21295.650511024687,3,15.88629849286625,11.233309392259354,5943.69419733884,446.0437927246094,CLEAN,16937
2,1,1,577.2456817626953,453.0750427246094,288.62284088134766,25.66283436319657,453.0750427246094,124.17063903808594,0.784891177255905,453.0750427246094,124.17063903808594,0,1,1,1,-25.66283436319657,2,0.0,0.0,20.142532275052645,124.17063903808594,MISSED_PROTON,12743
3,1,2,782.2609195709229,507.4751892089844,260.7536398569743,38946.49882212798,21.16990089416504,761.0910186767578,0.027062454948889585,21.16990089416504,507.4751892089844,0,1,1,1,-38946.49882212798,3,19.68689104988393,14.398157767112659,3781.3464716920507,507.4751892089844,CLEAN,11135
3,1,2,1509.4794387817383,1059.2078857421875,503.1598129272461,6172.337084766169,357.2146911621094,1152.264747619629,0.23664760313026065,357.2146911621094,1059.2078857421875,0,0,0,1,-26.22408770319296,3,23.44809391658757,16.983124152391856,4337.360002940626,93.0568618774414,MISSED_PROTON,1851
2,1,1,833.6834716796875,522.4487915039062,416.84173583984375,25717.648228473907,522.4487915039062,311.23468017578125,0.6266752421650962,522.4487915039062,311.23468017578125,0,1,1,1,-25717.648228473907,2,29.53033092808985,29.53033092808985,16116.613431495642,311.23468017578125,MISSED_PROTON,8123
4,2,2,1349.9825744628906,661.162353515625,337.49564361572266,32762.7773254802,799.1042022705078,550.8783721923828,0.5919366793222813,661.162353515625,401.6783752441406,0,0,0,1,-18076.46585937907,4,29.530311865776152,19.62956280435201,22590.939815940503,149.1999969482422,MISSED_PROTON,16056
5,2,3,841.5337772369385,504.0267639160156,168.3067554473877,31429.486145056308,149.56985092163086,691.9639263153076,0.1777348158415258,112.36830139160156,504.0267639160156,0,0,0,1,-30364.017266689687,5,54.24973576668923,34.08281841371691,3879.5627136133685,160.1810760498047,CLEAN,3734
3,1,2,1371.5124588012695,826.7181396484375,457.17081960042316,19674.485266315365,826.7181396484375,544.794319152832,0.6027784394835219,826.7181396484375,474.4969177246094,0,0,0,1,-2020.4251551677364,3,39.37378209976786,30.616782300235275,2226.292072408678,474.4969177246094,MISSED_PROTON,10234
2,1,1,356.8442497253418,294.29937744140625,178.4221248626709,38.956063390985726,62.54487228393555,294.29937744140625,0.17527218760586863,62.54487228393555,294.29937744140625,0,1,1,1,-38.956063390985726,2,0.0,0.0,6.827914451050962,294.29937744140625,MISSED_PROTON,13317
2,1,1,134.00314235687256,123.13605499267578,67.00157117843628,28082.26390804985,10.867087364196777,123.13605499267578,0.08109576516687889,10.867087364196777,123.13605499267578,0,1,1,1,-28082.26390804985,2,0.0,0.0,2277.3526792415287,123.13605499267578,CLEAN,15312
3,2,1,137.0439853668213,73.51116943359375,45.681328455607094,16613.572938325673,89.6632251739502,47.380760192871094,0.6542660368052745,73.51116943359375,47.380760192871094,1,1,0,1,13302.540739405544,2,4.503300000000001,4.5033,6557.2220953050755,73.51116943359375,BS_CROSS_DET,15470
4,1,3,2015.1534881591797,1577.2510986328125,503.7883720397949,27682.55230665818,71.61273193359375,1943.540756225586,0.03553711037614866,71.61273193359375,1577.2510986328125,0,1,1,1,-27682.55230665818,3,13.75793025458408,13.757912338965772,-10945.434859102776,1577.2510986328125,MISSED_PROTON,10901
2,1,1,87.53980255126953,62.87273406982422,43.769901275634766,44.716400246455684,24.667068481445312,62.87273406982422,0.28178117567718436,24.667068481445312,62.87273406982422,1,0,1,1,44.716400246455684,2,0.0,0.0,32.11616041295787,24.667068481445312,MISSED_ELECTRON,3206
3,2,1,1895.4852905273438,1291.486328125,631.8284301757812,40906.02007620678,1619.8114013671875,275.67388916015625,0.8545628971441604,1291.486328125,275.67388916015625,1,1,0,1,14748.348763546332,3,28.63935327396747,22.466561372453558,30016.218333689187,328.3250732421875,MISSED_PROTON,6499
2,1,1,515.815544128418,394.7490234375,257.907772064209,34883.19217551605,121.06652069091797,394.7490234375,0.2347089421190012,121.06652069091797,394.7490234375,0,1,1,1,-34883.19217551605,2,31.52331666754785,31.52331666754785,8187.397133249194,394.7490234375,MISSED_PROTON,11216
2,1,1,553.700439453125,410.6490783691406,276.8502197265625,25.646195404990788,410.6490783691406,143.05136108398438,0.741644848204794,410.6490783691406,143.05136108398438,0,1,1,1,-25.646195404990788,2,4.503324074780764,4.503324074780762,19.02036869816488,143.05136108398438,MISSED_PROTON,10194
2,1,1,276.89471435546875,144.8397979736328,138.44735717773438,31.836859553108102,132.05491638183594,144.8397979736328,0.47691382151956857,132.05491638183594,144.8397979736328,0,1,1,1,-31.836859553108102,2,0.0,0.0,15.183438354654568,144.8397979736328,MISSED_PROTON,9744
2,1,1,168.54321002960205,153.61260986328125,84.27160501480103,55176.125827813725,14.9306001663208,153.61260986328125,0.08858618608069983,14.9306001663208,153.61260986328125,0,1,1,1,-55176.125827813725,2,4.503324074780762,4.503324074780761,4887.842549794814,153.61260986328125,CLEAN,18822
4,1,3,482.78287506103516,285.2820129394531,120.69571876525879,29643.505444046506,31.730838775634766,451.0520362854004,0.06572486393935004,31.730838775634766,285.2820129394531,0,0,0,1,-29150.501244012445,4,16.237007076602048,10.069768361877793,5287.347661475303,285.2820129394531,CLEAN,19423
2,1,1,138.89152145385742,91.81233978271484,69.44576072692871,17829.14156795618,47.07918167114258,91.81233978271484,0.3389636831560178,47.07918167114258,91.81233978271484,0,1,1,1,-17829.14156795618,2,11.914668224084128,11.914668224084128,6043.431493384485,91.81233978271484,MISSED_PROTON,7619
2,1,1,487.322509765625,252.80953979492188,243.6612548828125,1508.5288257903612,252.80953979492188,234.51296997070312,0.5187725473968137,252.80953979492188,234.51296997070312,1,0,1,1,1508.5288257903612,2,27.02,27.02,725.9454840135714,252.80953979492188,MISSED_PROTON,19307
4,2,2,524.3879337310791,357.57379150390625,131.09698343276978,23550.519194813853,380.8172359466553,143.57069778442383,0.7262128120246738,357.57379150390625,91.6444091796875,1,1,0,1,40.42386921836784,3,31.772546590413558,22.466583149646944,2200.055336543377,357.57379150390625,BS_CROSS_DET,11188
5,3,2,551.3801250457764,260.7104187011719,110.27602500915528,33182.02876286997,190.01263999938965,361.3674850463867,0.34461278411806107,131.83282470703125,260.7104187011719,0,0,0,1,-32.90050789352269,4,43.83527264864021,26.355090703446177,6919.1480564928515,260.7104187011719,BS_CROSS_DET,18977
4,1,3,1189.829330444336,591.8563232421875,297.457332611084,32205.662237409513,208.41543579101562,981.4138946533203,0.1751641436786433,208.41543579101562,591.8563232421875,0,0,0,1,-29.56762880072252,4,23.8293836937194,15.59998877139019,16458.302001491826,213.21739196777344,MISSED_PROTON,16005
4,2,2,1288.1841354370117,901.3714599609375,322.04603385925293,26375.249043338867,106.31060028076172,1181.87353515625,0.08252748761317126,65.87361907958984,901.3714599609375,1,0,1,1,13794.529575650778,4,47.28499028497309,29.444357163130594,8371.868849565019,40.436981201171875,MISSED_PROTON,4924
2,1,1,580.1609039306641,375.5037841796875,290.08045196533203,36849.684780519405,204.65711975097656,375.5037841796875,0.3527592403493557,204.65711975097656,375.5037841796875,1,0,1,1,36849.684780519405,2,18.013346299063922,18.013346299063922,23850.617970230167,204.65711975097656,MISSED_PROTON,512
2,1,1,361.5562210083008,317.8719177246094,180.7781105041504,6267.126246062069,43.684303283691406,317.8719177246094,0.12082298891681491,43.684303283691406,317.8719177246094,1,0,1,1,6267.126246062069,2,33.9994132302309,33.9994132302309,-757.2129249682373,43.684303283691406,MISSED_PROTON,18359
3,1,2,617.2296905517578,448.4766540527344,205.74323018391928,23959.66632342782,33.82789611816406,583.4017944335938,0.054806009231222204,33.82789611816406,448.4766540527344,0,1,1,1,-23959.66632342782,3,5.199999999999999,5.199981467274667,1313.1346616709204,134.92514038085938,CLEAN,13775
2,1,1,506.3229217529297,324.7416076660156,253.16146087646484,3891.41627994379,324.7416076660156,181.58131408691406,0.6413725188299488,324.7416076660156,181.58131408691406,0,1,1,1,-3891.41627994379,2,4.503299999999999,4.503299999999999,2495.847461283418,181.58131408691406,MISSED_PROTON,2756
2,1,1,550.5134811401367,448.9172668457031,275.25674057006836,1810.881882855915,448.9172668457031,101.5962142944336,0.8154519048579455,448.9172668457031,101.5962142944336,0,1,1,1,-1810.881882855915,2,0.0,0.0,-334.19480200831623,101.5962142944336,MISSED_PROTON,11950
2,1,1,729.0884399414062,440.6286315917969,364.5442199707031,8473.727197463106,288.4598083496094,440.6286315917969,0.39564446855417384,288.4598083496094,440.6286315917969,0,1,1,1,-8473.727197463106,2,4.503324074780762,4.503324074780761,3352.5832937133396,440.6286315917969,MISSED_PROTON,6383
2,1,1,412.42942810058594,327.406982421875,206.21471405029297,11806.409523107352,327.406982421875,85.02244567871094,0.7938497112820594,327.406982421875,85.02244567871094,1,0,1,1,11806.409523107352,2,11.914693773761035,11.914693773761035,2433.8947319108247,327.406982421875,MISSED_PROTON,15228
3,2,1,850.8521900177002,574.2947387695312,283.6173966725667,32254.903105967438,276.55745124816895,574.2947387695312,0.3250358340646872,259.6717834472656,574.2947387695312,1,1,0,1,8491.802216934144,2,15.600003205127877,15.600003205127877,6371.77993811314,259.6717834472656,CLEAN,13198
3,1,2,434.7778949737549,304.74591064453125,144.92596499125162,76.49403715726076,28.213762283325195,406.5641326904297,0.0648923567860512,28.213762283325195,304.74591064453125,0,0,0,1,-8.13557088157972,3,7.943135481939386,6.713181255477084,54.14438118267052,101.81822204589844,BS_CROSS_DET,10799
2,1,1,197.7272434234619,186.02650451660156,98.86362171173096,32632.76782061328,11.700738906860352,186.02650451660156,0.059176159563411816,11.700738906860352,186.02650451660156,0,1,1,1,-32632.76782061328,2,0.0,0.0,1931.0818755483817,186.02650451660156,CLEAN,7449
3,1,2,1005.8427925109863,758.88818359375,335.2809308369954,4865.5973465150555,25.454776763916016,980.3880157470703,0.02530691371796849,25.454776763916016,758.88818359375,0,1,1,1,-4865.5973465150555,3,27.515795043756224,20.799983603999944,-3669.438530430629,221.4998321533203,MISSED_ELECTRON,9481
4,1,3,2174.4919357299805,1624.742919921875,543.6229839324951,25127.119431904746,281.890869140625,1892.6010665893555,0.12963527916970352,281.890869140625,1624.742919921875,0,0,0,1,-28.008366520457102,4,24.76833241117829,17.295364776057053,8962.0451123699,183.76992797851562,MISSED_PROTON,11044
5,1,4,704.5553817749023,337.57550048828125,140.91107635498048,32528.780218247648,21.85767364501953,682.6977081298828,0.031023357723783333,21.85767364501953,337.57550048828125,0,0,0,1,-16171.760304134888,5,43.82835512416591,22.64241762515655,12499.041114774282,337.57550048828125,CLEAN,18907
3,1,2,597.7970771789551,449.5926208496094,199.26569239298502,25585.546372150773,43.63711929321289,554.1599578857422,0.07299654173476293,43.63711929321289,449.5926208496094,0,1,1,1,-25585.546372150773,3,29.568446537107388,23.060487012107,3235.6858165877225,449.5926208496094,MISSED_PROTON,7018
3,1,2,566.2411003112793,275.0199279785156,188.7470334370931,41541.54623721185,18.724987030029297,547.51611328125,0.033068929506769505,18.724987030029297,275.0199279785156,0,0,0,1,-24615.340006483428,3,34.62330318167231,24.756951934490374,20805.33327076096,275.0199279785156,CLEAN,4092
2,1,1,221.67591857910156,140.4779815673828,110.83795928955078,41853.79814274803,81.19793701171875,140.4779815673828,0.3662911945157658,81.19793701171875,140.4779815673828,0,1,1,1,-41853.79814274803,2,7.800001602563938,7.800001602563937,15330.677716728916,140.4779815673828,MISSED_PROTON,11449
3,1,2,684.6985321044922,304.4140930175781,228.23284403483072,36544.82559800135,303.218994140625,381.4795379638672,0.44285036395309607,303.218994140625,304.4140930175781,0,1,1,1,-36544.82559800135,3,31.772511591625868,29.720465233236173,29940.462559809795,77.06544494628906,MISSED_PROTON,4110
2,1,1,1998.8799438476562,1584.807373046875,999.4399719238281,23187.257485891776,1584.807373046875,414.07257080078125,0.7928477034975245,1584.807373046875,414.07257080078125,0,1,1,1,-23187.257485891776,2,9.006648149561522,9.006648149561522,18383.963848095078,414.07257080078125,MISSED_PROTON,16780
2,1,1,517.0883712768555,413.7374267578125,258.54418563842773,2579.741898661975,103.35094451904297,413.7374267578125,0.1998709510017343,103.35094451904297,413.7374267578125,0,1,1,1,-2579.741898661975,2,25.073484215850417,25.073484215850417,515.6154666245885,413.7374267578125,MISSED_PROTON,18328
2,1,1,341.3554573059082,297.24810791015625,170.6777286529541,7242.401017023607,297.24810791015625,44.10734939575195,0.8707876248885489,297.24810791015625,44.10734939575195,0,1,1,1,-7242.401017023607,2,16.23699976050071,16.236999760500705,-935.8078369192094,44.10734939575195,MISSED_PROTON,9826
2,1,1,415.55438804626465,384.27886962890625,207.77719402313232,17972.325794857905,31.2755184173584,384.27886962890625,0.07526215416566946,31.2755184173584,384.27886962890625,0,1,1,1,-17972.325794857905,2,0.0,0.0,1352.6359546882334,384.27886962890625,CLEAN,595
3,1,2,976.0286436080933,525.5347290039062,325.34288120269775,37495.839265937015,8.030688285827637,967.9979553222656,0.008227922754541837,8.030688285827637,525.5347290039062,0,0,0,1,-15854.11279068425,3,42.56381324553888,30.32093420090409,17128.441426872923,525.5347290039062,CLEAN,1782
3,1,2,1094.8088912963867,755.8956909179688,364.9362970987956,11166.722992965038,53.12920379638672,1041.6796875,0.04852829038817477,53.12920379638672,755.8956909179688,0,0,0,1,-6102.958694904872,3,26.172724628343744,22.46654751481757,8006.075944396503,285.78399658203125,MISSED_PROTON,6410
2,1,1,501.08177185058594,307.0408630371094,250.54088592529297,26.72939809769074,307.0408630371094,194.04090881347656,0.6127560016864149,307.0408630371094,194.04090881347656,0,1,1,1,-26.72939809769074,2,0.0,0.0,16.37859910582544,194.04090881347656,MISSED_PROTON,2296
2,1,1,94.87246704101562,51.42606735229492,47.43623352050781,14901.31998452452,43.4463996887207,51.42606735229492,0.45794529270476114,43.4463996887207,51.42606735229492,0,1,1,1,-14901.31998452452,2,20.636865677713754,20.636865677713754,6823.989342000388,51.42606735229492,MISSED_PROTON,9834
3,2,1,1770.778995513916,1632.60986328125,590.2596651713053,30646.604354541945,1671.4758262634277,99.30316925048828,0.9439211954162193,1632.60986328125,99.30316925048828,0,1,1,1,-15559.508154079065,3,33.43133324175258,30.616785265203067,28596.840114733935,99.30316925048828,MISSED_PROTON,16913
2,1,1,76.27075576782227,50.922691345214844,38.13537788391113,53.45462344210044,25.348064422607422,50.922691345214844,0.3323431657052161,25.348064422607422,50.922691345214844,0,1,1,1,-53.45462344210044,2,0.0,0.0,17.765278776327918,50.922691345214844,BS_CROSS_DET,883
2,1,1,255.72302627563477,230.35784912109375,127.86151313781738,22.81592200339011,25.365177154541016,230.35784912109375,0.09919003980189407,25.365177154541016,230.35784912109375,0,1,1,1,-22.81592200339011,2,0.0,0.0,2.2631122116331754,230.35784912109375,BS_CROSS_DET,3048
4,1,3,897.0210380554199,427.5773620605469,224.25525951385498,29465.664130001867,30.53792953491211,866.4831085205078,0.03404371607728715,30.53792953491211,427.5773620605469,0,0,0,1,-17419.313954888814,4,9.006685649595248,6.368679660013918,11022.33168282138,427.5773620605469,CLEAN,1208
3,2,1,507.1898002624512,358.4208068847656,169.0632667541504,39922.21973060521,446.61058044433594,60.579219818115234,0.8805590731777969,358.4208068847656,60.579219818115234,1,1,0,1,5242.786515287486,3,18.261798958755403,13.426339874291877,2325.0617198709183,358.4208068847656,MISSED_PROTON,18063
2,1,1,304.7325782775879,261.4765319824219,152.36628913879395,46.11003824779096,43.256046295166016,261.4765319824219,0.14194756116874085,43.256046295166016,261.4765319824219,0,1,1,1,-46.11003824779096,2,0.0,0.0,6.545207474671288,261.4765319824219,MISSED_PROTON,11121
2,1,1,436.9736137390137,421.76336669921875,218.48680686950684,38934.789797440106,15.210247039794922,421.76336669921875,0.0348081590319533,15.210247039794922,421.76336669921875,0,1,1,1,-38934.789797440106,2,4.503299999999999,4.503299999999999,1355.2483551449682,421.76336669921875,CLEAN,1879
4,1,3,1004.3031768798828,386.0265197753906,251.0757942199707,11202.520565500454,386.0265197753906,618.2766571044922,0.3843724969333243,386.0265197753906,285.92572021484375,0,0,0,1,-1904.9094970997273,4,27.39271167766391,17.44133954622967,3359.8931362744174,285.92572021484375,MISSED_PROTON,19565
5,2,3,1004.167667388916,573.3334350585938,200.8335334777832,49191.74915186332,801.1300506591797,203.03761672973633,0.797805064509113,573.3334350585938,87.95306396484375,0,0,0,1,-9923.381596691752,5,26.16586473370219,17.46456061427255,8479.817619986845,70.35253143310547,MISSED_PROTON,19081
4,2,2,1423.9500246047974,1120.335205078125,355.98750615119934,40847.97903382041,1130.522297859192,293.42772674560547,0.7939339712241352,1120.335205078125,170.48191833496094,1,1,0,1,667.1206211008956,4,50.7000104166656,29.616050254802715,-235.52415490772117,1120.335205078125,BS_SAME_DET,13458
2,1,1,516.4384231567383,398.2548828125,258.21921157836914,5393.078961577935,118.18354034423828,398.2548828125,0.2288434303974508,118.18354034423828,398.2548828125,0,1,1,1,-5393.078961577935,2,18.01332129904144,18.01332129904144,1234.1706899718165,398.2548828125,MISSED_PROTON,19474
3,2,1,836.4825668334961,601.0986938476562,278.82752227783203,24534.04205133435,235.38387298583984,601.0986938476562,0.2813972249019908,127.02925872802734,601.0986938476562,1,1,0,1,5882.099131078887,3,25.9999764743697,18.748849035311178,2070.563056896342,108.3546142578125,MISSED_PROTON,6697
2,1,1,320.4574022293091,304.872802734375,160.22870111465454,37439.78373201678,15.584599494934082,304.872802734375,0.048632359204429425,15.584599494934082,304.872802734375,0,1,1,1,-37439.78373201678,2,4.50334907485529,4.50334907485529,1820.7850109915935,304.872802734375,CLEAN,278
2,1,1,635.4203033447266,393.40777587890625,317.7101516723633,9999.856694109043,242.0125274658203,393.40777587890625,0.38086999454048653,242.0125274658203,393.40777587890625,0,1,1,1,-9999.856694109043,2,31.52336309612285,31.52336309612285,-6191.211329618084,393.40777587890625,MISSED_PROTON,19256
2,1,1,341.76749420166016,248.5125732421875,170.88374710083008,1406.5559542513004,248.5125732421875,93.25492095947266,0.7271392904778489,248.5125732421875,93.25492095947266,1,0,1,1,1406.5559542513004,2,25.073484215850417,25.073484215850417,383.79385565961616,248.5125732421875,MISSED_PROTON,19906
2,1,1,686.4926147460938,392.2079772949219,343.2463073730469,9706.96178062563,294.2846374511719,392.2079772949219,0.4286785190835826,294.2846374511719,392.2079772949219,0,1,1,1,-9706.96178062563,2,15.600003205127875,15.600003205127875,4161.166000919531,392.2079772949219,MISSED_PROTON,17728
3,1,2,426.3351516723633,310.0684814453125,142.1117172241211,4419.398043033174,48.764930725097656,377.5702209472656,0.11438167961006719,48.764930725097656,310.0684814453125,0,0,0,1,-4313.984780384939,3,6.004465433140386,4.245798225173788,-3120.819679113185,310.0684814453125,MISSED_PROTON,11563
2,1,1,637.9035625457764,627.9951782226562,318.9517812728882,15451.778889329606,9.908384323120117,627.9951782226562,0.015532730815261884,9.908384323120117,627.9951782226562,0,1,1,1,-15451.778889329606,2,0.0,0.0,240.00832210490302,627.9951782226562,CLEAN,298
3,2,1,308.5018253326416,228.4051513671875,102.8339417775472,31921.243373515263,80.0966739654541,228.4051513671875,0.2596311184839506,57.10181427001953,228.4051513671875,1,1,0,1,26629.399568740744,2,25.07348687802516,25.07348687802516,22094.898610870998,57.10181427001953,BS_CROSS_DET,15298
3,1,2,872.7090644836426,438.78961181640625,290.90302149454754,35076.854243505244,24.111713409423828,848.5973510742188,0.027628581380313783,24.111713409423828,438.78961181640625,0,0,0,1,-14151.92799719627,3,12.008897532709282,8.491572879953134,16862.42777663015,438.78961181640625,CLEAN,11628
3,1,2,979.9375610351562,711.0053100585938,326.64585367838544,22389.178872282835,84.90011596679688,895.0374450683594,0.0866382914000283,84.90011596679688,711.0053100585938,0,0,0,1,-134.82820170798854,3,31.772546590413555,22.466583149646944,16256.41533648067,184.03213500976562,MISSED_PROTON,2350
2,1,1,405.4611053466797,277.2725830078125,202.73055267333984,60.606524796588765,277.2725830078125,128.1885223388672,0.6838450824296385,277.2725830078125,128.1885223388672,0,1,1,1,-60.606524796588765,2,0.0,0.0,41.445473945297174,128.1885223388672,MISSED_PROTON,6909
3,1,2,410.90804290771484,179.20452880859375,136.96934763590494,11067.178399332071,113.0501937866211,297.85784912109375,0.2751228547064747,113.0501937866211,179.20452880859375,1,0,1,1,529.4260194309788,3,22.6662754868206,19.45662069550848,4450.049755439162,113.0501937866211,MISSED_PROTON,2576
2,1,1,163.31913375854492,132.4204864501953,81.65956687927246,9101.89248744626,30.89864730834961,132.4204864501953,0.18919183929808825,30.89864730834961,132.4204864501953,1,0,1,1,9101.89248744626,2,31.523303838430387,31.523303838430387,-1722.0037807934093,30.89864730834961,CLEAN,10164
2,1,1,2181.4525756835938,1846.8140869140625,1090.7262878417969,38079.23269000977,1846.8140869140625,334.63848876953125,0.8465983205412262,1846.8140869140625,334.63848876953125,0,1,1,1,-38079.23269000977,2,23.829383693719397,23.829383693719397,32237.814442860825,334.63848876953125,MISSED_PROTON,8686
2,1,1,534.0894050598145,497.56976318359375,267.0447025299072,30677.565924978335,36.5196418762207,497.56976318359375,0.06837739436551966,36.5196418762207,497.56976318359375,0,1,1,1,-30677.565924978335,2,0.0,0.0,2097.6520234264713,497.56976318359375,CLEAN,18731
2,1,1,181.22229957580566,159.040771484375,90.61114978790283,40173.35718138468,22.181528091430664,159.040771484375,0.12239955095676339,22.181528091430664,159.040771484375,0,1,1,1,-40173.35718138468,2,4.50335,4.50335,4917.20087942715,159.040771484375,CLEAN,1392
4,2,2,580.3639326095581,264.3966369628906,145.09098315238953,27312.63005239253,278.1541395187378,302.2097930908203,0.47927537169313894,264.3966369628906,157.05126953125,1,0,1,1,3038.119467326379,4,21.4795149554756,12.934834988027484,5110.0532574845465,264.3966369628906,CLEAN,14964
2,1,1,489.12179946899414,429.1982116699219,244.56089973449707,15137.948282196163,59.923587799072266,429.1982116699219,0.12251260905591854,59.923587799072266,429.1982116699219,0,1,1,1,-15137.948282196163,2,23.40000480769181,23.40000480769181,1854.5895398054122,429.1982116699219,MISSED_PROTON,17652
3,2,1,410.6872854232788,222.74705505371094,136.8957618077596,78136.85511839495,233.1513967514038,177.535888671875,0.5677102871862811,222.74705505371094,177.535888671875,0,1,1,1,-36991.26380839313,3,45.332550973641204,32.054954201946515,22042.702409301968,177.535888671875,CLEAN,8377
3,1,2,620.5354461669922,487.2630310058594,206.84514872233072,28086.034647654535,93.75889587402344,526.7765502929688,0.15109353777155865,93.75889587402344,487.2630310058594,0,0,0,1,-478.2004804402747,3,34.09868489156795,26.000008695169484,22126.24920174073,39.513519287109375,MISSED_PROTON,1373
2,1,1,257.8076515197754,217.12997436523438,128.9038257598877,22332.72599205314,217.12997436523438,40.677677154541016,0.8422169516120014,217.12997436523438,40.677677154541016,1,0,1,1,22332.72599205314,2,23.829396996619533,23.829396996619533,3523.725585840036,217.12997436523438,MISSED_PROTON,3823
3,1,2,458.39514923095703,325.33953857421875,152.7983830769857,35864.7142667513,29.21117401123047,429.18397521972656,0.06372487592907045,29.21117401123047,325.33953857421875,0,1,1,1,-35864.7142667513,3,15.886258365014715,11.233281017583419,-1188.40254768779,103.84443664550781,CLEAN,10044
5,2,3,1285.8782329559326,691.1530151367188,257.17564659118653,30009.962913503456,172.49322319030762,1113.385009765625,0.1341442904697019,146.57904052734375,691.1530151367188,0,1,1,1,-10989.406032570265,5,51.29846941299127,31.147954700403684,-4718.879178790713,691.1530151367188,BS_SAME_DET,3891
3,1,2,503.35736656188965,307.44647216796875,167.78578885396323,4002.0335706030537,169.2200927734375,334.13727378845215,0.3361828077122842,169.2200927734375,307.44647216796875,0,1,1,1,-4002.0335706030537,3,18.013329632370702,12.737347534797903,-2415.864027052906,307.44647216796875,MISSED_PROTON,10353
2,1,1,312.8461685180664,291.05499267578125,156.4230842590332,40828.68901839744,21.791175842285156,291.05499267578125,0.06965460355646563,21.791175842285156,291.05499267578125,0,1,1,1,-40828.68901839744,2,4.503349074855292,4.503349074855291,2843.906147306696,291.05499267578125,CLEAN,17702
3,1,2,524.0533714294434,368.6683044433594,174.6844571431478,22736.49233120269,368.6683044433594,155.38506698608398,0.7034938129254943,368.6683044433594,121.43382263183594,0,0,0,1,-26.337680551504434,3,26.172756920890087,18.506933901108525,1491.531430844503,121.43382263183594,MISSED_PROTON,16253
3,1,2,1023.4940643310547,851.7382202148438,341.16468811035156,5067.850385080048,93.40376281738281,930.0903015136719,0.09125970151906114,93.40376281738281,851.7382202148438,0,0,0,1,-5029.323716144986,3,26.17272462834374,18.50691106683002,-4182.387309666373,851.7382202148438,MISSED_PROTON,2172
3,1,2,316.1791114807129,236.53033447265625,105.39303716023763,75775.35889955047,17.04566192626953,299.13344955444336,0.05391141067618987,17.04566192626953,236.53033447265625,0,1,1,1,-75775.35889955047,3,39.37378209976786,27.841468323707353,6923.088943059401,236.53033447265625,CLEAN,15741
3,1,2,249.42415809631348,149.7738494873047,83.14138603210449,57218.22888033889,20.470911026000977,228.9532470703125,0.08207268767484932,20.470911026000977,149.7738494873047,0,1,1,1,-57218.22888033889,3,13.086382284055604,9.957248744954043,16992.201212169693,79.17939758300781,BS_SAME_DET,14215
3,1,2,601.9053039550781,430.54656982421875,200.63510131835938,17017.162580410935,54.216941833496094,547.688362121582,0.09007553426966056,54.216941833496094,430.54656982421875,0,1,1,1,-17017.162580410935,3,38.32982876090108,27.84147810527786,2494.1226938473637,430.54656982421875,CLEAN,2744
3,2,1,474.53470039367676,311.16607666015625,158.17823346455893,30061.504894959926,332.21951484680176,142.315185546875,0.7000953029803522,311.16607666015625,142.315185546875,0,1,1,1,-12053.304068518855,3,45.33255342466382,32.05495593508124,9237.422193276769,142.315185546875,CLEAN,58
2,1,1,103.35705947875977,73.99816131591797,51.67852973937988,17431.806683766532,29.358898162841797,73.99816131591797,0.28405314848256835,29.358898162841797,73.99816131591797,0,1,1,1,-17431.806683766532,2,4.503324074780762,4.503324074780761,4951.559572263362,73.99816131591797,CLEAN,14745
2,1,1,246.2402801513672,175.8753662109375,123.1201400756836,37.75304023393433,70.36491394042969,175.8753662109375,0.2857571226656152,70.36491394042969,175.8753662109375,0,1,1,1,-37.75304023393433,2,4.503350000000001,4.50335,10.78820014912828,175.8753662109375,MISSED_PROTON,1795
3,1,2,243.44050979614258,116.1846694946289,81.14683659871419,12274.228294305029,85.51373291015625,157.92677688598633,0.3512715816351419,85.51373291015625,116.1846694946289,1,0,1,1,320.32742823052683,3,34.62331955792223,27.841459535855275,1937.1821885795787,85.51373291015625,MISSED_PROTON,9575
2,1,1,199.3676471710205,178.4009552001953,99.68382358551025,45119.30391830351,20.966691970825195,178.4009552001953,0.10516596984685112,20.966691970825195,178.4009552001953,0,1,1,1,-45119.30391830351,2,0.0,0.0,4745.015355383218,178.4009552001953,CLEAN,8833
3,1,2,200.93247985839844,125.57952117919922,66.97749328613281,45128.91455347192,9.423385620117188,191.50909423828125,0.04689826964141415,9.423385620117188,125.57952117919922,0,1,1,1,-45128.91455347192,3,44.22550552551975,31.487578841646258,12338.07314549988,125.57952117919922,CLEAN,18021
3,1,2,1606.5534210205078,829.0343627929688,535.5178070068359,25545.92860163259,124.43006896972656,1482.1233520507812,0.0774515601794845,124.43006896972656,829.0343627929688,0,0,0,1,-1823.4870805907242,3,32.47401698111892,28.002868244639984,13323.770615617279,653.0889892578125,MISSED_PROTON,9818
2,1,1,68.18446445465088,56.39551544189453,34.09223222732544,56463.387520923476,11.788949012756348,56.39551544189453,0.1728978750078343,11.788949012756348,56.39551544189453,0,1,1,1,-56463.387520923476,2,0.0,0.0,9762.399718111537,56.39551544189453,CLEAN,18212
2,1,1,460.1441078186035,426.9425964355469,230.07205390930176,27721.99743827218,33.20151138305664,426.9425964355469,0.07215459422148078,33.20151138305664,426.9425964355469,0,1,1,1,-27721.99743827218,2,23.829396996619533,23.829396996619533,2000.269476167459,426.9425964355469,MISSED_PROTON,4992
5,2,3,1584.421573638916,910.4985961914062,316.8843147277832,47806.2987413178,1112.652587890625,471.768985748291,0.7022452902703246,910.4985961914062,268.04669189453125,1,0,1,1,8656.720354615994,5,36.02665259807522,25.79116006870571,3444.167141602317,910.4985961914062,MISSED_PROTON,433
4,2,2,1540.2538585662842,645.663818359375,385.06346464157104,32205.210084420658,673.3253307342529,866.9285278320312,0.43715217916156035,645.663818359375,436.13702392578125,0,1,1,1,-7129.309908493768,4,29.44435153600135,23.935539679248407,8945.103195459498,430.79150390625,BS_SAME_DET,15519
3,1,2,1026.5875244140625,833.6226196289062,342.1958414713542,22205.92466621494,19.759689331054688,1006.8278350830078,0.019247934405137813,19.759689331054688,833.6226196289062,0,0,0,1,-18702.570393150658,2,0.0,0.0,18391.92238671476,173.20521545410156,CLEAN,9520
4,2,2,732.6667137145996,441.5315856933594,183.1666784286499,17953.70937639367,501.7381820678711,230.92853164672852,0.6848109415590516,441.5315856933594,173.61827087402344,1,1,0,1,4874.280584468344,4,37.61023031703775,27.48509955615724,13101.494587325897,60.20659637451172,MISSED_PROTON,16975
2,1,1,544.2737216949463,517.081787109375,272.13686084747314,36084.80720040549,27.19193458557129,517.081787109375,0.049960035735129214,27.19193458557129,517.081787109375,0,1,1,1,-36084.80720040549,2,0.0,0.0,1802.7982572275064,517.081787109375,CLEAN,10942
5,1,4,753.8456497192383,217.84548950195312,150.76912994384764,13505.9017795441,217.84548950195312,536.0001602172852,0.28897890381550567,217.84548950195312,193.15647888183594,0,0,0,1,-1341.3848021354677,5,33.65167834203221,23.897385875831688,3264.8327122920723,84.1034927368164,MISSED_PROTON,1606
4,1,3,1273.2431411743164,582.4165649414062,318.3107852935791,15460.520166179092,34.887168884277344,1238.355972290039,0.027400240972121626,34.887168884277344,582.4165649414062,1,0,1,1,5844.137325417364,3,33.833286033201745,26.344366353527825,5282.019948992003,34.887168884277344,MISSED_PROTON,14839
3,2,1,320.5769100189209,156.0341033935547,106.85897000630696,44307.661285487426,164.5428066253662,156.0341033935547,0.5132709233976167,145.04637145996094,156.0341033935547,0,1,1,1,-31.531889032404234,3,6.004432099707678,4.245774654877482,2708.913226537171,156.0341033935547,BS_CROSS_DET,17859
7,1,6,2665.584253311157,1513.6414794921875,380.79775047302246,36673.55828239159,23.279008865356445,2642.305244445801,0.008733173163234116,23.279008865356445,1513.6414794921875,0,0,0,1,-29768.7270795812,7,37.49035615424645,26.742854999511515,3492.695179954119,87.56168365478516,CLEAN,4398
2,1,1,271.11859703063965,243.84181213378906,135.55929851531982,32048.074246942873,27.276784896850586,243.84181213378906,0.10060831383605892,27.276784896850586,243.84181213378906,0,1,1,1,-32048.074246942873,2,0.0,0.0,3224.302711677746,243.84181213378906,CLEAN,9680
3,1,2,889.6504058837891,410.7286682128906,296.5501352945964,28274.366566655714,410.7286682128906,478.92173767089844,0.46167423236868865,410.7286682128906,250.38934326171875,0,1,1,1,-28274.366566655714,3,18.013366666666666,14.707838686073341,7203.536581645185,228.5323944091797,MISSED_PROTON,13198
3,2,1,550.0990886688232,305.22869873046875,183.36636288960776,53285.65205026928,244.8703899383545,305.22869873046875,0.4451386940685773,221.6002960205078,305.22869873046875,0,1,1,1,-28.10093651954874,2,0.0,0.0,2265.390598174388,305.22869873046875,BS_CROSS_DET,9478
4,2,2,642.7150688171387,390.7522888183594,160.67876720428467,65392.082502178026,49.860103607177734,592.8549652099609,0.07757730606649837,30.183544158935547,390.7522888183594,0,1,1,1,-46.586618437658245,4,25.3750066743341,15.104649058071493,27008.560549665905,202.10267639160156,BS_CROSS_DET,7002
2,1,1,370.2140197753906,264.4214172363281,185.1070098876953,20605.831437863733,105.7926025390625,264.4214172363281,0.28576065974823706,105.7926025390625,264.4214172363281,0,1,1,1,-20605.831437863733,2,19.629559616112125,19.629559616112125,5888.335986344905,264.4214172363281,MISSED_PROTON,466
2,1,1,454.2515869140625,436.6608581542969,227.12579345703125,30538.219639545237,17.590728759765625,436.6608581542969,0.03872463909100999,17.590728759765625,436.6608581542969,0,1,1,1,-30538.219639545237,2,0.0,0.0,1182.5815340233823,436.6608581542969,CLEAN,12446
3,1,2,381.2862205505371,177.19757080078125,127.09540685017903,40148.92934908631,52.219112396240234,329.0671081542969,0.13695515227600238,52.219112396240234,177.19757080078125,0,0,0,1,-23851.919581923612,2,7.8,7.8,21925.310619287895,151.86953735351562,MISSED_PROTON,115
2,1,1,443.74113273620605,415.076416015625,221.87056636810303,21410.040722922895,28.664716720581055,415.076416015625,0.0645978355529677,28.664716720581055,415.076416015625,0,1,1,1,-21410.040722922895,2,0.0,0.0,1383.042289801715,415.076416015625,CLEAN,2776
2,1,1,369.6952667236328,234.68089294433594,184.8476333618164,51.17348780637669,135.01437377929688,234.68089294433594,0.36520449660024296,135.01437377929688,234.68089294433594,0,1,1,1,-51.17348780637669,2,0.0,0.0,18.68878785360647,234.68089294433594,MISSED_PROTON,10859
2,1,1,436.07674980163574,416.1132507324219,218.03837490081787,20625.767639372578,19.963499069213867,416.1132507324219,0.04577978321085667,19.963499069213867,416.1132507324219,0,1,1,1,-20625.767639372578,2,0.0,0.0,944.2431710879795,416.1132507324219,CLEAN,8312
2,1,1,565.6360626220703,552.7503662109375,282.81803131103516,29952.12987241424,12.885696411132812,552.7503662109375,0.022780896167404356,12.885696411132812,552.7503662109375,0,1,1,1,-29952.12987241424,2,0.0,0.0,682.3363606160791,552.7503662109375,CLEAN,3482
2,1,1,182.68896484375,119.91725158691406,91.344482421875,38.96209103125446,62.77171325683594,119.91725158691406,0.3435988227889038,62.77171325683594,119.91725158691406,0,1,1,1,-38.96209103125446,2,4.503324074780762,4.50332407478076,13.387328611733139,119.91725158691406,MISSED_PROTON,8553
3,1,2,524.8755264282227,257.2354736328125,174.95850880940756,39152.715916058136,75.30243682861328,449.5730895996094,0.14346722801317538,75.30243682861328,257.2354736328125,0,1,1,1,-39152.715916058136,3,21.015513492655845,16.167433944404,-1378.7902210331865,257.2354736328125,MISSED_PROTON,5214
2,1,1,454.0852966308594,356.16107177734375,227.0426483154297,3452.6279842613376,356.16107177734375,97.92422485351562,0.7843483909739509,356.16107177734375,97.92422485351562,1,0,1,1,3452.6279842613376,2,41.27373135542751,41.27373135542751,744.5647801743221,356.16107177734375,MISSED_PROTON,13906
4,1,3,530.2816696166992,324.22222900390625,132.5704174041748,29851.277391981122,36.30864334106445,493.97302627563477,0.06847048544466801,36.30864334106445,324.22222900390625,1,0,1,1,2433.594715002386,4,27.299983958340064,18.15350715390486,7660.446156739984,36.30864334106445,MISSED_PROTON,16866
3,1,2,714.9440822601318,520.4261474609375,238.3146940867106,35995.401060028715,19.94820213317871,694.9958801269531,0.027901765506075725,19.94820213317871,520.4261474609375,0,1,1,1,-35995.401060028715,3,18.261801698749345,13.426347327880686,8726.816959873675,520.4261474609375,CLEAN,7601
5,1,4,996.9036197662354,420.4658508300781,199.38072395324707,41965.60667931621,15.121461868286133,981.7821578979492,0.015168429092304807,15.121461868286133,420.4658508300781,0,0,0,1,-21828.29051599162,5,37.95641878156579,28.252786372575716,14548.176883101753,106.70015716552734,CLEAN,14126
2,1,1,420.5423698425293,406.451171875,210.27118492126465,16809.81518071562,14.091197967529297,406.451171875,0.033507201599700165,14.091197967529297,406.451171875,0,1,1,1,-16809.81518071562,2,0.0,0.0,563.2498661139385,406.451171875,CLEAN,9760
2,1,1,531.0489807128906,403.29693603515625,265.5244903564453,17467.532748656227,127.75204467773438,403.29693603515625,0.2405654644252165,127.75204467773438,403.29693603515625,1,0,1,1,17467.532748656227,2,23.829409942810166,23.829409942810166,13265.447620613064,127.75204467773438,MISSED_PROTON,8161
2,1,1,412.2594337463379,386.3956604003906,206.12971687316895,18720.009867626715,25.863773345947266,386.3956604003906,0.06273664403726216,25.863773345947266,386.3956604003906,0,1,1,1,-18720.009867626715,2,4.503300000000001,4.5033,1174.4305954393324,386.3956604003906,CLEAN,2816
2,1,1,506.9347381591797,393.0163269042969,253.46736907958984,11044.776509656067,113.91841125488281,393.0163269042969,0.2247200727820549,113.91841125488281,393.0163269042969,0,1,1,1,-11044.776509656067,2,7.800001602563937,7.8000016025639365,2481.982981111442,393.0163269042969,MISSED_PROTON,16595
5,2,3,643.8512029647827,308.63787841796875,128.77024059295655,52696.52298529667,44.7753324508667,599.075870513916,0.06954298173970457,29.612686157226562,308.63787841796875,1,1,0,1,11270.291146993182,5,39.751968364291095,21.914168032174985,10275.84245375899,29.612686157226562,CLEAN,7320
3,1,2,1250.828125,971.4121704101562,416.9427083333333,48496.0538281184,25.031204223632812,1225.7969207763672,0.020011705623930395,25.031204223632812,971.4121704101562,0,1,1,1,-48496.0538281184,3,44.22550552551974,31.487578841646254,25066.644126684667,254.38475036621094,CLEAN,18405
3,1,2,822.1368541717529,523.40869140625,274.045618057251,46121.24251273759,19.82282829284668,802.3140258789062,0.024111348606086797,19.82282829284668,523.40869140625,0,1,1,1,-46121.24251273759,2,0.0,0.0,9101.221465016679,278.90533447265625,CLEAN,5401
4,1,3,407.9263925552368,253.7177276611328,101.9815981388092,27971.610469019346,15.628727912902832,392.297664642334,0.038312617663704036,15.628727912902832,253.7177276611328,0,0,0,1,-26759.03116261867,4,23.508104213706815,16.698820848266504,9679.049199432773,79.44857788085938,CLEAN,2043
5,1,4,752.5914878845215,379.6731872558594,150.5182975769043,65319.59923027218,29.052255630493164,723.5392322540283,0.03860295538573907,29.052255630493164,379.6731872558594,0,1,1,1,-65319.59923027218,5,33.361153518959746,23.278357665832015,3764.9327469002683,379.6731872558594,CLEAN,3261
2,1,1,336.3774242401123,318.9299011230469,168.18871212005615,18285.085475188785,17.44752311706543,318.9299011230469,0.05186888851557134,17.44752311706543,318.9299011230469,0,1,1,1,-18285.085475188785,2,4.5033,4.5033,948.42706001026,318.9299011230469,CLEAN,3816
2,1,1,412.77596282958984,344.8273620605469,206.38798141479492,3177.9612806176915,67.94860076904297,344.8273620605469,0.16461375391932603,67.94860076904297,344.8273620605469,1,0,1,1,3177.9612806176915,2,20.636860832016094,20.636860832016094,-523.1361362127469,67.94860076904297,MISSED_PROTON,19693
2,1,1,274.05294036865234,186.2672119140625,137.02647018432617,35.518361679799845,87.78572845458984,186.2672119140625,0.3203239795073961,87.78572845458984,186.2672119140625,0,1,1,1,-35.518361679799845,2,0.0,0.0,11.377382958856488,186.2672119140625,MISSED_PROTON,19266
2,1,1,413.10863876342773,380.688232421875,206.55431938171387,14168.16121388865,32.420406341552734,380.688232421875,0.07847912945756315,32.420406341552734,380.688232421875,0,1,1,1,-14168.16121388865,2,0.0,0.0,1111.9049580803924,380.688232421875,CLEAN,3774
5,2,3,1452.917474746704,598.4038696289062,290.58349494934083,28849.088252057598,618.9123249053955,834.0051498413086,0.4259789944458437,598.4038696289062,431.0892333984375,0,1,1,1,-5754.792094072348,4,39.83605788014955,35.100017397315845,3949.3770818626626,39.68151092529297,CLEAN,4555
2,1,1,519.587158203125,293.5174255371094,259.7935791015625,25131.30157094894,226.06973266601562,293.5174255371094,0.4350949192967486,226.06973266601562,293.5174255371094,1,0,1,1,25131.30157094894,2,9.006673149531963,9.006673149531963,14196.79994211466,226.06973266601562,MISSED_PROTON,15026
4,1,3,583.9116954803467,321.9139099121094,145.97792387008667,39261.58001254323,17.94746208190918,565.9642333984375,0.030736603189879516,17.94746208190918,321.9139099121094,0,0,0,1,-20727.75403517427,4,42.781675,31.442816022374252,2666.2377347421752,321.9139099121094,CLEAN,4500
2,1,1,1753.5090942382812,1493.062744140625,876.7545471191406,31537.108197738376,260.44635009765625,1493.062744140625,0.1485286565968985,260.44635009765625,1493.062744140625,1,0,1,1,31537.108197738376,2,16.23699976050071,16.236999760500705,26852.94388417726,260.44635009765625,MISSED_PROTON,5302
2,1,1,69.0427474975586,36.81815719604492,34.5213737487793,2745.925214315519,36.81815719604492,32.22459030151367,0.5332661073105013,36.81815719604492,32.22459030151367,0,1,1,1,-2745.925214315519,2,7.800001602563937,7.8000016025639365,-1281.6163643117284,32.22459030151367,MISSED_PROTON,15342
3,1,2,1632.7570877075195,1209.2431640625,544.2523625691732,38145.2475442084,1209.2431640625,423.51392364501953,0.7406142488472328,1209.2431640625,334.20733642578125,1,0,1,1,13122.570518706132,3,38.32979612504843,28.796300664765177,-8350.102356976495,1209.2431640625,MISSED_PROTON,2084
3,2,1,341.97820472717285,260.0881652832031,113.99273490905762,30960.728921943417,81.89003944396973,260.0881652832031,0.23945982028094703,59.20087814331055,260.0881652832031,1,1,0,1,4616.790422146474,3,13.086378460445044,9.957238694537757,948.6096430637971,59.20087814331055,CLEAN,26
2,1,1,562.1832275390625,424.1368408203125,281.09161376953125,41611.53929662896,138.04638671875,424.1368408203125,0.24555408264854015,138.04638671875,424.1368408203125,0,1,1,1,-41611.53929662896,2,20.636865677713754,20.636865677713754,10217.883359577403,424.1368408203125,MISSED_PROTON,9370
5,1,4,883.5515174865723,422.7890930175781,176.71030349731444,40170.566463470226,60.677452087402344,822.8740653991699,0.06867449252988747,60.677452087402344,422.7890930175781,0,0,0,1,-6.895981103137751,5,43.67999165384993,25.601750049744645,16353.165679166867,422.7890930175781,MISSED_PROTON,926
2,1,1,366.6161289215088,337.1048583984375,183.3080644607544,3037.6255240413557,29.51127052307129,337.1048583984375,0.08049637807776196,29.51127052307129,337.1048583984375,0,1,1,1,-3037.6255240413557,2,28.123307060159195,28.123307060159195,244.51785264189274,337.1048583984375,MISSED_PROTON,19732
4,3,1,1120.9540557861328,501.3892822265625,280.2385139465332,35235.46392894978,754.5357513427734,366.4183044433594,0.673119248240386,501.3892822265625,366.4183044433594,0,1,1,1,-7848.557076598321,4,38.410555271305306,25.574016476689774,11099.003766260494,366.4183044433594,CLEAN,14870
2,1,1,486.9400825500488,466.7860412597656,243.4700412750244,27803.95263930018,20.154041290283203,466.7860412597656,0.04138916062267625,20.154041290283203,466.7860412597656,0,1,1,1,-27803.95263930018,2,4.503324074780764,4.503324074780761,1150.7822617332783,466.7860412597656,CLEAN,7801
2,1,1,528.3090057373047,500.67987060546875,264.15450286865234,29862.69763206917,27.629135131835938,500.67987060546875,0.052297301071513806,27.629135131835938,500.67987060546875,0,1,1,1,-29862.69763206917,2,4.503350000000001,4.503349999999999,1561.7384888719037,500.67987060546875,CLEAN,788
3,2,1,126.21703243255615,73.98863983154297,42.07234414418539,51075.94179304311,88.74147701263428,37.475555419921875,0.7030863846371378,73.98863983154297,37.475555419921875,0,1,1,1,-38.723168055856846,3,5.2000299359181055,5.200010334818789,5992.694592009627,37.475555419921875,BS_CROSS_DET,9789
2,1,1,74.81006240844727,59.84908676147461,37.40503120422363,72635.04406571729,14.960975646972656,59.84908676147461,0.19998614043775106,14.960975646972656,59.84908676147461,0,1,1,1,-72635.04406571729,2,4.503324074780762,4.503324074780761,14526.002123228776,59.84908676147461,CLEAN,2472
3,2,1,519.6697807312012,323.1893005371094,173.22326024373373,49004.126063874384,196.4804801940918,323.1893005371094,0.3780871766636767,179.01243591308594,323.1893005371094,0,1,1,1,-1380.151530832043,3,22.66628063396767,16.443851155235976,2122.6374370799367,323.1893005371094,DL_DEGRADED,14073
2,1,1,494.85623931884766,478.8301696777344,247.42811965942383,43734.17671447032,16.02606964111328,478.8301696777344,0.03238530378675756,16.02606964111328,478.8301696777344,0,1,1,1,-43734.17671447032,2,0.0,0.0,1416.3445987618597,478.8301696777344,CLEAN,17517
2,1,1,772.8254680633545,741.8324584960938,386.41273403167725,13460.734450936061,30.993009567260742,741.8324584960938,0.04010350441080444,30.993009567260742,741.8324584960938,0,1,1,1,-13460.734450936061,2,4.503324074780764,4.503324074780762,539.8226234257816,741.8324584960938,CLEAN,13564
2,1,1,1582.782958984375,1291.14501953125,791.3914794921875,10966.412629903554,1291.14501953125,291.637939453125,0.8157435687579929,1291.14501953125,291.637939453125,0,1,1,1,-10966.412629903554,2,11.914715469640893,11.914715469640893,8945.78057519025,291.637939453125,MISSED_PROTON,14683
2,1,1,135.03096961975098,114.60081481933594,67.51548480987549,39250.50682027031,20.43015480041504,114.60081481933594,0.1512997711409955,20.43015480041504,114.60081481933594,0,1,1,1,-39250.50682027031,2,0.0,0.0,5938.592699074981,114.60081481933594,CLEAN,18559
2,1,1,252.29803848266602,234.41351318359375,126.14901924133301,41537.39457161517,17.884525299072266,234.41351318359375,0.07088650156232194,17.884525299072266,234.41351318359375,0,1,1,1,-41537.39457161517,2,0.0,0.0,2944.4405851955817,234.41351318359375,CLEAN,17414
2,1,1,547.8014831542969,375.78314208984375,273.90074157714844,4859.813954827841,172.01834106445312,375.78314208984375,0.31401583667490995,172.01834106445312,375.78314208984375,1,0,1,1,4859.813954827841,2,27.392702548124017,27.392702548124017,-1526.0585451096676,172.01834106445312,MISSED_PROTON,18534
2,1,1,360.8661994934082,320.66583251953125,180.4330997467041,44.86298769335728,40.20036697387695,320.66583251953125,0.11139964626864778,40.20036697387695,320.66583251953125,0,1,1,1,-44.86298769335728,2,0.0,0.0,4.9977209595947,320.66583251953125,MISSED_PROTON,121
4,1,3,457.8720703125,198.27333068847656,114.468017578125,32989.41699731288,157.2167510986328,300.6553192138672,0.3433639247559511,157.2167510986328,198.27333068847656,0,0,0,1,-13895.75847326073,4,37.878904052552784,25.574024549677354,-3352.1823114933045,198.27333068847656,MISSED_PROTON,12059
2,1,1,1166.3617248535156,878.50634765625,583.1808624267578,23442.05718940028,878.50634765625,287.8553771972656,0.7532023118870627,878.50634765625,287.8553771972656,0,1,1,1,-23442.05718940028,2,9.006673149531963,9.006673149531961,17656.61167044503,287.8553771972656,MISSED_PROTON,9078
5,1,4,690.6169242858887,383.71875,138.12338485717774,73826.19362272271,28.280845642089844,662.3360786437988,0.040950119592468415,28.280845642089844,383.71875,0,1,1,1,-73826.19362272271,5,32.57377092939041,19.97775767131036,5239.946937969355,383.71875,BS_SAME_DET,17073
5,2,3,1109.4738483428955,561.4033813476562,221.8947696685791,42623.33646187984,70.98992347717285,1038.4839248657227,0.06398521567966928,44.65620040893555,561.4033813476562,0,1,1,1,-24073.433854061164,5,29.98015161773536,18.28152886630656,-1006.25409687707,404.8715515136719,CLEAN,4091
3,1,2,377.17044830322266,166.88229370117188,125.72348276774089,39005.56506637489,139.9643096923828,237.20613861083984,0.3710903394527342,139.9643096923828,166.88229370117188,0,0,0,1,-33.64292603902543,3,20.800004273503834,14.70782407050373,17270.83074405957,70.32384490966797,MISSED_PROTON,13429
3,1,2,393.5894069671631,335.3123474121094,131.19646898905435,31413.02619278723,19.65091896057129,373.9384880065918,0.04992745895270183,19.65091896057129,335.3123474121094,0,1,1,1,-31413.02619278723,3,12.008864199415362,8.491549309754962,27550.407672860067,38.62614059448242,BS_CROSS_DET,13816
2,1,1,1394.6013793945312,974.4515991210938,697.3006896972656,2857.379176865895,974.4515991210938,420.1497802734375,0.6987312744120142,974.4515991210938,420.1497802734375,1,0,1,1,2857.379176865895,2,28.123303948860634,28.123303948860634,-1996.5401937298586,974.4515991210938,MISSED_PROTON,8055
2,1,1,262.64101219177246,240.7978057861328,131.32050609588623,57776.989953330165,21.84320640563965,240.7978057861328,0.08316753816685113,21.84320640563965,240.7978057861328,0,1,1,1,-57776.989953330165,2,0.0,0.0,4805.170017109361,240.7978057861328,CLEAN,18885
3,1,2,144.9101619720459,71.28883361816406,48.3033873240153,18020.513026974393,71.28883361816406,73.62132835388184,0.49195192833968493,71.28883361816406,43.55678939819336,0,1,1,1,-18020.513026974393,3,18.74887137343946,14.70782407050373,10321.413973702403,43.55678939819336,MISSED_PROTON,11665
4,1,3,1805.4818115234375,927.4168090820312,451.3704528808594,25412.953550921076,927.4168090820312,878.0650024414062,0.5136672123545191,927.4168090820312,588.8132934570312,0,1,1,1,-25412.953550921076,4,31.763636532450516,27.4850736898571,3087.6096516904577,588.8132934570312,MISSED_PROTON,6249
2,1,1,287.62593841552734,265.8285827636719,143.81296920776367,25583.75449231597,21.79735565185547,265.8285827636719,0.07578369243028865,21.79735565185547,265.8285827636719,0,1,1,1,-25583.75449231597,2,4.503324074780761,4.503324074780761,1938.8313816576892,265.8285827636719,CLEAN,14094
3,1,2,575.5600166320801,410.63885498046875,191.85333887736002,23546.264912678707,16.43411636352539,559.1259002685547,0.028553262715659947,16.43411636352539,410.63885498046875,0,1,1,1,-23546.264912678707,3,15.886287292854524,11.233301472655114,-3239.5630123959613,410.63885498046875,CLEAN,12568
2,1,1,539.8150482177734,514.0015258789062,269.9075241088867,18548.729213424063,25.813522338867188,514.0015258789062,0.04781919737897606,25.813522338867188,514.0015258789062,0,1,1,1,-18548.729213424063,2,0.0,0.0,886.9853433859047,514.0015258789062,CLEAN,14467
2,1,1,755.346435546875,580.165283203125,377.6732177734375,39800.494373052694,580.165283203125,175.18115234375,0.7680784020422128,580.165283203125,175.18115234375,0,1,1,1,-39800.494373052694,2,28.123307060159195,28.123307060159195,30569.900118544392,175.18115234375,MISSED_PROTON,6351
3,1,2,489.1662120819092,428.6986083984375,163.05540402730307,37007.90040064291,32.39842987060547,456.7677822113037,0.06623194544185007,32.39842987060547,428.6986083984375,0,1,1,1,-37007.90040064291,3,26.17278580587095,18.506954325874368,1456.7561197681612,28.06917381286621,CLEAN,7689
3,1,2,131.11301040649414,68.28763580322266,43.70433680216471,69042.68692035615,15.990619659423828,115.12239074707031,0.12196058659508743,15.990619659423828,68.28763580322266,0,1,1,1,-69042.68692035615,3,5.200029935918104,5.200010334818789,27970.41770230321,46.834754943847656,MISSED_ELECTRON,16613
3,2,1,802.6438446044922,355.5291748046875,267.5479482014974,40289.63473081616,511.9929656982422,290.65087890625,0.6378831272923172,355.5291748046875,290.65087890625,0,1,1,1,-36.049643495448485,3,6.0044320997076825,4.245774654877482,17853.224875812877,290.65087890625,MISSED_PROTON,12505
3,1,2,531.9686965942383,367.0460510253906,177.3228988647461,23189.234116984928,18.09705352783203,513.8716430664062,0.034019019622193385,18.09705352783203,367.0460510253906,0,0,0,1,-14923.787292748186,3,39.02890465562386,27.84147098428689,6908.018515386222,367.0460510253906,CLEAN,1595
3,1,2,585.6499691009521,353.033935546875,195.21665636698404,31268.304917702553,20.127111434936523,565.5228576660156,0.03436713480209727,20.127111434936523,353.033935546875,0,1,1,1,-31268.304917702553,3,6.004465433140386,4.245798225173788,1082.795897573161,212.48892211914062,BS_SAME_DET,16054
2,1,1,150.61680221557617,129.51492309570312,75.30840110778809,29889.12970768267,21.101879119873047,129.51492309570312,0.14010308816456055,21.101879119873047,129.51492309570312,0,1,1,1,-29889.12970768267,2,4.5033,4.5033,4187.559374597451,129.51492309570312,CLEAN,14889
5,1,4,1067.0322761535645,484.85748291015625,213.40645523071288,41602.26169331784,43.76212692260742,1023.270149230957,0.04101293644121154,43.76212692260742,484.85748291015625,0,0,0,1,-3842.2205629936852,5,46.59154421652496,30.46330950519986,-5445.233355192499,484.85748291015625,MISSED_PROTON,3530
2,1,1,234.90837860107422,119.67921447753906,117.45418930053711,80.6082059970412,115.22916412353516,119.67921447753906,0.4905281148750316,115.22916412353516,119.67921447753906,0,1,1,1,-80.6082059970412,2,0.0,0.0,39.54059133118683,119.67921447753906,MISSED_PROTON,1915
3,1,2,650.875804901123,400.878173828125,216.95860163370767,18291.0447250889,400.878173828125,249.99763107299805,0.6159057854194225,400.878173828125,186.61419677734375,1,0,1,1,6503.5088230561405,3,40.39075569000907,31.487566896898635,3645.851157642935,400.878173828125,MISSED_PROTON,11770
3,1,2,973.6243743896484,595.94091796875,324.5414581298828,14638.732728764233,595.94091796875,377.68345642089844,0.6120850439291201,595.94091796875,230.02391052246094,0,1,1,1,-14638.732728764233,3,43.29864753797488,31.48756689926288,2884.650703870073,147.6595458984375,MISSED_PROTON,19252
3,1,2,679.0948181152344,345.0213623046875,226.36493937174478,18717.36212853642,11.8094482421875,667.2853698730469,0.017389984324962963,11.8094482421875,345.0213623046875,0,1,1,1,-18717.36212853642,3,46.60701939847688,33.160625452786626,6132.1590753873215,322.2640075683594,CLEAN,18104
3,1,2,891.2202491760254,645.5916748046875,297.0734163920085,9166.555895078842,645.5916748046875,245.6285743713379,0.7243907164380152,645.5916748046875,209.3065948486328,1,0,1,1,9166.55509819707,3,7.943129182507357,6.713166348303905,-6640.167227700686,645.5916748046875,MISSED_PROTON,7907
2,1,1,540.2781372070312,278.1569519042969,270.1390686035156,15990.001709560587,278.1569519042969,262.1211853027344,0.5148402882675018,278.1569519042969,262.1211853027344,0,1,1,1,-15990.001709560587,2,16.23703134473787,16.23703134473787,8232.297089548021,262.1211853027344,MISSED_PROTON,5433
2,1,1,779.61181640625,492.99212646484375,389.805908203125,40061.72752841258,286.61968994140625,492.99212646484375,0.3676441068615754,286.61968994140625,492.99212646484375,0,1,1,1,-40061.72752841258,2,11.914723869649686,11.914723869649686,14728.45803651503,492.99212646484375,MISSED_PROTON,4067
3,1,2,361.3883972167969,128.34007263183594,120.46279907226562,3926.8294086816595,126.11467742919922,235.27371978759766,0.34897267981058905,126.11467742919922,128.34007263183594,0,1,1,1,-3926.8294086816595,3,32.473981030990196,23.255103299753845,-1371.6087276372095,128.34007263183594,MISSED_PROTON,19000
2,1,1,815.0364685058594,426.9167175292969,407.5182342529297,9960.809949664057,388.1197509765625,426.9167175292969,0.47619924503264394,388.1197509765625,426.9167175292969,0,1,1,1,-9960.809949664057,2,27.019994448556055,27.019994448556055,4743.3301779436715,426.9167175292969,MISSED_PROTON,1147
2,1,1,242.1815538406372,229.98519897460938,121.0907769203186,18721.42376876422,12.196354866027832,229.98519897460938,0.050360379114808236,12.196354866027832,229.98519897460938,0,1,1,1,-18721.42376876422,2,4.503324074780764,4.503324074780762,942.8179985639481,229.98519897460938,CLEAN,6065
3,1,2,2358.0240020751953,1960.8404541015625,786.0080006917318,2355.8976652048013,1960.8404541015625,397.1835479736328,0.8315608545018673,1960.8404541015625,272.58551025390625,1,0,1,1,2341.879411879481,3,13.086378460445044,9.95723869453776,-1945.7947470710246,1960.8404541015625,MISSED_PROTON,6786
4,2,2,514.9375762939453,166.3217010498047,128.73439407348633,45801.40115784385,257.60633850097656,257.33123779296875,0.5002671204439845,166.3217010498047,138.84527587890625,0,1,1,1,-11490.679361141772,4,38.41055527130531,23.072716978067408,3007.389433771812,138.84527587890625,MISSED_PROTON,16903
3,2,1,535.2372779846191,417.1651916503906,178.41242599487305,28653.861643824937,118.07208633422852,417.1651916503906,0.22059765115542176,86.07135009765625,417.1651916503906,0,1,1,1,-14984.4746001104,3,28.63935890724123,20.582182745493466,4122.804443419632,417.1651916503906,CLEAN,7381
4,1,3,1084.9998931884766,595.6693725585938,271.24997329711914,29192.596540522398,595.6693725585938,489.3305206298828,0.5490040840539689,595.6693725585938,274.45025634765625,1,0,1,1,7080.416826084592,4,44.35271323595237,29.87174343944248,-2717.7580963762593,595.6693725585938,MISSED_PROTON,2238
2,1,1,324.9786071777344,290.3070983886719,162.4893035888672,33579.91260016884,34.6715087890625,290.3070983886719,0.10668858818174536,34.6715087890625,290.3070983886719,0,1,1,1,-33579.91260016884,2,0.0,0.0,3582.593466578416,290.3070983886719,MISSED_PROTON,2613
2,1,1,536.1562194824219,523.2619018554688,268.07810974121094,40557.40795533283,12.894317626953125,523.2619018554688,0.02404955339210771,12.894317626953125,523.2619018554688,0,1,1,1,-40557.40795533283,2,0.0,0.0,975.3875480672708,523.2619018554688,CLEAN,7932
2,1,1,445.5545349121094,328.3768615722656,222.7772674560547,46.31380135456913,117.17767333984375,328.3768615722656,0.2629928867472045,117.17767333984375,328.3768615722656,0,1,1,1,-46.31380135456913,2,0.0,0.0,12.180200314474726,328.3768615722656,MISSED_PROTON,5624
2,1,1,416.43152046203613,392.0765686035156,208.21576023101807,26835.935187923067,24.354951858520508,392.0765686035156,0.05848489046049726,24.354951858520508,392.0765686035156,0,1,1,1,-26835.935187923067,2,4.503324074780764,4.503324074780761,1569.4967298706847,392.0765686035156,CLEAN,15393
3,1,2,1905.5144424438477,1324.2218017578125,635.1714808146158,18448.623593810837,13.867225646972656,1891.647216796875,0.007277418285629866,13.867225646972656,1324.2218017578125,0,1,1,1,-18448.623593810837,3,49.60487993468429,35.26814659361743,11062.669439979745,567.4254150390625,CLEAN,1897
3,1,2,613.5686874389648,511.1451110839844,204.52289581298828,34257.707597702705,27.03156280517578,586.5371246337891,0.04405629452507673,27.03156280517578,511.1451110839844,1,0,1,1,14192.760450518115,3,34.09868619169952,31.630375115174758,30282.967374460946,27.03156280517578,MISSED_ELECTRON,1871
4,1,3,734.0124397277832,429.1547546386719,183.5031099319458,40369.59070254696,10.907512664794922,723.1049270629883,0.014860119630724646,10.907512664794922,429.1547546386719,0,0,0,1,-34595.924205626994,4,33.775,22.403799342968593,26837.754320478245,121.02574920654297,CLEAN,3322
5,3,2,1082.2835493087769,393.45855712890625,216.45670986175537,37359.5137340971,578.6285810470581,503.65496826171875,0.5346367700189211,340.94989013671875,393.45855712890625,1,1,0,1,1394.961078258483,4,39.259179453863084,27.76042998787798,14373.475784754562,340.94989013671875,CLEAN,9444
5,3,2,1167.8770027160645,402.6114501953125,233.57540054321288,15050.33853571301,717.7296180725098,450.1473846435547,0.6145592527323744,402.6114501953125,350.61029052734375,1,0,1,1,13039.154805052107,5,45.463610107231915,34.082820780117366,6772.828240106709,265.24468994140625,MISSED_PROTON,1042
2,1,1,469.74919605255127,461.6960144042969,234.87459802627563,15565.430403395005,8.053181648254395,461.6960144042969,0.017143577287471245,8.053181648254395,461.6960144042969,0,1,1,1,-15565.430403395005,2,0.0,0.0,266.84715913335697,461.6960144042969,CLEAN,19738
2,1,1,367.23655128479004,346.79010009765625,183.61827564239502,38362.655188818506,20.44645118713379,346.79010009765625,0.055676514539745994,20.44645118713379,346.79010009765625,0,1,1,1,-38362.655188818506,2,4.503349074855292,4.50334907485529,2135.898929403516,346.79010009765625,CLEAN,8835
2,1,1,433.9148635864258,314.88323974609375,216.9574317932129,4565.255683219154,119.03162384033203,314.88323974609375,0.27432022691387636,119.03162384033203,314.88323974609375,0,1,1,1,-4565.255683219154,2,19.629559616112125,19.629559616112125,1252.341974940542,314.88323974609375,MISSED_PROTON,17026
2,1,1,395.69136810302734,289.6242980957031,197.84568405151367,2.2326868683808856,106.06707000732422,289.6242980957031,0.2680550513796076,106.06707000732422,289.6242980957031,0,1,1,1,-2.2326868683808856,2,0.0,0.0,0.5984829932184135,289.6242980957031,MISSED_PROTON,17618
4,2,2,566.2171440124512,312.88623046875,141.5542860031128,24946.64775245553,43.07734298706055,523.1398010253906,0.07607919230738318,26.418922424316406,312.88623046875,1,1,0,1,6073.523920372858,4,35.3877088274393,21.714276597825567,3684.7347005863726,26.418922424316406,CLEAN,10043
3,2,1,224.94036483764648,174.21484375,74.98012161254883,28880.817227435233,193.6453094482422,31.295055389404297,0.8608739902596322,174.21484375,31.295055389404297,0,1,1,1,-30.38778659314321,2,0.0,0.0,2518.2751542924093,31.295055389404297,BS_CROSS_DET,352
3,1,2,576.0545711517334,338.5809326171875,192.01819038391113,65534.117289173075,20.50319480895996,555.5513763427734,0.03559245223584798,20.50319480895996,338.5809326171875,0,1,1,1,-65534.117289173075,3,44.225480723334144,31.48756142383846,-1703.7942735174563,216.97044372558594,CLEAN,15282
2,1,1,725.3729934692383,693.1982421875,362.68649673461914,27333.985290680706,32.17475128173828,693.1982421875,0.0443561472117348,32.17475128173828,693.1982421875,0,1,1,1,-27333.985290680706,2,4.503324074780764,4.503324074780762,1212.430275436827,693.1982421875,CLEAN,10709
3,1,2,1327.6376953125,702.7454833984375,442.5458984375,27905.102233990798,403.09271240234375,924.5449829101562,0.3036165015693258,403.09271240234375,702.7454833984375,0,0,0,1,-26803.69259054325,3,34.09868048929623,28.952388447510774,12799.961102372285,702.7454833984375,MISSED_PROTON,16621
3,1,2,415.65121841430664,242.27955627441406,138.5504061381022,5829.271798617149,50.29154586791992,365.3596725463867,0.1209945830539851,50.29154586791992,242.27955627441406,0,0,0,1,-45.97239588836493,3,12.008866666666666,8.491551054365091,3403.3953106769122,123.08011627197266,MISSED_PROTON,981
5,2,3,469.8092632293701,217.95201110839844,93.96185264587402,37713.02105575391,46.92571830749512,422.883544921875,0.09988248844847714,27.10662269592285,217.95201110839844,0,0,0,1,-304.768444836067,5,21.839986065938778,12.479994438043633,11241.216236701253,217.95201110839844,MISSED_ELECTRON,1501
2,1,1,349.2317657470703,272.3502197265625,174.61588287353516,1586.2585085842936,272.3502197265625,76.88154602050781,0.7798552320804948,272.3502197265625,76.88154602050781,0,1,1,1,-1586.2585085842936,2,23.829409942810166,23.829409942810166,-349.20651123262985,76.88154602050781,MISSED_PROTON,7004
3,1,2,708.0221786499023,552.5775756835938,236.00739288330078,18704.138925104995,95.8783950805664,612.1437835693359,0.13541721992860856,95.8783950805664,552.5775756835938,0,1,1,1,-18704.138925104995,3,27.515814442688125,20.799995901014555,4007.2703300893745,552.5775756835938,MISSED_PROTON,12847
2,1,1,486.6383295059204,476.51019287109375,243.3191647529602,63323.283114303886,10.12813663482666,476.51019287109375,0.02081245150810391,10.12813663482666,476.51019287109375,0,1,1,1,-63323.283114303886,2,4.50334907485529,4.50334907485529,1317.9127591503845,476.51019287109375,CLEAN,9386
4,2,2,692.0371570587158,568.1583251953125,173.00928926467896,40002.10306035713,55.03505897521973,637.0020980834961,0.0795261618742103,37.09861755371094,568.1583251953125,0,1,1,1,-13891.1357347773,4,17.872066906226177,15.104644158896129,4966.837055502088,568.1583251953125,CLEAN,12035
5,2,3,907.4914436340332,655.9362182617188,181.49828872680663,46379.39040955365,158.72490882873535,748.7665348052979,0.17490512989645865,139.10435485839844,655.9362182617188,1,0,1,1,7653.623279258291,5,31.561876415859686,17.832277530141795,576.2379739401116,139.10435485839844,CLEAN,6275
2,1,1,194.25536155700684,163.58534240722656,97.12768077850342,28306.825674192252,30.670019149780273,163.58534240722656,0.15788505863597357,30.670019149780273,163.58534240722656,0,1,1,1,-28306.825674192252,2,4.50334907485529,4.50334907485529,4469.224831368127,163.58534240722656,CLEAN,19489
3,1,2,748.391918182373,610.6614990234375,249.46397272745767,35824.132600827426,50.56929397583008,697.822624206543,0.06757060404747318,50.56929397583008,610.6614990234375,0,0,0,1,-42.88626311994102,3,21.64931452402131,15.30837710797588,29234.130823352094,87.16112518310547,MISSED_PROTON,40
2,1,1,232.11303329467773,210.76239013671875,116.05651664733887,18701.5044836025,21.350643157958984,210.76239013671875,0.09198381863741964,21.350643157958984,210.76239013671875,0,1,1,1,-18701.5044836025,2,0.0,0.0,1720.235796666583,210.76239013671875,CLEAN,18381
3,1,2,1242.993143081665,742.5631103515625,414.33104769388837,29326.913926613546,17.30912208557129,1225.6840209960938,0.01392535605036244,17.30912208557129,742.5631103515625,0,1,1,1,-29326.913926613546,3,10.400002136751915,7.353912035251864,2793.4980940397245,483.12091064453125,CLEAN,7540
3,1,2,767.7825450897217,452.7591247558594,255.92751502990723,2771.866660276791,28.915266036987305,738.8672790527344,0.03766074941650089,28.915266036987305,452.7591247558594,0,1,1,1,-2771.866660276791,3,30.0222,21.22890120613877,-1017.0240246330945,286.108154296875,BS_CROSS_DET,10561
2,1,1,322.0998811721802,307.7886047363281,161.0499405860901,72655.08893127291,14.31127643585205,307.7886047363281,0.04443117576998386,14.31127643585205,307.7886047363281,0,1,1,1,-72655.08893127291,2,0.0,0.0,3228.1510268891952,307.7886047363281,CLEAN,3824
2,1,1,532.5074043273926,507.1551818847656,266.2537021636963,43060.98204371082,25.352222442626953,507.1551818847656,0.04760914540643659,25.352222442626953,507.1551818847656,0,1,1,1,-43060.98204371082,2,0.0,0.0,2050.0965554629834,507.1551818847656,CLEAN,12206
2,1,1,258.992919921875,232.75262451171875,129.4964599609375,41740.00768709519,26.24029541015625,232.75262451171875,0.10131665150565357,26.24029541015625,232.75262451171875,0,1,1,1,-41740.00768709519,2,0.0,0.0,4228.957812676725,232.75262451171875,CLEAN,4846
3,1,2,1435.5307874679565,974.4635620117188,478.51026248931885,43135.72585750753,10.524806022644043,1425.0059814453125,0.007331647718408111,10.524806022644043,974.4635620117188,0,1,1,1,-43135.72585750753,3,27.515816865537136,19.45662069550848,-9001.250623969314,974.4635620117188,CLEAN,10654
2,1,1,110.0447359085083,96.11762237548828,55.02236795425415,36585.249808447596,13.92711353302002,96.11762237548828,0.12655865287912624,13.92711353302002,96.11762237548828,0,1,1,1,-36585.249808447596,2,4.503324074780762,4.503324074780761,4630.1799310034385,96.11762237548828,CLEAN,11208
4,2,2,885.8787078857422,500.0019836425781,221.46967697143555,49597.39578451765,211.12103271484375,674.7576751708984,0.23831821538945203,195.00341796875,500.0019836425781,1,1,0,1,13209.03027809838,4,45.20188448013673,28.570443155678827,-1657.634687636753,195.00341796875,CLEAN,12080
2,1,1,611.5277404785156,386.9624328613281,305.7638702392578,27518.9403042952,386.9624328613281,224.5653076171875,0.6327798515869992,386.9624328613281,224.5653076171875,1,0,1,1,27518.9403042952,2,36.026650000000004,36.026650000000004,10105.50934271179,386.9624328613281,MISSED_PROTON,4634
2,1,1,190.9701108932495,177.58143615722656,95.48505544662476,52997.53212762742,13.38867473602295,177.58143615722656,0.07010874462709556,13.38867473602295,177.58143615722656,0,1,1,1,-52997.53212762742,2,4.50334907485529,4.50334907485529,3715.5904458021228,177.58143615722656,BS_LOST,9273
2,1,1,314.54283142089844,243.09165954589844,157.27141571044922,12365.561036772433,243.09165954589844,71.451171875,0.7728412008239691,243.09165954589844,71.451171875,0,1,1,1,-12365.561036772433,2,11.914703222909079,11.914703222909079,-2808.945996251141,71.451171875,MISSED_PROTON,2954
2,1,1,210.79858016967773,174.64598083496094,105.39929008483887,12044.090629784157,36.1525993347168,174.64598083496094,0.1715030495253647,36.1525993347168,174.64598083496094,1,0,1,1,12044.090629784157,2,9.00665,9.006649999999999,-2065.598271767853,36.1525993347168,MISSED_PROTON,1677
3,1,2,288.09778785705566,250.611572265625,96.03259595235188,20251.305821656635,9.306650161743164,278.7911376953125,0.032303789039715945,9.306650161743164,250.611572265625,0,0,0,1,-17195.195133642246,3,16.715656143900276,12.378470502269476,2536.30084578175,250.611572265625,CLEAN,1211
2,1,1,185.82428359985352,156.7211456298828,92.91214179992676,66.75258722335509,29.103137969970703,156.7211456298828,0.15661644111401618,29.103137969970703,156.7211456298828,0,1,1,1,-66.75258722335509,2,0.0,0.0,10.454552646074823,156.7211456298828,BS_LOST,7894
5,3,2,440.6476821899414,191.17652893066406,88.12953643798828,18714.186047505053,256.730167388916,183.9175148010254,0.5826200335674349,191.17652893066406,155.82925415039062,0,1,1,1,-29.00911092781174,4,36.23713390198823,21.242176435969903,1802.6248774845221,155.82925415039062,BS_CROSS_DET,13286
2,1,1,39.4694766998291,32.15503692626953,19.73473834991455,33847.63702393203,7.31443977355957,32.15503692626953,0.18531889412132088,7.31443977355957,32.15503692626953,1,0,1,1,33847.63702393203,2,11.914686073182962,11.914686073182962,27575.03036203707,7.31443977355957,MISSED_PROTON,19694
3,1,2,706.5561065673828,583.3829345703125,235.5187021891276,17937.37314251975,24.39404296875,682.1620635986328,0.03452527370722482,24.39404296875,583.3829345703125,0,1,1,1,-17937.37314251975,3,15.886224298778833,11.23325692911702,2034.0724210958838,583.3829345703125,CLEAN,781
2,1,1,604.8382225036621,570.081298828125,302.41911125183105,8955.445028575738,570.081298828125,34.75692367553711,0.9425351732374575,570.081298828125,34.75692367553711,1,0,1,1,8955.445028575738,2,40.53,40.53,514.6230971485777,570.081298828125,MISSED_PROTON,9762
3,1,2,1040.7946891784668,516.9783325195312,346.93156305948895,21396.286204432003,13.652904510498047,1027.1417846679688,0.013117769193533002,13.652904510498047,516.9783325195312,0,0,0,1,-13688.941692290073,3,34.09868619169953,24.39016209991233,10807.424648497368,510.1634521484375,CLEAN,15086
2,1,1,271.1438674926758,224.6472930908203,135.5719337463379,34303.715260586694,46.49657440185547,224.6472930908203,0.17148303899261688,46.49657440185547,224.6472930908203,0,1,1,1,-34303.715260586694,2,0.0,0.0,5882.505341622816,224.6472930908203,CLEAN,5773
2,1,1,258.733642578125,179.2008514404297,129.3668212890625,74.96312238135188,79.53279113769531,179.2008514404297,0.30739253830773194,79.53279113769531,179.2008514404297,0,1,1,1,-74.96312238135188,2,0.0,0.0,23.043104468276905,179.2008514404297,MISSED_PROTON,9105
3,2,1,472.69562911987305,352.7738037109375,157.56520970662436,3631.631894259031,119.92182540893555,352.7738037109375,0.2536977666415528,80.77252197265625,352.7738037109375,0,1,1,1,-1198.1798673574217,3,32.473997974447876,23.829399675377662,719.7950503743062,352.7738037109375,MISSED_PROTON,12158
3,1,2,264.12971019744873,159.48651123046875,88.04323673248291,15670.149195552447,14.400675773620605,249.72903442382812,0.054521226570291764,14.400675773620605,159.48651123046875,0,1,1,1,-15670.149195552447,3,15.886224298778837,11.233256929117022,461.7426081437434,90.24252319335938,CLEAN,16604
4,2,2,586.3429107666016,238.01646423339844,146.5857276916504,81256.29725827517,242.44064331054688,343.9022674560547,0.41347927784028804,224.70291137695312,238.01646423339844,0,1,1,1,-3979.229024531979,3,25.650986788230973,18.506935702235168,745.5259785543994,238.01646423339844,BS_CROSS_DET,942
2,1,1,90.48225021362305,77.95658111572266,45.24112510681152,24403.177059048503,12.52566909790039,77.95658111572266,0.13843233416861378,12.52566909790039,77.95658111572266,0,1,1,1,-24403.177059048503,2,4.503324074780762,4.503324074780761,3378.188761414052,77.95658111572266,CLEAN,776
2,1,1,685.2006225585938,430.60394287109375,342.6003112792969,14719.574830165406,430.60394287109375,254.5966796875,0.6284348389281731,430.60394287109375,254.5966796875,0,1,1,1,-14719.574830165406,2,4.503324074780762,4.503324074780761,9250.293637486187,254.5966796875,MISSED_PROTON,1364
5,2,3,2543.9194831848145,1634.6029052734375,508.7838966369629,22139.947252062953,74.66939163208008,2469.2500915527344,0.029352104941072692,66.48932647705078,1634.6029052734375,0,1,1,1,-5904.802253126415,4,35.74409916335842,23.40000480769181,-3071.2775547522424,1634.6029052734375,BS_CROSS_DET,8790
4,2,2,895.9579467773438,347.77215576171875,223.98948669433594,3293.3838813137077,314.8042755126953,581.1536712646484,0.3513605483884702,217.95567321777344,347.77215576171875,0,1,1,1,-28.362279231403644,4,22.176336356139284,16.08010934483578,1190.6845268605528,233.3815155029297,MISSED_PROTON,3989
3,1,2,147.5320873260498,73.4506607055664,49.1773624420166,35377.43926225727,25.524187088012695,122.00790023803711,0.17300769988838813,25.524187088012695,73.4506607055664,0,0,0,1,-18521.615350405802,3,26.684323268936595,19.223592431581448,20817.474482498674,48.5572395324707,CLEAN,7185
3,1,2,916.1750717163086,464.4415283203125,305.39169057210285,18797.891824725,353.1456604003906,563.029411315918,0.38545652605328834,353.1456604003906,464.4415283203125,0,0,0,1,-3880.262269849967,3,24.57426940602711,19.914512003729005,3518.478335755335,464.4415283203125,MISSED_PROTON,13021
2,1,1,580.7609100341797,447.51483154296875,290.38045501708984,8008.4925270453095,133.24607849121094,447.51483154296875,0.2294336209428575,133.24607849121094,447.51483154296875,1,0,1,1,8008.4925270453095,2,4.50335,4.50335,-1837.4174387738203,133.24607849121094,MISSED_PROTON,14184
3,1,2,410.3432312011719,200.5767822265625,136.78107706705728,8804.592198410652,117.28368377685547,293.0595474243164,0.28581849256666997,117.28368377685547,200.5767822265625,1,0,1,1,7983.805565144445,3,18.261801698749345,14.39814978769456,-2701.503376623046,117.28368377685547,MISSED_PROTON,13898
2,1,1,134.1847686767578,86.03874969482422,67.0923843383789,41205.173020995615,48.146018981933594,86.03874969482422,0.35880390491944847,48.146018981933594,86.03874969482422,1,0,1,1,41205.173020995615,2,22.516650000000002,22.51665,26420.596038180884,48.146018981933594,MISSED_ELECTRON,3770
3,1,2,499.20694732666016,245.3272705078125,166.40231577555338,55.637566561313164,159.22201538085938,339.9849319458008,0.31894991893346214,159.22201538085938,245.3272705078125,0,1,1,1,-55.637566561313164,3,6.004465433140386,4.245798225173788,18.968875486152843,245.3272705078125,MISSED_PROTON,5543
2,1,1,664.6016530990601,653.9267578125,332.30082654953003,29361.70274026902,10.674895286560059,653.9267578125,0.016062095597840692,10.674895286560059,653.9267578125,0,1,1,1,-29361.70274026902,2,4.503324074780762,4.503324074780761,471.61047632958196,653.9267578125,CLEAN,961
2,1,1,619.6819190979004,579.5830078125,309.8409595489502,13770.362576922536,40.09891128540039,579.5830078125,0.0647088611908739,40.09891128540039,579.5830078125,0,1,1,1,-13770.362576922536,2,4.503324074780762,4.503324074780761,891.064480538085,579.5830078125,MISSED_PROTON,1422
4,2,2,474.0415458679199,215.26956176757812,118.51038646697998,23572.932161840985,189.18951797485352,284.8520278930664,0.3990990233323696,171.18408203125,215.26956176757812,0,1,1,1,-47.545078440273215,4,5.957381357610075,5.034886562277248,914.7489494121355,215.26956176757812,BS_CROSS_DET,9312
4,1,3,571.6767063140869,401.568115234375,142.91917657852173,44553.67574196521,16.60350227355957,555.0732040405273,0.02904351723653645,16.60350227355957,401.568115234375,0,1,1,1,-44553.67574196521,4,32.4739925872324,19.10602042987694,2900.205282026299,99.88294982910156,CLEAN,4174
2,1,1,395.83067321777344,325.3609619140625,197.91533660888672,9383.834610498878,325.3609619140625,70.46971130371094,0.8219700592406068,325.3609619140625,70.46971130371094,0,1,1,1,-9383.834610498878,2,25.07351564679353,25.073515646793528,-1670.6035198030588,70.46971130371094,MISSED_PROTON,11738
3,2,1,799.5851898193359,329.1441345214844,266.5283966064453,36638.851897619315,470.44105529785156,329.1441345214844,0.5883563893975405,326.37060546875,329.1441345214844,0,1,1,1,-8912.00163783697,3,40.390755877070575,31.487567016875442,16560.83745790575,329.1441345214844,MISSED_PROTON,17631
2,1,1,191.53846740722656,162.61703491210938,95.76923370361328,15326.042183570542,28.921432495117188,162.61703491210938,0.15099542607087818,28.921432495117188,162.61703491210938,0,1,1,1,-15326.042183570542,2,4.503300000000001,4.5033,2314.162269488486,162.61703491210938,CLEAN,16340
2,1,1,314.56977462768555,286.25775146484375,157.28488731384277,42728.6972232454,28.312023162841797,286.25775146484375,0.09000236337502857,28.312023162841797,286.25775146484375,0,1,1,1,-42728.6972232454,2,4.503324074780762,4.503324074780761,3845.6837340281068,286.25775146484375,CLEAN,12121
2,1,1,618.9552040100098,603.628662109375,309.4776020050049,31762.892200450344,15.326541900634766,603.628662109375,0.024761956602576532,15.326541900634766,603.628662109375,0,1,1,1,-31762.892200450344,2,4.503324074780762,4.50332407478076,786.511358239868,603.628662109375,CLEAN,10941
3,1,2,412.44682121276855,266.25396728515625,137.4822737375895,1472.8513771455475,31.946081161499023,380.50074005126953,0.07745503060870731,31.946081161499023,266.25396728515625,0,0,0,1,-1417.2129652435156,3,26.17278580587095,18.506954325874368,-899.4664194321168,266.25396728515625,MISSED_PROTON,13810
3,1,2,399.653564453125,320.85833740234375,133.21785481770834,23807.266284071007,21.285884857177734,378.36767959594727,0.053260840764187245,21.285884857177734,320.85833740234375,0,1,1,1,-23807.266284071007,3,6.004432099707681,4.245774654877482,1280.194965335726,57.509342193603516,BS_SAME_DET,7151
2,1,1,1227.0890197753906,768.6132202148438,613.5445098876953,23181.254726107454,768.6132202148438,458.4757995605469,0.6263711986890181,768.6132202148438,458.4757995605469,0,1,1,1,-23181.254726107454,2,23.829409942810166,23.829409942810166,14520.070309907394,458.4757995605469,MISSED_PROTON,10975
7,2,5,1357.4717388153076,440.0595703125,193.92453411647253,53265.466768620354,305.04683113098145,1052.4249076843262,0.22471689274150328,290.6510009765625,440.0595703125,1,1,0,1,6961.366326541624,7,29.67710877683405,20.984889225160206,3686.975687877847,290.6510009765625,CLEAN,13061
3,2,1,605.198076248169,473.3379211425781,201.732692082723,61831.09453296906,495.63606452941895,109.56201171875,0.8189650363762512,473.3379211425781,109.56201171875,0,1,1,1,-27769.0358259794,3,37.497733857453895,26.514901889734045,23996.86461612122,109.56201171875,CLEAN,3965
3,2,1,699.3884963989258,405.0545654296875,233.12949879964194,28424.731107794043,294.3339309692383,405.0545654296875,0.4208446842988285,265.9102783203125,405.0545654296875,0,1,1,1,-16695.673656041497,3,21.649310411291264,15.308374199836578,7502.962858681382,405.0545654296875,CLEAN,12275
5,1,4,865.7565841674805,495.2949523925781,173.15131683349608,35799.61824140663,99.77593994140625,765.9806442260742,0.11524710497853356,99.77593994140625,495.2949523925781,0,1,1,1,-35799.61824140663,5,32.57374954776315,19.56748163892329,6158.995228386446,103.7856674194336,MISSED_PROTON,10036
4,1,3,1022.3768253326416,456.8526611328125,255.5942063331604,48556.69005081259,21.547433853149414,1000.8293914794922,0.021075823824682958,21.547433853149414,456.8526611328125,0,0,0,1,-29054.969083539792,4,31.523323481283267,20.636866790210064,238.94168807386131,456.8526611328125,CLEAN,13188
2,1,1,209.3997459411621,175.0541229248047,104.69987297058105,7559.053965473246,34.34562301635742,175.0541229248047,0.16401941111240878,34.34562301635742,175.0541229248047,1,0,1,1,7559.053965473246,2,16.23700849055946,16.23700849055946,-1239.8315799838401,34.34562301635742,MISSED_PROTON,14113
2,1,1,379.8242244720459,352.95867919921875,189.91211223602295,37599.76336859977,26.86554527282715,352.95867919921875,0.07073152142986705,26.86554527282715,352.95867919921875,0,1,1,1,-37599.76336859977,2,0.0,0.0,2659.488468464045,352.95867919921875,CLEAN,12339
2,1,1,372.31579780578613,357.2994079589844,186.15789890289307,23842.52688755226,15.016389846801758,357.2994079589844,0.04033240043882014,15.016389846801758,357.2994079589844,0,1,1,1,-23842.52688755226,2,4.503350000000001,4.50335,961.6263419020936,357.2994079589844,CLEAN,18701
3,2,1,298.2088165283203,145.92201232910156,99.40293884277344,37466.91980739295,152.28680419921875,145.92201232910156,0.5106717030438849,145.3730926513672,145.92201232910156,0,1,1,1,-10709.87486740314,2,25.07348687802516,25.07348687802516,-4620.306059011158,145.92201232910156,CLEAN,10335
2,1,1,901.0693969726562,480.5710754394531,450.5346984863281,21917.802893751166,420.4983215332031,480.5710754394531,0.4666658560882892,420.4983215332031,480.5710754394531,1,0,1,1,21917.802893751166,2,40.02648490340489,40.02648490340489,11689.512642764395,420.4983215332031,MISSED_PROTON,7797
2,1,1,321.5370807647705,300.1357727050781,160.76854038238525,15222.493313282086,21.401308059692383,300.1357727050781,0.06655937787576392,21.401308059692383,300.1357727050781,0,1,1,1,-15222.493313282086,2,0.0,0.0,1013.1996846500319,300.1357727050781,CLEAN,18980
4,1,3,1453.2201690673828,765.9515991210938,363.3050422668457,21592.52675543462,448.8246154785156,1004.3955535888672,0.3088483252792678,448.8246154785156,765.9515991210938,0,0,0,1,-8824.970087914473,4,21.479517481137695,17.586065043735623,14757.254434681472,128.0265350341797,MISSED_PROTON,3472
3,1,2,301.1220474243164,168.7556915283203,100.37401580810547,19358.875368731362,9.354248046875,291.7677993774414,0.031064640157994688,9.354248046875,168.7556915283203,0,1,1,1,-19358.875368731362,3,6.004465433140386,4.245798225173788,613.9096975712073,123.0121078491211,BS_SAME_DET,6837
4,1,3,571.1098861694336,280.9184875488281,142.7774715423584,31815.214472677268,280.9184875488281,290.19139862060547,0.49188167522893633,280.9184875488281,160.36729431152344,0,0,0,1,-26210.969662028576,4,48.76299392697807,28.74734441165827,9471.826498836772,57.681175231933594,MISSED_PROTON,5550
3,1,2,382.0311698913574,290.3708190917969,127.34372329711914,21547.032070219586,12.404178619384766,369.62699127197266,0.032469022417496156,12.404178619384766,290.3708190917969,0,1,1,1,-21547.032070219586,3,6.004465433140388,4.245798225173788,3757.8062276074356,290.3708190917969,CLEAN,14853
4,1,3,775.8984222412109,346.3934326171875,193.97460556030273,24621.604842001525,346.3934326171875,429.50498962402344,0.44644172830847806,346.3934326171875,242.3282928466797,0,0,0,1,-18339.943999050996,4,24.768319911178878,16.69880536812439,13449.153231916818,242.3282928466797,MISSED_PROTON,951
3,2,1,349.1521987915039,198.44833374023438,116.38406626383464,28.471996639049436,243.93218994140625,105.22000885009766,0.6986414256754266,198.44833374023438,105.22000885009766,0,1,1,1,-28.47100041116249,3,6.004432099707681,4.245774654877482,19.891586545697375,105.22000885009766,BS_CROSS_DET,5089
5,2,3,785.3762836456299,579.352294921875,157.07525672912598,44466.71322428533,88.44565010070801,696.9306335449219,0.11261563653304257,66.4301528930664,579.352294921875,0,1,1,1,-37690.86318654827,5,42.360065433169474,28.31018190703832,3198.3928081447993,88.99768829345703,CLEAN,3656
3,2,1,360.6581001281738,326.4189758300781,120.21936670939128,41990.32708083483,34.2391242980957,326.4189758300781,0.0949351318767761,23.702899932861328,326.4189758300781,0,1,1,1,-39.67996255263212,3,30.022227165070735,21.228920414744493,2760.815846308566,326.4189758300781,MISSED_PROTON,15046
3,1,2,164.1299819946289,80.53468322753906,54.70999399820963,23380.2762463758,80.53468322753906,83.59529876708984,0.49067624482024574,80.53468322753906,45.449676513671875,0,1,1,1,-23380.2762463758,3,16.715676763279564,15.308392359820877,11622.834704804742,38.14562225341797,MISSED_PROTON,15251
3,1,2,497.09625816345215,396.3082275390625,165.69875272115073,58519.89048336479,19.9154109954834,477.18084716796875,0.040063490055350474,19.9154109954834,396.3082275390625,0,1,1,1,-58519.89048336479,3,32.47403033196082,23.255134375349364,-409.5915582297516,80.87261962890625,CLEAN,12964
3,1,2,776.523063659668,377.3607482910156,258.84102121988934,25797.207229355492,365.9256896972656,410.59737396240234,0.4712360866304447,365.9256896972656,377.3607482910156,0,0,0,1,-21879.713128329684,3,39.259139204917766,29.41563447356222,11414.678651188675,377.3607482910156,MISSED_PROTON,8046
2,1,1,148.67348098754883,95.70353698730469,74.33674049377441,30668.98642633531,52.96994400024414,95.70353698730469,0.3562837410437729,52.96994400024414,95.70353698730469,0,1,1,1,-30668.98642633531,2,7.800001602563938,7.800001602563937,10926.861217995434,95.70353698730469,MISSED_PROTON,19173
2,1,1,90.5112075805664,70.13011169433594,45.2556037902832,15589.675100919056,20.38109588623047,70.13011169433594,0.22517759326201364,20.38109588623047,70.13011169433594,0,1,1,1,-15589.675100919056,2,4.503349074855292,4.503349074855291,3510.445518961693,70.13011169433594,DL_DEGRADED,997
3,1,2,914.2927856445312,406.8482971191406,304.76426188151044,23745.705629569547,398.2627258300781,516.0300598144531,0.43559648734329953,398.2627258300781,406.8482971191406,1,0,1,1,1682.0961401408251,3,42.56383493582838,34.49289910820615,10767.397791448604,398.2627258300781,MISSED_PROTON,3158
3,1,2,649.2037258148193,367.89459228515625,216.4012419382731,85519.32372071792,29.48311424255371,619.7206115722656,0.04541427146855832,29.48311424255371,367.89459228515625,0,1,1,1,-85519.32372071792,3,13.757930254584082,10.400020669530742,-309.80312777419147,251.82601928710938,CLEAN,17347
2,1,1,414.21009826660156,305.1794738769531,207.10504913330078,2037.3189698947276,109.03062438964844,305.1794738769531,0.26322541349407697,109.03062438964844,305.1794738769531,1,0,1,1,2037.3189698947276,2,15.600003205127877,15.600003205127877,-536.2741282698665,109.03062438964844,MISSED_PROTON,7270
3,1,2,584.5504493713379,461.04644775390625,194.85014979044595,11502.811452567155,75.22521209716797,509.3252372741699,0.12868899883332544,75.22521209716797,461.04644775390625,1,0,1,1,381.24943524051196,3,47.18361601182248,37.0138639958357,-2398.8297066783925,75.22521209716797,MISSED_PROTON,5458
2,1,1,249.80567264556885,242.27426147460938,124.90283632278442,46549.85998995023,7.531411170959473,242.27426147460938,0.030149079847539114,7.531411170959473,242.27426147460938,0,1,1,1,-46549.85998995023,2,4.503324074780764,4.503324074780762,1403.4354457287757,242.27426147460938,CLEAN,16679
2,1,1,145.52986907958984,112.05408477783203,72.76493453979492,34.679992607233174,112.05408477783203,33.47578430175781,0.7699731023364694,112.05408477783203,33.47578430175781,0,1,1,1,-34.679992607233174,2,4.503324074780762,4.50332407478076,26.702661496797152,33.47578430175781,MISSED_PROTON,13731
2,1,1,477.1774368286133,356.911865234375,238.58871841430664,26.940432574597075,356.911865234375,120.26557159423828,0.7479646724423105,356.911865234375,120.26557159423828,0,1,1,1,-26.940432574597075,2,0.0,0.0,20.15049182611265,120.26557159423828,MISSED_PROTON,18223
4,2,2,649.5445594787598,316.89959716796875,162.38613986968994,39881.009998994545,257.9730339050293,391.57152557373047,0.397159871698479,219.39537048339844,316.89959716796875,0,0,0,1,-46.58120043198539,4,5.957381357610069,5.034886562277247,23296.93828069765,74.67192840576172,MISSED_PROTON,3112
2,1,1,228.64649963378906,207.5331573486328,114.32324981689453,15918.404614112986,21.11334228515625,207.5331573486328,0.09234054454790415,21.11334228515625,207.5331573486328,0,1,1,1,-15918.404614112986,2,4.503349074855292,4.50334907485529,1469.9141504010634,207.5331573486328,CLEAN,7813
2,1,1,268.49181938171387,247.1304931640625,134.24590969085693,17372.35152004638,21.361326217651367,247.1304931640625,0.07956043601940083,21.361326217651367,247.1304931640625,0,1,1,1,-17372.35152004638,2,4.503324074780762,4.503324074780761,1382.1518616171907,247.1304931640625,CLEAN,9798
4,1,3,1059.2077331542969,570.8468017578125,264.8019332885742,2471.5798536329457,67.72427368164062,991.4834594726562,0.06393861332560258,67.72427368164062,570.8468017578125,1,0,1,1,33.405525376504016,4,29.44440697318423,27.851590630832916,1903.957399713658,67.72427368164062,MISSED_PROTON,13383
2,1,1,514.0012474060059,472.6480712890625,257.00062370300293,26294.227530468175,41.35317611694336,472.6480712890625,0.0804534547836978,41.35317611694336,472.6480712890625,0,1,1,1,-26294.227530468175,2,0.0,0.0,2115.461445694783,472.6480712890625,CLEAN,9146
2,1,1,624.5168609619141,538.8941040039062,312.25843048095703,45.22022681248561,538.8941040039062,85.62275695800781,0.8628976056368965,538.8941040039062,85.62275695800781,1,0,1,1,45.22022681248561,2,0.0,0.0,6.199801369634389,538.8941040039062,MISSED_PROTON,7089
2,1,1,552.1909637451172,478.4428405761719,276.0954818725586,9558.384974714741,73.74812316894531,478.4428405761719,0.13355546905143906,73.74812316894531,478.4428405761719,0,1,1,1,-9558.384974714741,2,15.6,15.6,1276.5745886722548,478.4428405761719,MISSED_PROTON,11233
3,1,2,841.386962890625,374.8704528808594,280.4623209635417,32202.622683829737,170.1624755859375,671.2244873046875,0.20224044713188355,170.1624755859375,374.8704528808594,0,1,1,1,-32202.622683829737,3,31.344126359016617,24.20469128950006,7492.266155326951,296.3540344238281,MISSED_PROTON,3323
4,1,3,601.6444320678711,349.2410888671875,150.41110801696777,25902.66454402445,23.12955093383789,578.5148811340332,0.03844388762036887,23.12955093383789,349.2410888671875,0,0,0,1,-20077.71471631599,4,33.62453788925024,27.485093564273615,1139.477748359869,175.06393432617188,CLEAN,3467
3,1,2,806.7624778747559,651.4019165039062,268.92082595825195,39752.06816153684,17.442485809326172,789.3199920654297,0.02162034835243539,17.442485809326172,651.4019165039062,0,0,0,1,-16083.490859284535,3,20.799999999999997,14.707821048680188,7143.4467511289495,651.4019165039062,CLEAN,4692
2,1,1,602.4456329345703,412.5287170410156,301.22281646728516,21815.69361369767,189.9169158935547,412.5287170410156,0.3152432443877985,189.9169158935547,412.5287170410156,1,0,1,1,21815.69361369767,2,36.8613679171365,36.8613679171365,14938.44358034544,189.9169158935547,MISSED_PROTON,4625
3,2,1,355.65130615234375,168.92236328125,118.55043538411458,44882.32778607906,202.7278289794922,152.92347717285156,0.5700185138435944,168.92236328125,152.92347717285156,0,1,1,1,-36735.895943008014,3,29.568463644922627,21.22892198492948,21714.47768862823,152.92347717285156,CLEAN,4410
4,2,2,702.2975273132324,516.939208984375,175.5743818283081,40543.79481241905,70.66495895385742,631.632568359375,0.10061968924224914,49.79294967651367,516.939208984375,0,1,1,1,-42.865698911634794,4,33.62451798190756,19.758273077039778,30221.660556976836,114.693359375,BS_CROSS_DET,7953
3,2,1,1495.0397338867188,736.263671875,498.34657796223956,34162.46013374021,1091.429443359375,403.61029052734375,0.7300337366431989,736.263671875,403.61029052734375,0,1,1,1,-26955.595282440077,3,21.015575397415233,15.308406402003081,21390.576681390703,403.61029052734375,MISSED_PROTON,15515
2,1,1,689.7189331054688,664.8453979492188,344.8594665527344,42505.11787467778,24.87353515625,664.8453979492188,0.03606329181693849,24.87353515625,664.8453979492188,0,1,1,1,-42505.11787467778,2,4.50334907485529,4.50334907485529,1532.8744696278732,664.8453979492188,CLEAN,19077
3,1,2,460.0485153198242,243.0982208251953,153.34950510660806,45.36484648804405,243.0982208251953,216.9502944946289,0.5284186617930812,243.0982208251953,123.50032806396484,0,1,1,1,-45.36484648804405,3,6.004432099707681,4.245774654877482,27.313074311973434,123.50032806396484,MISSED_PROTON,77
4,1,3,228.03373908996582,82.649658203125,57.008434772491455,69091.72033844807,16.655580520629883,211.37815856933594,0.07303998341253695,16.655580520629883,82.649658203125,0,1,1,1,-69091.72033844807,4,8.118515672368936,5.957352660578355,-569.1099204452919,82.649658203125,CLEAN,12825
2,1,1,254.62392044067383,244.47120666503906,127.31196022033691,14658.971781364757,10.152713775634766,244.47120666503906,0.03987336994129858,10.152713775634766,244.47120666503906,0,1,1,1,-14658.971781364757,2,0.0,0.0,584.5026047974136,244.47120666503906,CLEAN,1263
3,1,2,698.7570724487305,407.0472717285156,232.9190241495768,30296.17506525122,224.83029174804688,473.9267807006836,0.3217574470626102,224.83029174804688,407.0472717285156,0,1,1,1,-30296.17506525122,3,42.563834935828375,32.88768507332527,10530.332331165351,407.0472717285156,MISSED_PROTON,4225
7,3,4,2733.092212677002,1760.88818359375,390.44174466814314,37568.720465538725,199.48576736450195,2533.6064453125,0.07298903653496204,134.57211303710938,1760.88818359375,0,1,1,1,-11307.8144315145,7,48.57060998470711,32.01188991808755,-2829.5636806143425,1760.88818359375,DL_DEGRADED,14789
4,1,3,614.603572845459,526.5240478515625,153.65089321136475,32270.0603672368,16.262683868408203,598.3408889770508,0.02646044472718584,16.262683868408203,526.5240478515625,0,0,0,1,-13304.33396614695,4,27.30002725961322,23.07272226660467,4090.259495279033,526.5240478515625,CLEAN,16541
2,1,1,1045.9009704589844,597.6027221679688,522.9504852294922,12991.75220328798,597.6027221679688,448.2982482910156,0.5713760088641242,597.6027221679688,448.2982482910156,0,1,1,1,-12991.75220328798,2,27.39273222754532,27.39273222754532,7423.175522066378,448.2982482910156,MISSED_PROTON,16318
3,1,2,1408.4943923950195,664.2718505859375,469.49813079833984,17764.486991642152,81.59156036376953,1326.90283203125,0.057928211006243575,81.59156036376953,664.2718505859375,1,0,1,1,7746.989091992262,3,36.89191265920546,26.344386827346895,12022.656054119187,81.59156036376953,MISSED_PROTON,19337
4,1,3,1873.219337463379,1015.87744140625,468.3048343658447,30400.618810596392,244.53884887695312,1628.6804885864258,0.13054469596074936,244.53884887695312,1015.87744140625,0,0,0,1,-7952.481783648054,4,25.967470115945066,21.002129193667482,2350.5702838679035,123.55725860595703,MISSED_PROTON,12982
2,1,1,413.2987804412842,389.9570007324219,206.6493902206421,27345.251741249303,23.341779708862305,389.9570007324219,0.056476768898132246,23.341779708862305,389.9570007324219,0,1,1,1,-27345.251741249303,2,0.0,0.0,1544.3714630517852,389.9570007324219,CLEAN,11187
4,2,2,1702.0702724456787,1209.2371826171875,425.5175681114197,37874.560879909055,413.467809677124,1288.6024627685547,0.24292052823589855,393.860107421875,1209.2371826171875,0,0,0,1,-10265.175966994768,4,22.51667037380305,16.237000530347345,29659.414808923313,79.36528015136719,CLEAN,1963
4,1,3,402.9405174255371,192.99879455566406,100.73512935638428,36618.41989268793,192.99879455566406,209.94172286987305,0.47897589398249085,192.99879455566406,121.56192016601562,0,0,0,1,-47.52122318666839,4,35.172161680875185,20.636866790210064,2607.570217643758,59.98985290527344,MISSED_PROTON,11772
2,1,1,403.66376304626465,395.74212646484375,201.83188152313232,25152.580897212803,7.921636581420898,395.74212646484375,0.0196243440868706,7.921636581420898,395.74212646484375,0,1,1,1,-25152.580897212803,2,0.0,0.0,493.60290219975246,395.74212646484375,CLEAN,19622
2,1,1,249.85576820373535,226.53297424316406,124.92788410186768,17449.606555301965,23.32279396057129,226.53297424316406,0.09334502912717871,23.32279396057129,226.53297424316406,0,1,1,1,-17449.606555301965,2,4.503324074780762,4.503324074780761,1628.8340321624705,226.53297424316406,CLEAN,11270
2,1,1,109.02814865112305,82.00627899169922,54.51407432556152,3236.088217059595,82.00627899169922,27.021869659423828,0.7521569430121156,82.00627899169922,27.021869659423828,0,1,1,1,-3236.088217059595,2,4.50334907485529,4.50334907485529,2434.0462206610728,27.021869659423828,MISSED_ELECTRON,15990
2,1,1,1036.0066833496094,753.4733276367188,518.0033416748047,32297.24017265702,753.4733276367188,282.5333557128906,0.7272861649893939,753.4733276367188,282.5333557128906,0,1,1,1,-32297.24017265702,2,16.23700849055946,16.23700849055946,23489.335944913113,282.5333557128906,MISSED_PROTON,2424
2,1,1,202.54671478271484,107.6928482055664,101.27335739135742,21963.563821539978,107.6928482055664,94.85386657714844,0.5316938777362822,107.6928482055664,94.85386657714844,1,0,1,1,21963.563821539978,2,27.019994448556055,27.01999444855605,10285.67140435707,107.6928482055664,MISSED_PROTON,7639
4,1,3,530.0461196899414,271.2635498046875,132.51152992248535,24996.931519655136,112.03470611572266,418.01141357421875,0.21136784508725218,112.03470611572266,271.2635498046875,0,0,0,1,-47.743233911209224,4,23.72279021322376,14.417709218592078,3809.930727832334,66.30391693115234,MISSED_PROTON,18472
3,1,2,1090.1588764190674,962.5296630859375,363.38629213968915,19688.97788081442,28.946596145629883,1061.2122802734375,0.026552639960803783,28.946596145629883,962.5296630859375,0,1,1,1,-19688.97788081442,3,31.772511591625864,22.466558401766832,15322.934070226263,98.6826171875,CLEAN,19271
4,1,3,618.2774906158447,420.0841979980469,154.56937265396118,36648.14780608181,13.911115646362305,604.3663749694824,0.02249979314709634,13.911115646362305,420.0841979980469,0,0,0,1,-13893.572538498005,4,37.61024827757223,30.955295591657254,7409.852986430469,63.75808334350586,CLEAN,11309
2,1,1,469.94378662109375,332.8716735839844,234.97189331054688,26.116738545827285,332.8716735839844,137.07211303710938,0.7083223207978535,332.8716735839844,137.07211303710938,0,1,1,1,-26.116738545827285,2,0.0,0.0,18.499068858451142,137.07211303710938,MISSED_PROTON,9520
3,1,2,446.7615842819214,396.093017578125,148.9205280939738,78306.30094325625,14.765891075134277,431.9956932067871,0.03305094169828288,14.765891075134277,396.093017578125,0,1,1,1,-78306.30094325625,3,29.568439953511994,21.228898414713424,1280.8817213347377,35.90267562866211,CLEAN,18068
2,1,1,101.8829460144043,79.30486297607422,50.94147300720215,41704.59168595824,22.578083038330078,79.30486297607422,0.22160807006049835,22.578083038330078,79.30486297607422,0,1,1,1,-41704.59168595824,2,4.503324074780762,4.503324074780761,9242.07407618631,79.30486297607422,CLEAN,4743
3,1,2,678.713077545166,396.50335693359375,226.23769251505533,23040.290837878594,22.282108306884766,656.4309692382812,0.03282993807556621,22.282108306884766,396.50335693359375,0,1,1,1,-23040.290837878594,3,41.6,29.41564209736038,7700.762830298099,396.50335693359375,CLEAN,19896
3,1,2,441.37010955810547,185.03099060058594,147.1233698527018,25311.540536281893,185.03099060058594,256.33911895751953,0.4192195769347335,185.03099060058594,182.2661590576172,0,1,1,1,-25311.540536281893,3,36.891937420224735,26.344404059222057,10611.093758208117,74.07295989990234,MISSED_PROTON,1839
4,1,3,923.9064254760742,438.1536865234375,230.97660636901855,23218.404855820278,58.22563934326172,865.6807861328125,0.06302114341640061,58.22563934326172,438.1536865234375,0,0,0,1,-20257.82164065668,3,48.316195562714206,35.52277682429808,-1433.2472864777808,249.8433074951172,MISSED_PROTON,19396
3,2,1,268.24225425720215,166.4446258544922,89.41408475240071,18337.649678844406,189.6312313079834,78.61102294921875,0.7069401941655205,166.4446258544922,78.61102294921875,0,1,1,1,-31.084369386350065,2,0.0,0.0,1604.3768923425826,78.61102294921875,BS_CROSS_DET,1851
4,1,3,1848.6489181518555,1546.424072265625,462.16222953796387,23965.827466986695,23.172821044921875,1825.4760971069336,0.012535003708594044,23.172821044921875,1546.424072265625,0,1,1,1,-23965.827466986695,4,21.479526024158446,12.934841114891979,-7441.472623784555,1546.424072265625,BS_SAME_DET,8848
4,1,3,1154.07816696167,512.6365356445312,288.5195417404175,40668.70732813416,25.752452850341797,1128.3257141113281,0.022314305553617762,25.752452850341797,512.6365356445312,0,0,0,1,-19945.201367086185,4,20.265025,15.43666069335836,17800.90110704278,512.6365356445312,CLEAN,4114
3,1,2,421.5195846557617,161.49642944335938,140.50652821858725,28793.163410504938,122.78693389892578,298.73265075683594,0.2912959168888938,122.78693389892578,161.49642944335938,1,0,1,1,20014.89628982928,3,13.75793025458408,13.757912338965772,17042.622677834635,122.78693389892578,CLEAN,18407
3,1,2,138.8089714050293,72.57774353027344,46.269657135009766,29153.184426270775,20.055679321289062,118.75329208374023,0.14448402807314809,20.055679321289062,72.57774353027344,0,1,1,1,-29153.184426270775,3,6.004432099707681,4.245774654877482,4219.730802948395,72.57774353027344,BS_SAME_DET,9888
4,1,3,507.4492664337158,281.786376953125,126.86231660842896,40187.06095161155,281.786376953125,225.66288948059082,0.555299604497374,281.786376953125,102.87274932861328,0,1,1,1,-40187.06095161155,4,35.387710941520716,29.95647384192397,23696.33675619937,95.2441177368164,MISSED_PROTON,18913
3,1,2,506.85816955566406,241.7260284423828,168.95272318522134,30711.615854296448,93.05691528320312,413.80125427246094,0.1835955714490727,93.05691528320312,241.7260284423828,0,0,0,1,-2743.946689491637,3,27.01999444855605,20.13951505539959,10930.180829909461,241.7260284423828,MISSED_PROTON,9833
3,1,2,284.30344581604004,218.1012420654297,94.76781527201335,37005.11030451646,26.530492782592773,257.77295303344727,0.09331752102561382,26.530492782592773,218.1012420654297,0,1,1,1,-37005.11030451646,3,12.008864199415362,8.491549309754964,1236.3810240953405,39.67171096801758,CLEAN,11325
2,1,1,483.3831834793091,467.938232421875,241.69159173965454,31009.226558168815,15.444951057434082,467.938232421875,0.031951775703622905,15.444951057434082,467.938232421875,0,1,1,1,-31009.226558168815,2,4.50335,4.50335,990.7998517294366,467.938232421875,CLEAN,10488
3,2,1,224.59967231750488,172.53665161132812,74.86655743916829,30638.721299456458,52.06302070617676,172.53665161132812,0.23180363608268303,42.375511169433594,172.53665161132812,0,1,1,1,-40.71133242291756,2,0.0,0.0,1329.2008186097548,172.53665161132812,BS_CROSS_DET,8735
2,1,1,233.26644325256348,213.26345825195312,116.63322162628174,16488.324476787315,20.00298500061035,213.26345825195312,0.08575166115493352,20.00298500061035,213.26345825195312,0,1,1,1,-16488.324476787315,2,0.0,0.0,1413.9012135460623,213.26345825195312,CLEAN,18378
2,1,1,321.28035736083984,200.45777893066406,160.64017868041992,41253.33644557226,200.45777893066406,120.82257843017578,0.6239341258747536,200.45777893066406,120.82257843017578,1,0,1,1,41253.33644557226,2,11.914693773761035,11.914693773761035,15513.972030987019,200.45777893066406,MISSED_PROTON,8345
2,1,1,408.458553314209,367.7125244140625,204.2292766571045,34491.41494101623,40.746028900146484,367.7125244140625,0.09975560205444486,40.746028900146484,367.7125244140625,0,1,1,1,-34491.41494101623,2,27.39269843813311,27.392698438133106,3440.7118631507487,367.7125244140625,MISSED_PROTON,12759
3,1,2,927.5367431640625,494.9191589355469,309.1789143880208,12027.296262021451,494.9191589355469,432.6175842285156,0.5335844241029767,494.9191589355469,242.42974853515625,0,0,0,1,-5344.353053162672,3,39.02887531458101,29.26203181557213,-6709.481954615487,242.42974853515625,MISSED_PROTON,9593
3,1,2,363.85924530029297,151.55335998535156,121.28641510009766,12440.338738105373,115.63986206054688,248.2193832397461,0.3178148241502269,115.63986206054688,151.55335998535156,0,1,1,1,-12440.338738105373,3,37.49773859848084,26.514905242146348,-3285.102485943641,96.66602325439453,MISSED_PROTON,5144
2,1,1,458.3363285064697,437.2011413574219,229.16816425323486,50.18505389287716,21.13518714904785,437.2011413574219,0.04611283425409189,21.13518714904785,437.2011413574219,0,1,1,1,-50.18505389287716,2,0.0,0.0,2.3141750721949133,437.2011413574219,BS_CROSS_DET,18641
3,1,2,932.25146484375,327.10205078125,310.75048828125,38795.38026829575,298.8748474121094,633.3766174316406,0.320594666442495,298.8748474121094,327.10205078125,0,1,1,1,-38795.38026829575,3,26.17278580587095,19.914496370232413,20770.330505402657,306.2745666503906,MISSED_PROTON,2591
2,1,1,505.82573318481445,479.38421630859375,252.91286659240723,15640.079984793336,26.441516876220703,479.38421630859375,0.05227396540254649,26.441516876220703,479.38421630859375,0,1,1,1,-15640.079984793336,2,4.503300000000001,4.5033,817.5690000181467,479.38421630859375,CLEAN,18300
2,1,1,1408.8404846191406,1007.9774169921875,704.4202423095703,17579.251252040154,400.8630676269531,1007.9774169921875,0.2845340349055348,400.8630676269531,1007.9774169921875,1,0,1,1,17579.251252040154,2,16.23700849055946,16.23700849055946,12577.355962678996,400.8630676269531,MISSED_PROTON,5880
2,1,1,434.1707572937012,416.73443603515625,217.0853786468506,79768.1463124731,17.436321258544922,416.73443603515625,0.04016005446159025,17.436321258544922,416.73443603515625,0,1,1,1,-79768.1463124731,2,7.8,7.8,3203.493100209019,416.73443603515625,CLEAN,11899
4,1,3,773.4441452026367,408.2292175292969,193.36103630065918,33317.24866472864,142.19549560546875,631.248649597168,0.18384714201723587,142.19549560546875,408.2292175292969,0,0,0,1,-32.73804741462919,4,39.83603315118738,30.791064860158702,10252.970548454969,152.09730529785156,MISSED_PROTON,1819
2,1,1,567.1632347106934,555.2781982421875,283.5816173553467,42193.106893147786,11.88503646850586,555.2781982421875,0.02095523077155794,11.88503646850586,555.2781982421875,0,1,1,1,-42193.106893147786,2,4.50335,4.50335,884.1662919149239,555.2781982421875,CLEAN,10483
3,1,2,732.0423851013184,386.4942321777344,244.0141283671061,38125.22201947416,21.12228012084961,710.9201049804688,0.028853903203878255,21.12228012084961,386.4942321777344,0,1,1,1,-38125.22201947416,3,36.8919022544394,26.34437943665066,14115.41383047349,324.4258728027344,CLEAN,903
4,2,2,743.6141586303711,429.2929992675781,185.90353965759277,32469.197900616862,193.54935455322266,550.0648040771484,0.2602819651924223,157.62548828125,429.2929992675781,1,1,0,1,12001.77888858572,4,35.1000000000089,26.35508279463138,6857.2790068369895,35.923866271972656,MISSED_PROTON,4195
4,1,3,1052.798511505127,556.5584106445312,263.19962787628174,7808.593020362028,65.54381561279297,987.254695892334,0.062256751787280414,65.54381561279297,556.5584106445312,0,1,1,1,-7808.593020362028,4,25.574039344140083,16.08012788481096,-6609.591646947168,556.5584106445312,MISSED_PROTON,1990
2,1,1,59.31382369995117,32.97551727294922,29.656911849975586,48.80230887513359,26.338306427001953,32.97551727294922,0.4440500507982532,26.338306427001953,32.97551727294922,0,1,1,1,-48.80230887513359,2,0.0,0.0,21.670667735075114,32.97551727294922,MISSED_PROTON,17059
5,1,4,1154.7461318969727,510.7205810546875,230.94922637939453,40378.29152745731,29.731529235839844,1125.0146026611328,0.02574724297798515,29.731529235839844,510.7205810546875,0,1,1,1,-40378.29152745731,5,28.595298228911687,21.16088735695174,10243.779535145297,98.67591094970703,CLEAN,17011
2,1,1,257.6865921020508,165.78321838378906,128.8432960510254,40.50163121113155,165.78321838378906,91.90337371826172,0.6433521318724045,165.78321838378906,91.90337371826172,1,0,1,1,40.50163121113155,2,0.0,0.0,14.444820427140154,165.78321838378906,MISSED_PROTON,8649
4,2,2,452.3897361755371,221.25001525878906,113.09743404388428,32115.306957180408,245.63634872436523,206.75338745117188,0.5429750701263765,221.25001525878906,133.21856689453125,0,0,0,1,-16271.83531160372,4,25.374964524901316,23.50806572519313,14166.647691477348,133.21856689453125,CLEAN,10817
2,1,1,235.27103900909424,224.47457885742188,117.63551950454712,27572.201113814797,10.796460151672363,224.47457885742188,0.04588945667577484,10.796460151672363,224.47457885742188,0,1,1,1,-27572.201113814797,2,0.0,0.0,1265.2733284681551,224.47457885742188,CLEAN,247
2,1,1,1019.5890197753906,637.5191040039062,509.7945098876953,26178.89604434152,382.0699157714844,637.5191040039062,0.3747293354097243,382.0699157714844,637.5191040039062,1,0,1,1,26178.89604434152,2,20.636860832016094,20.636860832016094,16368.895727885161,382.0699157714844,MISSED_PROTON,18608
2,1,1,570.9576110839844,426.3731384277344,285.4788055419922,1411.7155621991947,426.3731384277344,144.58447265625,0.7467684643317899,426.3731384277344,144.58447265625,0,1,1,1,-1411.7155621991947,2,23.829409942810166,23.829409942810166,-357.4908997424126,144.58447265625,MISSED_PROTON,10179
2,1,1,172.92764377593994,159.5967254638672,86.46382188796997,48354.59530916132,13.330918312072754,159.5967254638672,0.07708957354062748,13.330918312072754,159.5967254638672,0,1,1,1,-48354.59530916132,2,0.0,0.0,3727.6351311128724,159.5967254638672,CLEAN,14160
4,2,2,2600.7211151123047,1651.333251953125,650.1802787780762,22786.481394914932,1868.0774841308594,732.6436309814453,0.7182921203184033,1651.333251953125,558.3069458007812,1,0,1,1,7607.390049369578,4,43.95078484368197,33.92479492549476,4105.521032438388,216.74423217773438,MISSED_PROTON,5855
4,1,3,1103.360273361206,863.3770751953125,275.8400683403015,36052.22892375009,19.91823387145996,1083.442039489746,0.018052339160972625,19.91823387145996,863.3770751953125,0,0,0,1,-31243.301804463412,4,21.71426286454654,13.321029159260743,30677.158979313943,135.0022430419922,CLEAN,11246
3,1,2,576.6731796264648,312.16949462890625,192.22439320882162,33467.576723234786,90.41712188720703,486.2560577392578,0.15679092609400347,90.41712188720703,312.16949462890625,0,0,0,1,-35.52581557642353,3,31.34410957165636,22.466562035166838,10108.789094635977,312.16949462890625,MISSED_PROTON,14516
2,1,1,771.2217407226562,456.0856628417969,385.6108703613281,14941.854236885682,315.1360778808594,456.0856628417969,0.40861928708800155,315.1360778808594,456.0856628417969,0,1,1,1,-14941.854236885682,2,19.629599763877003,19.629599763877003,6105.529826049064,456.0856628417969,MISSED_PROTON,19240
5,2,3,802.6906757354736,423.1095886230469,160.53813514709472,38976.906567720594,87.67048072814941,715.0201950073242,0.109220753869877,64.75650024414062,423.1095886230469,0,1,1,1,-30936.665074399403,5,54.60742763040208,33.01899422172638,23218.014299082843,219.76937866210938,CLEAN,11232
2,1,1,470.0782165527344,389.7459411621094,235.0391082763672,25.243320037003492,389.7459411621094,80.332275390625,0.8291087045476545,389.7459411621094,80.332275390625,0,1,1,1,-25.243320037003492,2,0.0,0.0,20.929456374361816,80.332275390625,MISSED_PROTON,18156
4,1,3,603.3181343078613,371.4762268066406,150.82953357696533,40602.90636061023,53.41818618774414,549.8999481201172,0.08854066064005611,53.41818618774414,371.4762268066406,1,0,1,1,10687.72623890219,4,56.29166343449535,33.32161857814683,3582.458884502727,53.41818618774414,MISSED_PROTON,15573
2,1,1,496.1932678222656,288.3492736816406,248.0966339111328,1116.2904288498587,207.843994140625,288.3492736816406,0.41887709410655255,207.843994140625,288.3492736816406,0,1,1,1,-1116.2904288498587,2,7.800000000000001,7.8,467.5884910155862,288.3492736816406,MISSED_PROTON,17183
4,1,3,991.7903289794922,544.7921142578125,247.94758224487305,34507.646362457825,254.5146942138672,737.275634765625,0.25662147207641295,254.5146942138672,544.7921142578125,1,0,1,1,8782.190127321197,4,37.61022632377563,30.95528804650144,7996.59743209655,254.5146942138672,MISSED_PROTON,6370
2,1,1,123.47928619384766,103.89940643310547,61.73964309692383,51.7234273582647,19.579879760742188,103.89940643310547,0.1585681320671398,19.579879760742188,103.89940643310547,0,1,1,1,-51.7234273582647,2,0.0,0.0,8.201687260310429,103.89940643310547,BS_CROSS_DET,2455
4,3,1,653.976734161377,227.61830139160156,163.49418354034424,36602.52388489387,440.61169815063477,213.3650360107422,0.6737421610505004,227.61830139160156,213.3650360107422,1,1,0,1,12701.40605681475,4,47.01618953852492,27.392711525559132,-3032.187040564332,193.4340362548828,BS_CROSS_DET,18573
3,1,2,271.2551498413086,156.471435546875,90.4183832804362,179.92081448268854,51.399375915527344,219.85577392578125,0.189487189259254,51.399375915527344,156.471435546875,0,1,1,1,-179.92081448268854,3,49.148490556182,34.75323095735928,-24.24149997695533,63.38433837890625,MISSED_PROTON,12995
2,1,1,311.6615161895752,284.8224792480469,155.8307580947876,26702.72210030815,26.83903694152832,284.8224792480469,0.08611598014944799,26.83903694152832,284.8224792480469,0,1,1,1,-26702.72210030815,2,4.5033,4.5033,2299.5310863263626,284.8224792480469,CLEAN,13560
2,1,1,1061.0087585449219,564.7958984375,530.5043792724609,15370.144837108803,564.7958984375,496.2128601074219,0.5323197324139594,564.7958984375,496.2128601074219,0,1,1,1,-15370.144837108803,2,23.829409942810166,23.829409942810166,8181.831386853555,496.2128601074219,MISSED_PROTON,10952
3,1,2,767.0716209411621,461.3804626464844,255.6905403137207,20102.412572188365,23.65938949584961,743.4122314453125,0.0308437815321868,23.65938949584961,461.3804626464844,0,0,0,1,-14376.934414211853,3,26.172746154816167,18.506926288344648,12534.696423955449,282.0317687988281,CLEAN,7412
2,1,1,512.2282562255859,377.8184509277344,256.11412811279297,34.91419446591353,377.8184509277344,134.40980529785156,0.7375978313100765,377.8184509277344,134.40980529785156,0,1,1,1,-34.91419446591353,2,4.503350000000001,4.50335,25.7526341199961,134.40980529785156,MISSED_PROTON,14759
2,1,1,327.86494636535645,305.6582946777344,163.93247318267822,61010.23622019934,22.20665168762207,305.6582946777344,0.06773109456744449,22.20665168762207,305.6582946777344,0,1,1,1,-61010.23622019934,2,4.503350000000001,4.503349999999999,4132.290079012448,305.6582946777344,CLEAN,12646
3,1,2,449.7366180419922,256.5757751464844,149.9122060139974,2737.26576349355,58.37046813964844,391.36614990234375,0.12978811552809416,58.37046813964844,256.5757751464844,0,0,0,1,-2692.018942315314,3,20.799999999999997,14.707821048680186,-781.0104620723517,134.79037475585938,MISSED_PROTON,19899
4,1,3,1076.9637851715088,621.7782592773438,269.2409462928772,41589.15977487413,99.7877426147461,977.1760425567627,0.09265654424847228,99.7877426147461,621.7782592773438,1,0,1,1,26.464098742497097,4,28.123306397908213,20.63686315593712,15743.328566692697,99.7877426147461,MISSED_PROTON,17845
2,1,1,68.62725067138672,39.83599853515625,34.31362533569336,46152.44302060865,28.79125213623047,39.83599853515625,0.41953089850697783,28.79125213623047,39.83599853515625,0,1,1,1,-46152.44302060865,2,0.0,0.0,19362.375888728042,39.83599853515625,CLEAN,6041
2,1,1,437.6777114868164,407.27935791015625,218.8388557434082,14438.365131283694,30.398353576660156,407.27935791015625,0.06945373908439431,30.398353576660156,407.27935791015625,0,1,1,1,-14438.365131283694,2,0.0,0.0,1002.7984446333942,407.27935791015625,CLEAN,12185
2,1,1,211.0186710357666,185.301513671875,105.5093355178833,46158.152106548194,25.7171573638916,185.301513671875,0.12187147818560887,25.7171573638916,185.301513671875,0,1,1,1,-46158.152106548194,2,4.5033,4.5033,5625.362227541204,185.301513671875,CLEAN,3941
5,3,2,1593.4136371612549,697.3692016601562,318.682727432251,78860.09178836487,773.9422931671143,819.4713439941406,0.4857133609989247,697.3692016601562,480.2509460449219,1,1,0,1,2033.034992628686,5,31.251975484157796,24.43447778548991,12089.593376086967,59.29631423950195,CLEAN,17102
3,1,2,762.0427322387695,420.771240234375,254.01424407958984,4506.229120934237,96.31441497802734,665.7283172607422,0.12638978223054467,96.31441497802734,420.771240234375,0,0,0,1,-10.128198465764973,3,26.17272462834374,18.50691106683002,1449.7982313136088,420.771240234375,MISSED_PROTON,18169
3,1,2,862.9587173461914,501.37457275390625,287.6529057820638,20601.107022209173,38.257911682128906,824.7008056640625,0.04433342049059,38.257911682128906,501.37457275390625,0,1,1,1,-20601.107022209173,3,15.886224298778837,11.233256929117022,-1027.7222097392075,323.32623291015625,CLEAN,11012
4,2,2,713.806396484375,289.57452392578125,178.45159912109375,41050.572495548346,489.3688659667969,224.43753051757812,0.6855764649588832,289.57452392578125,142.7760009765625,0,1,1,1,-3092.6582140757537,4,35.10000721153772,32.55196741665548,9718.599597549433,142.7760009765625,MISSED_PROTON,12162
4,1,3,2271.840368270874,1715.9329833984375,567.9600920677185,37688.505717994885,29.542287826538086,2242.298080444336,0.013003681173701077,29.542287826538086,1715.9329833984375,0,1,1,1,-37688.505717994885,4,32.473999646726995,27.760415119588448,10441.168123661751,321.20556640625,CLEAN,18099
3,1,2,550.2153167724609,215.36923217773438,183.4051055908203,62.0602451034712,202.64964294433594,347.565673828125,0.3683097085211475,202.64964294433594,215.36923217773438,0,0,0,1,-26.428655494299278,3,6.004399999999997,4.245751956956505,24.644717725399524,215.36923217773438,MISSED_PROTON,7998
2,1,1,385.91729736328125,258.9151611328125,192.95864868164062,41631.91521636703,258.9151611328125,127.00213623046875,0.670908411988292,258.9151611328125,127.00213623046875,0,1,1,1,-41631.91521636703,2,13.509997224278028,13.509997224278028,27931.202125844015,127.00213623046875,MISSED_PROTON,3009
3,2,1,302.3703861236572,148.71939086914062,100.79012870788574,73595.80984628976,161.4397373199463,140.93064880371094,0.5339138511200763,148.71939086914062,140.93064880371094,0,1,1,1,-1911.0879711881887,2,9.006699999999999,9.006699999999999,2124.9555487806742,140.93064880371094,CLEAN,9868
4,1,3,754.087480545044,493.9356689453125,188.521870136261,31145.837890435236,29.10170555114746,724.9857749938965,0.0385919489475056,29.10170555114746,493.9356689453125,0,0,0,1,-15992.27279360045,4,48.45008232377552,29.61604500919856,21737.738056888255,168.86070251464844,CLEAN,5446
4,1,3,1029.7187423706055,557.76513671875,257.42968559265137,29243.58022962954,74.54640197753906,955.1723403930664,0.0723949161165303,74.54640197753906,557.76513671875,0,0,0,1,-24672.049706716673,4,30.9552739670581,25.771482800507908,22511.77344827258,77.44278717041016,MISSED_PROTON,2819
5,2,3,1270.8676986694336,495.3935241699219,254.1735397338867,28308.670543603865,117.82569122314453,1153.042007446289,0.09271279091167794,98.11260223388672,495.3935241699219,0,0,0,1,-11732.87454882875,4,15.6,11.030865786510141,1047.7094164548596,495.3935241699219,BS_CROSS_DET,12675
5,1,4,2029.9559078216553,824.8233642578125,405.99118156433104,36497.95845586342,26.4034481048584,2003.5524597167969,0.013006907195926204,26.4034481048584,824.8233642578125,0,0,0,1,-34690.037778730926,4,28.74732261689773,21.242170691692504,21398.60221101506,525.4985961914062,CLEAN,11868
2,1,1,352.9025821685791,325.2179870605469,176.45129108428955,21374.185530181752,27.684595108032227,325.2179870605469,0.07844826449812568,27.684595108032227,325.2179870605469,0,1,1,1,-21374.185530181752,2,4.503350000000001,4.503349999999999,1676.767759903709,325.2179870605469,CLEAN,16907
3,2,1,248.68339729309082,111.89064025878906,82.8944657643636,339.023077789622,136.79275703430176,111.89064025878906,0.5500679117435487,109.62863159179688,111.89064025878906,0,1,1,1,-42.43595879533007,3,6.004432099707681,4.245774654877482,154.08898310546567,111.89064025878906,BS_CROSS_DET,19571
3,2,1,502.84169006347656,271.14422607421875,167.61389668782553,40113.39189161565,312.72857666015625,190.1131134033203,0.6219225311661782,271.14422607421875,190.1131134033203,1,1,0,1,12932.45825392019,3,28.952381594611523,24.390162099912335,13587.109963647115,41.5843505859375,MISSED_PROTON,7157
2,1,1,437.15559673309326,423.02099609375,218.57779836654663,42048.67764660636,14.134600639343262,423.02099609375,0.03233311147100145,14.134600639343262,423.02099609375,0,1,1,1,-42048.67764660636,2,0.0,0.0,1359.5645815559305,423.02099609375,CLEAN,18832
2,1,1,895.7897644042969,546.8622436523438,447.89488220214844,16543.625297549668,546.8622436523438,348.9275207519531,0.6104805674085916,546.8622436523438,348.9275207519531,1,0,1,1,16543.625297549668,2,15.600003205127877,15.600003205127877,6444.063538906416,546.8622436523438,MISSED_PROTON,11156
3,1,2,323.25476837158203,136.5970458984375,107.75158945719402,30640.37587528315,97.95025634765625,225.30451202392578,0.30301256448926445,97.95025634765625,136.5970458984375,0,1,1,1,-30640.37587528315,3,46.89619779054587,36.27597707969651,15364.786840184948,136.5970458984375,MISSED_PROTON,19551
2,1,1,602.0428771972656,327.2496032714844,301.0214385986328,34623.20262364463,327.2496032714844,274.79327392578125,0.5435652769366751,327.2496032714844,274.79327392578125,1,0,1,1,34623.20262364463,2,27.020000000000003,27.02,15803.231901088622,327.2496032714844,MISSED_PROTON,3459
2,1,1,226.22075653076172,115.27665710449219,113.11037826538086,36.06052499001592,115.27665710449219,110.94409942626953,0.5095759508204843,115.27665710449219,110.94409942626953,1,0,1,1,36.06052499001592,2,0.0,0.0,17.68494868114272,115.27665710449219,MISSED_PROTON,18281
5,1,4,416.6409549713135,219.5367431640625,83.3281909942627,63112.17950638103,27.599973678588867,389.0409812927246,0.06624402461944524,27.599973678588867,219.5367431640625,0,1,1,1,-63112.17950638103,5,30.62264370837371,24.89491162289997,1655.3572424535885,44.918617248535156,DL_DEGRADED,10882
2,1,1,426.24889755249023,403.2815856933594,213.12444877624512,37281.685047560044,22.96731185913086,403.2815856933594,0.0538823959217456,22.96731185913086,403.2815856933594,0,1,1,1,-37281.685047560044,2,4.50334907485529,4.50334907485529,2008.8265143624533,403.2815856933594,CLEAN,12583
4,2,2,2147.441390991211,1773.475341796875,536.8603477478027,40236.412725627655,321.03587341308594,1826.405517578125,0.14949691980413163,234.3243865966797,1773.475341796875,0,1,1,1,-36.54728825328904,4,46.85413041795248,36.23712886284591,36310.16075398457,52.93017578125,MISSED_PROTON,10712
3,1,2,674.9947814941406,431.7410583496094,224.99826049804688,28766.40189390041,205.46624755859375,469.5285339355469,0.3043967941556261,205.46624755859375,431.7410583496094,0,0,0,1,-1322.283194995728,3,34.62331955792223,31.914054413168294,2012.8959701570416,431.7410583496094,MISSED_PROTON,3757
5,2,3,1126.7079010009766,604.5848999023438,225.34158020019532,39764.724518516276,113.44664764404297,1013.2612533569336,0.10068860575421193,59.51781463623047,604.5848999023438,0,0,0,1,-9419.468694081452,5,36.56307170733334,28.651961480889927,15611.003757053399,604.5848999023438,MISSED_PROTON,6403
2,1,1,284.93334007263184,268.8193359375,142.46667003631592,25029.12524475948,16.114004135131836,268.8193359375,0.05655359295975769,16.114004135131836,268.8193359375,0,1,1,1,-25029.12524475948,2,4.503324074780763,4.503324074780761,1415.4869612309233,268.8193359375,CLEAN,18446
3,2,1,481.4068145751953,433.3166198730469,160.46893819173178,36056.12880107026,48.09019470214844,433.3166198730469,0.09989512662919896,27.857791900634766,433.3166198730469,0,1,1,1,-15905.178490043383,3,21.64929842907412,15.308365727129578,2435.7471443758213,433.3166198730469,BREMS_LOSS,14643
2,1,1,750.7509803771973,708.4541625976562,375.37549018859863,12303.766273438101,42.296817779541016,708.4541625976562,0.05633934405026014,42.296817779541016,708.4541625976562,1,0,1,1,12303.766273438101,2,18.013346299063926,18.013346299063922,11610.580152244884,42.296817779541016,MISSED_PROTON,12086
3,1,2,1211.6636047363281,544.191162109375,403.8878682454427,27472.49488348315,544.191162109375,667.4724426269531,0.44912726600201647,544.191162109375,426.7062072753906,0,0,0,1,-22521.156847502363,3,24.574229364112316,18.50692819153591,19789.73249611759,240.7662353515625,MISSED_PROTON,10807
2,1,1,354.9363498687744,335.2981262207031,177.4681749343872,30317.437929916938,19.63822364807129,335.2981262207031,0.05532886010500714,19.63822364807129,335.2981262207031,0,1,1,1,-30317.437929916938,2,0.0,0.0,1677.4292819666114,335.2981262207031,CLEAN,10233
4,2,2,1304.6633071899414,836.0779418945312,326.16582679748535,48184.105950039906,345.65991973876953,959.0033874511719,0.2649418572852115,316.7146301269531,836.0779418945312,0,0,0,1,-7279.052424001794,4,55.47511144324092,34.3701838836367,26205.15478864695,122.92544555664062,CLEAN,9784
2,1,1,278.1206741333008,213.58607482910156,139.0603370666504,39785.20892145689,64.53459930419922,213.58607482910156,0.2320381233984366,64.53459930419922,213.58607482910156,0,1,1,1,-39785.20892145689,2,9.00665,9.006649999999999,9231.685217149594,213.58607482910156,MISSED_PROTON,19642
3,1,2,519.6134948730469,274.84649658203125,173.20449829101562,5914.890506299716,62.664886474609375,456.9486083984375,0.12059903580818239,62.664886474609375,274.84649658203125,0,1,1,1,-5914.890506299716,3,27.515814442688125,19.456618982295517,-2037.13927028986,182.10211181640625,MISSED_PROTON,6987
5,1,4,927.0857620239258,454.3463134765625,185.41715240478516,41403.639216390635,21.271255493164062,905.8145065307617,0.022944215480913733,21.271255493164062,454.3463134765625,0,1,1,1,-41403.639216390635,5,49.034649341052706,25.4109249803308,-3134.608211131443,454.3463134765625,CLEAN,16630
2,1,1,507.70721435546875,344.4131164550781,253.85360717773438,25122.282411372224,163.29409790039062,344.4131164550781,0.32163044621631287,163.29409790039062,344.4131164550781,0,1,1,1,-25122.282411372224,2,7.800000000000001,7.800000000000001,8080.090901941877,344.4131164550781,MISSED_PROTON,15691
3,1,2,483.21191024780273,286.884765625,161.07063674926758,21329.515048333356,37.74837875366211,445.4635314941406,0.07811971922278121,37.74837875366211,286.884765625,0,1,1,1,-21329.515048333356,3,38.32979100670622,28.79629957538912,3310.7009534397475,158.57876586914062,MISSED_PROTON,1532
3,1,2,225.2959747314453,172.34671020507812,75.09865824381511,57748.75527243417,7.413948059082031,217.88202667236328,0.032907592192534814,7.413948059082031,172.34671020507812,0,1,1,1,-57748.75527243417,3,15.886287292854524,11.233301472655114,3043.616110212774,172.34671020507812,CLEAN,554
2,1,1,100.97257995605469,69.26669311523438,50.486289978027344,39.60336443333292,69.26669311523438,31.705886840820312,0.6859950804998807,69.26669311523438,31.705886840820312,0,1,1,1,-39.60336443333292,2,0.0,0.0,27.167713172510332,31.705886840820312,MISSED_PROTON,18137
2,1,1,205.2738914489746,184.90773010253906,102.6369457244873,46394.79299821431,20.366161346435547,184.90773010253906,0.09921457230959159,20.366161346435547,184.90773010253906,0,1,1,1,-46394.79299821431,2,4.50334907485529,4.50334907485529,4603.039544709867,184.90773010253906,CLEAN,12031
2,1,1,393.9682388305664,269.5400390625,196.9841194152832,64.98919595122696,269.5400390625,124.4281997680664,0.684166926406524,269.5400390625,124.4281997680664,0,1,1,1,-64.98919595122696,2,0.0,0.0,44.46345844358226,124.4281997680664,MISSED_PROTON,3880
2,1,1,820.7161254882812,445.05975341796875,410.3580627441406,1964.1790119517793,375.6563720703125,445.05975341796875,0.45771779108984545,375.6563720703125,445.05975341796875,0,1,1,1,-1964.1790119517793,2,23.829409942810166,23.829409942810166,899.0396786556037,445.05975341796875,MISSED_PROTON,4434
2,1,1,735.6064987182617,715.1822509765625,367.80324935913086,32545.440756697255,20.42424774169922,715.1822509765625,0.02776518121752175,20.42424774169922,715.1822509765625,0,1,1,1,-32545.440756697255,2,4.503324074780762,4.503324074780761,903.6300604138175,715.1822509765625,CLEAN,15446
2,1,1,319.3245544433594,192.61241149902344,159.6622772216797,7896.6395943079115,126.71214294433594,192.61241149902344,0.3968130266875912,126.71214294433594,192.61241149902344,1,0,1,1,7896.6395943079115,2,16.23698280846845,16.23698280846845,-3133.4894580783944,126.71214294433594,MISSED_PROTON,9541
3,1,2,404.3584613800049,284.98040771484375,134.78615379333496,24714.653845563476,17.375009536743164,386.9834518432617,0.04296932349936561,17.375009536743164,284.98040771484375,0,0,0,1,-24355.682710332396,3,37.497733857453895,26.514901889734045,7281.040035976079,284.98040771484375,CLEAN,11553
3,1,2,1218.2162399291992,870.8226318359375,406.0720799763997,11048.127092114186,236.93980407714844,981.2764358520508,0.1944973283978869,236.93980407714844,870.8226318359375,1,0,1,1,7598.388941695461,3,43.60980069709101,31.487574667160377,988.1244632029694,236.93980407714844,MISSED_PROTON,11821
4,2,2,691.9052619934082,600.7442016601562,172.97631549835205,44874.56345697915,618.4046287536621,73.5006332397461,0.8937706687936038,600.7442016601562,40.61509704589844,0,1,1,1,-741.409323092157,4,48.76297834054027,28.747338209649946,2224.010530435817,40.61509704589844,CLEAN,16528
5,1,4,1459.6057634353638,604.5259399414062,291.9211526870728,45498.49885451791,10.298291206359863,1449.307472229004,0.007055529283552261,10.298291206359863,604.5259399414062,0,1,1,1,-45498.49885451791,5,31.251985005909624,19.650239557277665,7427.449915264532,486.98480224609375,CLEAN,9396
2,1,1,151.1153049468994,141.56349182128906,75.5576524734497,36327.79345372627,9.551813125610352,141.56349182128906,0.06320877378348126,9.551813125610352,141.56349182128906,0,1,1,1,-36327.79345372627,2,4.50335,4.50335,2296.235278469615,141.56349182128906,CLEAN,9643
2,1,1,352.2726573944092,334.98992919921875,176.1363286972046,69747.26661812932,17.28272819519043,334.98992919921875,0.04906065751177633,17.28272819519043,334.98992919921875,0,1,1,1,-69747.26661812932,2,0.0,0.0,3421.8467599345922,334.98992919921875,CLEAN,17117
5,2,3,881.4514274597168,303.5921325683594,176.29028549194337,36584.573621467884,279.97903060913086,601.4723968505859,0.3176340997211967,267.40997314453125,303.5921325683594,0,1,1,1,-35694.565046414755,5,35.98160468906299,23.208548889493283,6296.051628166807,144.3415985107422,CLEAN,2218
2,1,1,418.42206382751465,399.9669189453125,209.21103191375732,44632.17899874117,18.45514488220215,399.9669189453125,0.044106528975512815,18.45514488220215,399.9669189453125,0,1,1,1,-44632.17899874117,2,0.0,0.0,1968.5704962482519,399.9669189453125,CLEAN,5752
2,1,1,68.3554458618164,46.78172302246094,34.1777229309082,52.73379333021312,21.57372283935547,46.78172302246094,0.3156108861167802,21.57372283935547,46.78172302246094,1,0,1,1,52.73379333021312,2,0.0,0.0,36.0904340889654,21.57372283935547,MISSED_ELECTRON,16556
2,1,1,351.8225860595703,185.52020263671875,175.91129302978516,32583.724555402554,185.52020263671875,166.30238342285156,0.5273118042663316,185.52020263671875,166.30238342285156,0,1,1,1,-32583.724555402554,2,23.8293836937194,23.8293836937194,17181.782585026496,166.30238342285156,MISSED_PROTON,5841
3,2,1,145.5842227935791,75.84368896484375,48.52807426452637,24773.21148399378,69.74053382873535,75.84368896484375,0.4790390915341083,54.263160705566406,75.84368896484375,0,1,1,1,-50.81345516517206,2,0.0,0.0,2652.6331553669606,75.84368896484375,BS_CROSS_DET,11730
2,1,1,1209.5092468261719,792.0519409179688,604.7546234130859,2288.348191941743,792.0519409179688,417.4573059082031,0.6548539773435902,792.0519409179688,417.4573059082031,0,1,1,1,-2288.348191941743,2,7.800001602563938,7.800001602563938,1498.5339150400637,417.4573059082031,MISSED_PROTON,17405
2,1,1,298.55863189697266,273.843017578125,149.27931594848633,30146.841874100155,24.715614318847656,273.843017578125,0.08278311754649445,24.715614318847656,273.843017578125,0,1,1,1,-30146.841874100155,2,4.503324074780762,4.503324074780761,2495.6495545192142,273.843017578125,CLEAN,4238
2,1,1,322.1379165649414,224.2993927001953,161.0689582824707,30.503345421692455,97.8385238647461,224.2993927001953,0.30371626199122803,97.8385238647461,224.2993927001953,1,0,1,1,30.503345421692455,2,0.0,0.0,21.238983371988784,97.8385238647461,MISSED_PROTON,14242
2,1,1,535.7377319335938,379.60577392578125,267.8688659667969,26.25090858417411,379.60577392578125,156.1319580078125,0.7085664333473426,379.60577392578125,156.1319580078125,0,1,1,1,-26.25090858417411,2,0.0,0.0,18.600512667615387,156.1319580078125,MISSED_PROTON,13737
2,1,1,244.14370155334473,222.20947265625,122.07185077667236,57315.13670299451,21.934228897094727,222.20947265625,0.08984146941960802,21.934228897094727,222.20947265625,0,1,1,1,-57315.13670299451,2,0.0,0.0,5149.276101382735,222.20947265625,CLEAN,8607
3,2,1,229.46799087524414,101.39261627197266,76.48933029174805,17771.328423162173,137.52412033081055,91.9438705444336,0.5993172285435614,101.39261627197266,91.9438705444336,0,1,1,1,-36.29962547119453,3,27.515814442688125,19.456618982295517,2814.271988809713,91.9438705444336,MISSED_PROTON,5303
3,1,2,1023.8724365234375,424.7186279296875,341.2908121744792,30007.724745320702,332.548828125,691.3236083984375,0.3247951759050871,332.548828125,424.7186279296875,0,0,0,1,-8413.168820023511,3,34.62331763351269,24.75695597676652,15180.239801958141,266.60498046875,MISSED_PROTON,4464
2,1,1,211.9613914489746,189.21559143066406,105.9806957244873,2862.281261408896,22.745800018310547,189.21559143066406,0.10731105255923995,22.745800018310547,189.21559143066406,0,1,1,1,-2862.281261408896,2,32.47398565348115,32.47398565348115,307.1544148823777,189.21559143066406,MISSED_PROTON,16111
2,1,1,302.25895500183105,285.4281311035156,151.12947750091553,35323.91169333648,16.83082389831543,285.4281311035156,0.05568345823935463,16.83082389831543,285.4281311035156,0,1,1,1,-35323.91169333648,2,23.40000480769181,23.40000480769181,1966.9575616265524,285.4281311035156,MISSED_PROTON,13951
3,1,2,501.5646457672119,448.49920654296875,167.1882152557373,23314.98304797177,22.15780258178711,479.4068431854248,0.04417736132077992,22.15780258178711,448.49920654296875,0,1,1,1,-23314.98304797177,3,22.66627671233191,19.456620124437507,842.1715049064585,30.907636642456055,MISSED_PROTON,8572
2,1,1,421.5706024169922,404.2798156738281,210.7853012084961,40.85216214505545,17.290786743164062,404.2798156738281,0.04101516245210348,17.290786743164062,404.2798156738281,0,1,1,1,-40.85216214505545,2,0.0,0.0,1.6755580668991215,404.2798156738281,BS_CROSS_DET,5010
2,1,1,118.3445987701416,95.2819595336914,59.1722993850708,38094.84700596483,23.062639236450195,95.2819595336914,0.19487699038334913,23.062639236450195,95.2819595336914,0,1,1,1,-38094.84700596483,2,4.50334907485529,4.50334907485529,7423.809133636565,95.2819595336914,CLEAN,1035
7,2,5,1561.5373554229736,445.97900390625,223.0767650604248,49379.0487407914,71.39753913879395,1490.1398162841797,0.045722594397656594,49.81916809082031,445.97900390625,0,0,0,1,-11124.34669133752,6,40.86222169342362,34.19766715809476,6015.200208202852,192.6744384765625,CLEAN,2177
4,2,2,419.0061740875244,293.6407470703125,104.7515435218811,41926.00645034922,87.2475414276123,331.7586326599121,0.20822495424467788,72.4359359741211,293.6407470703125,0,1,1,1,-11151.66760849807,3,15.886248097577282,11.233273757408785,-6690.844180602471,293.6407470703125,BS_CROSS_DET,7530
2,1,1,272.1378631591797,181.1732177734375,136.06893157958984,13254.078982870438,181.1732177734375,90.96464538574219,0.6657405760089514,181.1732177734375,90.96464538574219,0,1,1,1,-13254.078982870438,2,18.01332129904144,18.01332129904144,8823.778176524303,90.96464538574219,MISSED_PROTON,19664
2,1,1,104.33336639404297,72.02616119384766,52.166683197021484,40.611062274978,72.02616119384766,32.30720520019531,0.6903463741582105,72.02616119384766,32.30720520019531,0,1,1,1,-40.611062274978,2,0.0,0.0,28.035699592244356,32.30720520019531,MISSED_PROTON,6141
2,1,1,486.2145080566406,428.8417663574219,243.1072540283203,35476.843472366236,57.37274169921875,428.8417663574219,0.11799882716073791,57.37274169921875,428.8417663574219,0,1,1,1,-35476.843472366236,2,28.123303948860634,28.123303948860634,4186.2259211042965,428.8417663574219,MISSED_PROTON,992
4,1,3,1222.43949508667,1074.6292724609375,305.6098737716675,34464.521876552186,32.7175407409668,1189.7219543457031,0.02676413914346505,32.7175407409668,1074.6292724609375,0,1,1,1,-34464.521876552186,4,27.668933737689006,21.71429214922455,18293.99320360397,64.38509368896484,CLEAN,12817
2,1,1,638.7743034362793,587.025146484375,319.38715171813965,2528.126424589385,587.025146484375,51.7491569519043,0.9189867897416657,587.025146484375,51.7491569519043,0,1,1,1,-2528.126424589385,2,27.02,27.02,2323.314786994474,51.7491569519043,MISSED_PROTON,9248
3,1,2,271.27307891845703,120.92362976074219,90.42435963948567,13788.711254836371,45.11814880371094,226.1549301147461,0.1663200380354483,45.11814880371094,120.92362976074219,0,1,1,1,-13788.711254836371,3,35.395655834453905,25.29716047113237,-5325.510033172456,105.2313003540039,MISSED_PROTON,18164
3,1,2,617.1790351867676,410.5643005371094,205.72634506225586,37876.159532977086,21.201602935791016,595.9774322509766,0.03435243539887108,21.201602935791016,410.5643005371094,0,0,0,1,-15320.643314109246,3,27.515820903618337,19.456623550863082,25722.554132369693,185.4131317138672,CLEAN,15412
4,1,3,574.956184387207,200.34510803222656,143.73904609680176,36241.2308696587,90.51412200927734,484.4420623779297,0.15742786053470845,90.51412200927734,200.34510803222656,1,0,1,1,31.492781403874904,4,31.281157250501856,19.500002456201766,12768.62515925008,90.51412200927734,MISSED_PROTON,12282
3,1,2,2060.843780517578,1563.01904296875,686.9479268391927,1606.8952189837205,1563.01904296875,497.8247375488281,0.7584364510036757,1563.01904296875,288.9389343261719,1,0,1,1,1606.8934730192952,3,6.004432099707681,4.245774654877482,-1218.726338026196,1563.01904296875,MISSED_PROTON,4791
2,1,1,128.3736915588379,77.99227905273438,64.18684577941895,10086.108341821258,77.99227905273438,50.381412506103516,0.6075409852725778,77.99227905273438,50.381412506103516,0,1,1,1,-10086.108341821258,2,11.914693773761035,11.914693773761035,6127.7241995560535,50.381412506103516,MISSED_PROTON,7268
4,2,2,1212.881706237793,504.6777648925781,303.22042655944824,23531.090722905,360.1610641479492,852.7206420898438,0.2969465713726722,349.6158752441406,504.6777648925781,1,1,0,1,150.4908951290995,4,31.922881491974138,24.972189950360278,-1818.7010787258528,349.6158752441406,CLEAN,19284
5,3,2,990.7656536102295,376.9045104980469,198.1531307220459,19384.97196622834,297.5666790008545,693.198974609375,0.30034012373819957,190.5111541748047,376.9045104980469,0,1,1,1,-8306.864045156302,5,27.25908226159494,15.703640385897787,7430.2895720226325,316.2944641113281,CLEAN,9165
4,2,2,1500.3694763183594,841.4689331054688,375.09236907958984,37793.093066501024,866.0064277648926,634.3630485534668,0.5771954451445646,841.4689331054688,601.209716796875,1,1,0,1,8089.2205785613705,4,42.1849445848353,33.47341801320676,-3906.1890022030557,841.4689331054688,MISSED_PROTON,314
2,1,1,325.508020401001,304.8639831542969,162.7540102005005,30660.868345805462,20.6440372467041,304.8639831542969,0.06342097875582982,20.6440372467041,304.8639831542969,0,1,1,1,-30660.868345805462,2,4.503324074780762,4.503324074780761,1944.542279994623,304.8639831542969,CLEAN,1821
3,2,1,194.72128915786743,118.49602508544922,64.90709638595581,26886.29815950688,76.22526407241821,118.49602508544922,0.3914582961220008,68.84344482421875,118.49602508544922,0,1,1,1,-38.50618998877426,2,0.0,0.0,1032.8644233117473,118.49602508544922,BS_CROSS_DET,4849
2,1,1,1093.5658111572266,856.8938598632812,546.7829055786133,25713.80310385306,856.8938598632812,236.6719512939453,0.7835777701906246,856.8938598632812,236.6719512939453,0,1,1,1,-25713.80310385306,2,16.23698280846845,16.23698280846845,20148.764499237943,236.6719512939453,MISSED_PROTON,3581
4,1,3,768.5420265197754,434.75738525390625,192.13550662994385,24017.341304696405,19.50430679321289,749.0377197265625,0.02537832170549625,19.50430679321289,434.75738525390625,0,0,0,1,-20372.52202082262,4,30.95529943120604,21.002147611420003,9428.103226494562,434.75738525390625,CLEAN,7189
2,1,1,250.89097213745117,195.5793914794922,125.44548606872559,25140.286907445407,195.5793914794922,55.311580657958984,0.7795393744671832,195.5793914794922,55.311580657958984,0,1,1,1,-25140.286907445407,2,25.073515144919348,25.073515144919348,19597.843529755508,55.311580657958984,MISSED_PROTON,733
2,1,1,407.3041229248047,361.1061706542969,203.65206146240234,26098.421968780505,46.19795227050781,361.1061706542969,0.11342372853671492,46.19795227050781,361.1061706542969,0,1,1,1,-26098.421968780505,2,23.4,23.4,2960.180328623597,361.1061706542969,MISSED_PROTON,11049
3,2,1,311.30695247650146,213.01597595214844,103.76898415883382,40066.50960649118,226.78798580169678,84.51896667480469,0.7285027976328782,213.01597595214844,84.51896667480469,0,1,1,1,-57.46142767732494,2,4.503324074780763,4.503324074780761,1811.834148087278,84.51896667480469,BS_CROSS_DET,10829
2,1,1,257.93531227111816,232.67462158203125,128.96765613555908,20813.03384069787,25.260690689086914,232.67462158203125,0.09793420864582966,25.260690689086914,232.67462158203125,0,1,1,1,-20813.03384069787,2,0.0,0.0,2038.3079987076185,232.67462158203125,CLEAN,19184
2,1,1,1277.6106567382812,949.0031127929688,638.8053283691406,14323.807761009362,949.0031127929688,328.6075439453125,0.742795238743357,949.0031127929688,328.6075439453125,0,1,1,1,-14323.807761009362,2,23.82938754752207,23.82938754752207,10639.6562055529,328.6075439453125,MISSED_PROTON,15475
2,1,1,194.29476356506348,170.6348419189453,97.14738178253174,18732.03653133769,23.659921646118164,170.6348419189453,0.12177333661488601,23.659921646118164,170.6348419189453,0,1,1,1,-18732.03653133769,2,0.0,0.0,2281.062590012926,170.6348419189453,CLEAN,5014
2,1,1,823.246452331543,708.4593505859375,411.6232261657715,7652.084771005307,708.4593505859375,114.78710174560547,0.8605677541390999,708.4593505859375,114.78710174560547,1,0,1,1,7652.084771005307,2,25.073484215850417,25.073484215850417,-6585.137405866046,708.4593505859375,MISSED_PROTON,12909
2,1,1,106.88668441772461,82.2249984741211,53.443342208862305,20322.0296050277,24.661685943603516,82.2249984741211,0.23072739207835286,24.661685943603516,82.2249984741211,0,1,1,1,-20322.0296050277,2,0.0,0.0,4688.848892507121,82.2249984741211,CLEAN,10215
2,1,1,670.5744342803955,653.83935546875,335.28721714019775,25123.098302772403,16.735078811645508,653.83935546875,0.024956332893311384,16.735078811645508,653.83935546875,0,1,1,1,-25123.098302772403,2,4.50334907485529,4.50334907485529,626.9804045553744,653.83935546875,CLEAN,17388
3,2,1,1199.2418251037598,650.8892211914062,399.7472750345866,23119.58858944017,676.3314247131348,522.910400390625,0.5639658412135666,650.8892211914062,522.910400390625,1,1,0,1,7897.150030483626,3,21.649310411291268,15.308374199836578,-3963.235232100059,650.8892211914062,CLEAN,12020
4,1,3,882.1256980895996,591.0548706054688,220.5314245223999,1181.7229909049038,31.088085174560547,851.0376129150391,0.03524223956051539,31.088085174560547,591.0548706054688,0,0,0,1,-1147.2841401235407,4,20.013224169033833,12.125578983908355,-733.4381697755791,591.0548706054688,MISSED_PROTON,6168
2,1,1,428.8130531311035,373.3545837402344,214.40652656555176,35.31902181972484,55.45846939086914,373.3545837402344,0.12933018010044928,55.45846939086914,373.3545837402344,0,1,1,1,-35.31902181972484,2,0.0,0.0,4.567815452916711,373.3545837402344,MISSED_PROTON,18642
3,1,2,239.55977153778076,130.05763244628906,79.85325717926025,38150.42544115988,13.684809684753418,225.87496185302734,0.05712482357495986,13.684809684753418,130.05763244628906,0,1,1,1,-38150.42544115988,3,10.82466650700047,8.491572879953134,13818.191592910349,95.81732940673828,CLEAN,19911
2,1,1,159.78196716308594,93.18834686279297,79.89098358154297,6083.755612838236,66.59362030029297,93.18834686279297,0.41677807253632276,66.59362030029297,93.18834686279297,0,1,1,1,-6083.755612838236,2,23.829430939281785,23.829430939281785,2535.575938100755,93.18834686279297,MISSED_PROTON,7117
2,1,1,83.97569465637207,53.72093200683594,41.987847328186035,26448.705807045317,30.254762649536133,53.72093200683594,0.360279992601888,30.254762649536133,53.72093200683594,0,1,1,1,-26448.705807045317,2,0.0,0.0,9528.939532491799,53.72093200683594,CLEAN,1459
2,1,1,368.30238342285156,326.5732727050781,184.15119171142578,42896.7727008405,41.72911071777344,326.5732727050781,0.11330122365747451,41.72911071777344,326.5732727050781,0,1,1,1,-42896.7727008405,2,0.0,0.0,4860.256837961776,326.5732727050781,CLEAN,14736
2,1,1,539.0226211547852,453.6274719238281,269.5113105773926,7497.610507114358,85.39514923095703,453.6274719238281,0.1584259099330732,85.39514923095703,453.6274719238281,1,0,1,1,7497.610507114358,2,9.006673149531961,9.006673149531961,-1187.8157669133625,85.39514923095703,MISSED_PROTON,14366
4,1,3,343.7010974884033,133.0371551513672,85.92527437210083,26143.03805872572,20.975671768188477,322.72542572021484,0.06102881812559882,20.975671768188477,133.0371551513672,0,1,1,1,-26143.03805872572,4,31.281136555798287,18.43067937495794,4561.702935679465,117.81012725830078,BS_SAME_DET,15221
2,1,1,434.4984130859375,303.4313049316406,217.24920654296875,26.085581585674763,303.4313049316406,131.06710815429688,0.6983484767564072,303.4313049316406,131.06710815429688,0,1,1,1,-26.085581585674763,2,0.0,0.0,18.216826165660958,131.06710815429688,MISSED_PROTON,7583
2,1,1,405.1727657318115,387.14703369140625,202.58638286590576,14355.564238147497,18.025732040405273,387.14703369140625,0.044489002136774196,18.025732040405273,387.14703369140625,0,1,1,1,-14355.564238147497,2,0.0,0.0,638.6647280655433,387.14703369140625,CLEAN,2989
3,1,2,361.5400848388672,178.7335205078125,120.51336161295573,12833.323557031616,28.968948364257812,332.5711364746094,0.08012651868787612,28.968948364257812,178.7335205078125,0,1,1,1,-12833.323557031616,3,49.604824348724165,35.26810750260858,1028.2902610674162,153.83761596679688,MISSED_PROTON,732
5,2,3,1360.3285369873047,926.32177734375,272.0657073974609,38184.40440469394,180.53011322021484,1179.7984237670898,0.13271067121772778,156.11705017089844,926.32177734375,0,0,0,1,-11274.739039130889,5,37.95645717083722,21.765594465081815,17995.251884513636,89.7795639038086,BS_CROSS_DET,18027
3,1,2,635.717170715332,361.540283203125,211.90572357177734,6658.120713268538,48.70099639892578,587.0161743164062,0.07660796127958232,48.70099639892578,361.540283203125,0,1,1,1,-6658.120713268538,3,39.02890465562386,29.72049403989704,2340.7959379468834,225.47589111328125,MISSED_PROTON,2181
3,2,1,614.7777824401855,318.7107849121094,204.92592748006186,36843.389255671325,296.0669975280762,318.7107849121094,0.48158376243351286,233.67416381835938,318.7107849121094,0,1,1,1,-67.0069110462787,3,6.004466666666669,4.245799097408584,3764.6468515075826,318.7107849121094,MISSED_PROTON,14713
3,1,2,827.0420579910278,516.7656860351562,275.6806859970093,24225.960687559545,12.849797248840332,814.1922607421875,0.015537054161494328,12.849797248840332,516.7656860351562,0,1,1,1,-24225.960687559545,3,19.686870716743627,14.398133440445983,13982.058516180627,297.42657470703125,CLEAN,15913
5,1,4,1274.096248626709,872.4976196289062,254.8192497253418,5511.894819668756,204.05038452148438,1070.0458641052246,0.1601530376856702,204.05038452148438,872.4976196289062,0,1,1,1,-5511.894819668756,5,22.997874604023735,15.284820183881784,-1953.798367760142,52.714202880859375,MISSED_PROTON,3981
2,1,1,237.51102447509766,131.76898193359375,118.75551223754883,45.17842978886856,105.7420425415039,131.76898193359375,0.44520898672049075,105.7420425415039,131.76898193359375,0,1,1,1,-45.17842978886856,2,0.0,0.0,20.113842947925008,131.76898193359375,MISSED_PROTON,1585
3,1,2,951.2864723205566,831.809814453125,317.09549077351886,6561.521974425884,831.809814453125,119.47665786743164,0.8744051751561422,831.809814453125,69.78898620605469,0,1,1,1,-6561.521974425884,3,28.63936628506294,20.58219139013142,5996.40382576087,69.78898620605469,MISSED_PROTON,11982
2,1,1,656.3532104492188,349.05035400390625,328.1766052246094,19295.070798829536,349.05035400390625,307.3028564453125,0.5318026154926713,349.05035400390625,307.3028564453125,1,0,1,1,19295.070798829536,2,16.23698280846845,16.23698280846845,9033.901681895723,349.05035400390625,MISSED_PROTON,18195
2,1,1,346.974271774292,324.6209716796875,173.487135887146,27876.109961764145,22.353300094604492,324.6209716796875,0.06442350892559952,22.353300094604492,324.6209716796875,0,1,1,1,-27876.109961764145,2,4.5033,4.5033,1795.8768189327059,324.6209716796875,CLEAN,10274
5,3,2,1000.6162452697754,408.00885009765625,200.12324905395508,39217.45549876886,296.47327041625977,704.1429748535156,0.29629068268457687,164.37466430664062,408.00885009765625,1,0,1,1,17279.4127587644,5,25.21865333403828,16.01060021140994,19914.874041010014,47.6898307800293,MISSED_PROTON,16017
4,2,2,1024.8773803710938,407.7931823730469,256.21934509277344,41430.40494822224,454.58860778808594,570.2887725830078,0.4435541426658141,265.5079345703125,407.7931823730469,0,1,1,1,-27.06350868924995,4,27.300018326470497,23.072721632739277,12529.663163151065,162.49559020996094,MISSED_PROTON,11084
2,1,1,175.28258895874023,150.51060485839844,87.64129447937012,25405.449210427574,24.771984100341797,150.51060485839844,0.1413259825034469,24.771984100341797,150.51060485839844,0,1,1,1,-25405.449210427574,2,0.0,0.0,3590.450070605096,150.51060485839844,CLEAN,799
2,1,1,630.4999694824219,454.6788330078125,315.24998474121094,4588.610223825508,175.82113647460938,454.6788330078125,0.2788598651621524,175.82113647460938,454.6788330078125,0,1,1,1,-4588.610223825508,2,22.51665,22.51665,1279.5792282976552,454.6788330078125,MISSED_PROTON,10000
4,2,2,2117.336462020874,1796.921630859375,529.3341155052185,49941.542185193844,1820.9570980072021,296.3793640136719,0.8600225475119835,1796.921630859375,153.14463806152344,1,0,1,1,8776.336171245694,4,20.013249641737346,13.696355764308256,-4297.7119881662975,1796.921630859375,CLEAN,9949
4,1,3,1272.0374546051025,731.52099609375,318.00936365127563,26342.279306959488,17.04215431213379,1254.9953002929688,0.013397525560616796,17.04215431213379,731.52099609375,0,1,1,1,-26342.279306959488,4,37.87887947422019,22.17633748441117,540.8153730882506,181.75057983398438,BS_SAME_DET,13053
3,1,2,371.8836250305176,182.61935424804688,123.96120834350586,62436.25932737636,20.548847198486328,351.33477783203125,0.05525612265611331,20.548847198486328,182.61935424804688,0,1,1,1,-62436.25932737636,3,44.22550209110124,31.487578901634638,-2223.513793848538,182.61935424804688,CLEAN,9457
4,1,3,1986.9154748916626,1187.9609375,496.72886872291565,40358.4214537707,13.458046913146973,1973.4574279785156,0.006773336401680992,13.458046913146973,1187.9609375,0,1,1,1,-40358.4214537707,4,24.355495401448927,17.872047133722536,8329.477681895412,425.39031982421875,CLEAN,17845
2,1,1,155.66971683502197,141.16122436523438,77.83485841751099,44294.39339719016,14.508492469787598,141.16122436523438,0.09320048089483987,14.508492469787598,141.16122436523438,0,1,1,1,-44294.39339719016,2,0.0,0.0,4128.258765563342,141.16122436523438,CLEAN,8729
3,1,2,605.1944427490234,275.7095031738281,201.73148091634116,40945.52446913507,275.7095031738281,329.4849395751953,0.4555717694984948,275.7095031738281,211.3836212158203,0,1,1,1,-40945.52446913507,3,31.772511591625864,23.63951514618408,10893.31112435218,118.101318359375,CLEAN,2116
2,1,1,178.79787063598633,156.41683959960938,89.39893531799316,27632.684836434655,22.381031036376953,156.41683959960938,0.12517504239154156,22.381031036376953,156.41683959960938,0,1,1,1,-27632.684836434655,2,4.50334907485529,4.50334907485529,3458.9224957928154,156.41683959960938,CLEAN,1482
3,2,1,151.97002983093262,85.85928344726562,50.656676610310875,39075.752605675785,104.86923789978027,47.100791931152344,0.6900652583700075,85.85928344726562,47.100791931152344,0,1,1,1,-35.750386886338134,3,6.004465433140386,4.245798225173788,4908.189994188102,47.100791931152344,BS_LOST,14278
3,2,1,1384.3616943359375,723.7008056640625,461.4538981119792,18934.410231816582,660.660888671875,723.7008056640625,0.47723141385300066,469.59002685546875,723.7008056640625,1,0,1,1,18934.410231816582,3,28.952379483865876,21.440152880881133,10570.636798744845,191.07086181640625,MISSED_PROTON,17558
3,1,2,263.46790981292725,152.42922973632812,87.82263660430908,15394.29783896254,14.86838436126709,248.59952545166016,0.05643337881954671,14.86838436126709,152.42922973632812,0,1,1,1,-15394.29783896254,3,31.772511591625868,22.466558401766836,6047.619426556074,96.17029571533203,CLEAN,4315
3,1,2,286.3851089477539,136.5575714111328,95.46170298258464,17064.562602105085,136.5575714111328,149.8275375366211,0.47683195510017046,136.5575714111328,107.20866394042969,0,0,0,1,-32.222063283770346,3,6.004432099707681,4.245774654877482,6403.507258968392,42.618873596191406,MISSED_PROTON,18802
2,1,1,487.2029266357422,277.9970703125,243.6014633178711,8006.3723075159,209.2058563232422,277.9970703125,0.4294018875622543,209.2058563232422,277.9970703125,0,1,1,1,-8006.3723075159,2,11.914668224084126,11.914668224084124,-4568.420926142411,277.9970703125,MISSED_PROTON,6955
2,1,1,239.22305297851562,142.6851348876953,119.61152648925781,35092.9870565697,142.6851348876953,96.53791809082031,0.5964522779521158,142.6851348876953,96.53791809082031,0,1,1,1,-35092.9870565697,2,22.51665,22.51665,20931.29207003511,96.53791809082031,MISSED_PROTON,1794
2,1,1,438.428524017334,402.8583068847656,219.214262008667,78.81364174877369,35.57021713256836,402.8583068847656,0.08113116547855366,35.57021713256836,402.8583068847656,0,1,1,1,-78.81364174877369,2,0.0,0.0,6.394242610687203,402.8583068847656,MISSED_PROTON,1308
3,2,1,625.4824886322021,570.43408203125,208.49416287740073,28373.207514082573,55.04840660095215,570.43408203125,0.08800950882147215,29.130136489868164,570.43408203125,0,1,1,1,-27496.60060103846,3,33.43128767128182,23.6394902161616,2460.7878830001264,570.43408203125,CLEAN,15074
2,1,1,761.9309997558594,587.444580078125,380.9654998779297,35917.71668385257,174.48641967773438,587.444580078125,0.22900553952214037,174.48641967773438,587.444580078125,0,1,1,1,-35917.71668385257,2,25.07348687802516,25.07348687802516,8225.356087589042,587.444580078125,MISSED_PROTON,19268
2,1,1,324.33967304229736,310.7270812988281,162.16983652114868,35965.89754230897,13.612591743469238,310.7270812988281,0.04197017162835338,13.612591743469238,310.7270812988281,0,1,1,1,-35965.89754230897,2,4.503324074780762,4.503324074780761,1509.4948926184804,310.7270812988281,CLEAN,11425
2,1,1,522.4711570739746,504.3309631347656,261.2355785369873,39766.08244187098,18.140193939208984,504.3309631347656,0.0347199911298464,18.140193939208984,504.3309631347656,0,1,1,1,-39766.08244187098,2,4.50334907485529,4.50334907485529,1380.6780296505012,504.3309631347656,CLEAN,10873
2,1,1,117.27982330322266,68.87678527832031,58.63991165161133,10283.340960184212,68.87678527832031,48.403038024902344,0.5872858888970349,68.87678527832031,48.403038024902344,1,0,1,1,10283.340960184212,2,29.530330928089853,29.53033092808985,4244.079923551139,68.87678527832031,MISSED_PROTON,11986
5,1,4,1323.991554260254,553.5513305664062,264.7983108520508,36214.13763549053,553.5513305664062,770.4402236938477,0.41809279582277153,553.5513305664062,428.4842834472656,0,0,0,1,-28171.650972883162,5,37.61296791387247,26.959892676195874,16230.552490658674,428.4842834472656,MISSED_PROTON,12048
3,2,1,1583.9635667800903,1389.1865234375,527.9878555933634,67923.35564473347,1403.1997270584106,180.7638397216797,0.8858787894413886,1389.1865234375,180.7638397216797,1,1,0,1,7311.8780399029,3,26.68432535505525,19.22359792829867,-5876.524973066669,1389.1865234375,CLEAN,459
2,1,1,1597.51784324646,1578.2823486328125,798.75892162323,10891.496226544035,19.23549461364746,1578.2823486328125,0.012040863703003954,19.23549461364746,1578.2823486328125,1,0,1,1,10891.496226544035,2,27.392691127789906,27.392691127789906,10760.353204958437,19.23549461364746,MISSED_ELECTRON,8566
4,1,3,710.6803359985352,249.9427490234375,177.6700839996338,12094.338270682958,249.9427490234375,460.73758697509766,0.35169503975687977,249.9427490234375,185.1117401123047,0,0,0,1,-4161.858099254776,4,45.70382490254508,28.481568938920834,-4315.631886483955,92.43248748779297,MISSED_PROTON,15087
4,1,3,793.0879402160645,444.11138916015625,198.2719850540161,45542.286945985514,11.587268829345703,781.5006713867188,0.014610320295866473,11.587268829345703,444.11138916015625,0,0,0,1,-44391.09473610378,4,32.473999646726995,19.10602850324669,4895.2080895097515,161.55003356933594,CLEAN,14961
2,1,1,517.7656011581421,508.2991638183594,258.88280057907104,40152.472675109035,9.466437339782715,508.2991638183594,0.018283248865139195,9.466437339782715,508.2991638183594,0,1,1,1,-40152.472675109035,2,0.0,0.0,734.1176504697198,508.2991638183594,CLEAN,8107
2,1,1,680.4257965087891,462.1994323730469,340.21289825439453,8222.827753550462,462.1994323730469,218.2263641357422,0.6792797021285136,462.1994323730469,218.2263641357422,1,0,1,1,8222.827753550462,2,23.40000480769181,23.40000480769181,2637.227766464629,462.1994323730469,MISSED_PROTON,19206
2,1,1,423.8373565673828,287.1080017089844,211.9186782836914,35654.08803694874,287.1080017089844,136.72935485839844,0.6774013598854144,287.1080017089844,136.72935485839844,1,0,1,1,35654.08803694874,2,31.523343124143732,31.523343124143732,11501.96031524538,287.1080017089844,MISSED_PROTON,11109
2,1,1,403.3633041381836,292.65081787109375,201.6816520690918,27.834567110206635,292.65081787109375,110.71248626708984,0.725526627902765,292.65081787109375,110.71248626708984,0,1,1,1,-27.834567110206635,2,0.0,0.0,20.19471961460143,110.71248626708984,MISSED_PROTON,19828
3,1,2,921.9440689086914,716.375244140625,307.31468963623047,19496.834137885136,105.94281768798828,816.0012512207031,0.11491241308531133,105.94281768798828,716.375244140625,1,0,1,1,6831.137243585608,3,22.66628063396767,19.456622408721294,15887.74063076257,105.94281768798828,MISSED_PROTON,638
2,1,1,393.02789306640625,264.37493896484375,196.51394653320312,35664.18575878739,128.6529541015625,264.37493896484375,0.3273379736430697,128.6529541015625,264.37493896484375,0,1,1,1,-35664.18575878739,2,31.523327254947247,31.523327254947247,11674.242297911489,264.37493896484375,MISSED_PROTON,10721
2,1,1,356.72918701171875,237.5594024658203,178.36459350585938,7932.103022783168,237.5594024658203,119.16978454589844,0.6659376667657316,237.5594024658203,119.16978454589844,0,1,1,1,-7932.103022783168,2,27.392691127789906,27.392691127789906,5282.286179537629,119.16978454589844,MISSED_PROTON,12211
2,1,1,514.1388397216797,447.1088562011719,257.06941986083984,4427.293376611167,67.02998352050781,447.1088562011719,0.13037331230761198,67.02998352050781,447.1088562011719,0,1,1,1,-4427.293376611167,2,20.636865677713754,20.636865677713754,577.2009020663497,447.1088562011719,MISSED_PROTON,11721
6,2,4,2009.1890869140625,1471.1124267578125,334.86484781901044,41753.700040930125,220.45794677734375,1788.7311401367188,0.10972483785284129,169.64666748046875,1471.1124267578125,1,0,1,1,11.062634935809044,6,48.316188756084756,28.0832112515299,34519.67836084849,50.811279296875,MISSED_PROTON,13896
2,1,1,184.8422508239746,127.80886840820312,92.4211254119873,26216.655517764466,57.033382415771484,127.80886840820312,0.3085516550546899,57.033382415771484,127.80886840820312,0,1,1,1,-26216.655517764466,2,25.073465753461367,25.073465753461367,8089.1924500048935,127.80886840820312,MISSED_PROTON,1982
4,2,2,344.23044204711914,178.14590454101562,86.05761051177979,37594.54762558447,113.37041854858398,230.86002349853516,0.32934454568973176,100.3036117553711,178.14590454101562,0,1,1,1,-11333.592537543982,3,20.8,14.70782104868019,-720.927941703722,52.71411895751953,BS_CROSS_DET,2818
2,1,1,610.6472673416138,595.2626342773438,305.3236336708069,35401.66763064508,15.38463306427002,595.2626342773438,0.025193976763779425,15.38463306427002,595.2626342773438,0,1,1,1,-35401.66763064508,2,0.0,0.0,891.9087916855145,595.2626342773438,CLEAN,13150
3,1,2,1659.536376953125,708.5399780273438,553.1787923177084,41186.1975688029,593.2899780273438,1066.2463989257812,0.3575034487141596,593.2899780273438,708.5399780273438,0,1,1,1,-41186.1975688029,3,18.748866928726947,14.707821804136131,26246.40454567024,357.7064208984375,MISSED_PROTON,8402
4,2,2,440.6398048400879,169.1221466064453,110.15995121002197,11399.346376169053,105.62347793579102,335.0163269042969,0.23970480373220643,67.96166229248047,169.1221466064453,0,0,0,1,-34.275465938600824,4,29.271658339264363,17.295369358209005,4393.4174911599275,165.89418029785156,MISSED_PROTON,19896
3,1,2,2078.631805419922,1873.890869140625,692.8772684733073,39761.32700592204,119.16635131835938,1959.4654541015625,0.057329225410502935,119.16635131835938,1873.890869140625,0,0,0,1,-33.89883269192123,3,21.64931452402131,15.30837710797588,35846.86187675495,85.5745849609375,MISSED_PROTON,18616
2,1,1,156.33315753936768,140.5384521484375,78.16657876968384,42576.75698386353,15.794705390930176,140.5384521484375,0.10103234425462665,15.794705390930176,140.5384521484375,0,1,1,1,-42576.75698386353,2,4.50334907485529,4.50334907485529,4301.629568839279,140.5384521484375,CLEAN,7775
4,1,3,1133.084774017334,556.2002563476562,283.2711935043335,67426.19964842082,35.543758392333984,1097.541015625,0.03136901951856096,35.543758392333984,556.2002563476562,0,1,1,1,-67426.19964842082,4,31.52331852331699,19.10601562774144,1087.8012402106535,150.72970581054688,CLEAN,9451
2,1,1,2367.360595703125,1850.018798828125,1183.6802978515625,37569.06070927657,1850.018798828125,517.341796875,0.7814689499293007,1850.018798828125,517.341796875,0,1,1,1,-37569.06070927657,2,4.5033,4.5033,29359.054422308513,517.341796875,MISSED_PROTON,4166
4,1,3,715.4932794570923,381.55792236328125,178.87331986427307,58263.9448599502,13.656426429748535,701.8368530273438,0.01908672914455726,13.656426429748535,381.55792236328125,0,1,1,1,-58263.9448599502,4,29.78675297939715,18.703746059730253,19255.08225264905,99.71125793457031,CLEAN,18930
4,1,3,1727.9763946533203,1148.3936767578125,431.9940986633301,31964.33844470526,46.99391174316406,1680.9824829101562,0.027195922287232596,46.99391174316406,1148.3936767578125,0,0,0,1,-7468.794941951886,4,39.064972529396464,32.707363394540074,15102.59855752281,313.85150146484375,MISSED_PROTON,2487
4,2,2,1077.327425956726,481.56414794921875,269.3318564891815,34845.06782629616,494.51892375946045,582.8085021972656,0.45902379522205183,481.56414794921875,295.0719299316406,1,0,1,1,2311.48160305565,4,33.77498056069944,31.442803426092194,10477.943859194154,481.56414794921875,CLEAN,19231
2,1,1,184.4586410522461,147.86419677734375,92.22932052612305,16649.262443224303,36.594444274902344,147.86419677734375,0.1983883436750319,36.594444274902344,147.86419677734375,0,1,1,1,-16649.262443224303,2,22.516645373811794,22.516645373811794,3303.019599522184,147.86419677734375,MISSED_PROTON,16400
3,1,2,783.5794639587402,464.02374267578125,261.1931546529134,39801.63799044607,279.0633239746094,504.51613998413086,0.3561391496463511,279.0633239746094,464.02374267578125,1,0,1,1,5118.369344824227,3,16.71570969091983,13.426372998774546,-30.55270058341974,279.0633239746094,MISSED_PROTON,3107
2,1,1,380.92124938964844,227.19747924804688,190.46062469482422,31.39142662982781,153.72377014160156,227.19747924804688,0.4035578755134132,153.72377014160156,227.19747924804688,0,1,1,1,-31.39142662982781,2,4.503324074780764,4.503324074780762,12.668257440068496,227.19747924804688,MISSED_PROTON,1074
3,1,2,1436.683822631836,1133.05908203125,478.8946075439453,40714.831414791675,115.73828125,1320.945541381836,0.08055932657331734,115.73828125,1133.05908203125,0,0,0,1,-22772.882492023044,3,24.574245278091,19.91449376648966,33944.8409026411,187.88645935058594,MISSED_PROTON,11109
2,1,1,398.56823348999023,358.1441955566406,199.28411674499512,20470.647336061334,358.1441955566406,40.42403793334961,0.8985768695628754,358.1441955566406,40.42403793334961,1,0,1,1,20470.647336061334,2,29.53031482599703,29.530314825997028,2076.197134897726,358.1441955566406,MISSED_PROTON,18139
6,2,4,1065.2334728240967,452.8708801269531,177.53891213734946,67431.42717422362,88.60021781921387,976.6332550048828,0.08317445900786534,72.41142272949219,452.8708801269531,1,1,0,1,3125.329326861287,6,36.89191165025201,23.923769263085056,-2121.693930376254,72.41142272949219,CLEAN,9165
3,2,1,408.44736671447754,277.3307800292969,136.14912223815918,41349.6439572149,302.2805805206299,106.16678619384766,0.7400722961006067,277.3307800292969,106.16678619384766,0,1,1,1,-28.21910566142472,3,6.004432099707681,4.245774654877482,2544.982483463107,106.16678619384766,BS_CROSS_DET,10476
3,1,2,424.964879989624,368.4193420410156,141.65495999654135,35394.3119687217,27.698129653930664,397.26675033569336,0.06517745573377015,27.698129653930664,368.4193420410156,0,1,1,1,-35394.3119687217,3,30.022227165070735,21.228920414744493,2194.130437462145,28.847408294677734,CLEAN,6556
3,1,2,269.57843017578125,178.49737548828125,89.85947672526042,38813.16994388102,35.35914993286133,234.21928024291992,0.13116461101804416,35.35914993286133,178.49737548828125,0,1,1,1,-38813.16994388102,3,27.515814442688125,19.456618982295517,1951.9170658983783,55.72190475463867,CLEAN,1659
3,1,2,683.7110195159912,570.75341796875,227.90367317199707,29770.121317961286,22.590261459350586,661.1207580566406,0.03304065725800727,22.590261459350586,570.75341796875,0,1,1,1,-29770.121317961286,3,27.515816865537136,19.45662069550848,4814.224544862277,570.75341796875,CLEAN,19284
3,2,1,463.13139724731445,329.03765869140625,154.37713241577148,15372.646666873092,360.20492935180664,102.92646789550781,0.7777596843848948,329.03765869140625,102.92646789550781,0,1,1,1,-26.067035539102598,2,0.0,0.0,1053.0499091071408,102.92646789550781,BS_CROSS_DET,18802
3,1,2,496.1047649383545,325.5457458496094,165.3682549794515,42162.79940651877,21.752531051635742,474.35223388671875,0.04384664810534261,21.752531051635742,325.5457458496094,0,1,1,1,-42162.79940651877,3,6.004465433140386,4.245798225173788,1859.208805385279,325.5457458496094,BS_SAME_DET,17823
4,1,3,966.201545715332,605.954345703125,241.550386428833,14679.644569358577,26.369140625,939.832405090332,0.027291552929029395,26.369140625,605.954345703125,0,1,1,1,-14679.644569358577,4,47.9240644509885,28.392463809389632,4247.833781947809,605.954345703125,CLEAN,17925
3,2,1,780.9435138702393,592.6790771484375,260.3145046234131,21988.409000706815,188.26443672180176,592.6790771484375,0.2410730525038762,156.4327392578125,592.6790771484375,1,0,1,1,21988.409000706815,3,39.259148120038354,29.415655448794986,18862.596837416404,31.831697463989258,MISSED_ELECTRON,4055
3,1,2,641.2640533447266,253.34019470214844,213.7546844482422,40581.15606621795,175.01683044433594,466.2472229003906,0.2729247484425133,175.01683044433594,253.34019470214844,1,0,1,1,29.225779813697756,3,10.400002136751919,7.353912035251865,16041.847814991723,175.01683044433594,MISSED_PROTON,14807
5,2,3,519.1872673034668,221.84762573242188,103.83745346069335,48877.106390593784,237.59602737426758,281.5912399291992,0.45763068999801154,221.84762573242188,190.0720977783203,0,1,1,1,-1700.8589708711472,4,42.78168228602634,24.972202178972925,3715.825172954075,55.38607406616211,BS_CROSS_DET,15371
3,1,2,702.0341644287109,290.3082580566406,234.01138814290366,27569.4948586865,217.23866271972656,484.7955017089844,0.3094417248147848,217.23866271972656,290.3082580566406,0,0,0,1,-10878.304493468135,3,33.83330449187605,26.344379155460594,11003.88524689366,290.3082580566406,MISSED_PROTON,4603
3,1,2,456.9424476623535,316.0086669921875,152.31414922078451,65140.67492599074,15.29195785522461,441.6504898071289,0.03346582908516354,15.29195785522461,316.0086669921875,0,1,1,1,-65140.67492599074,3,21.64933301400094,15.308390182365864,-979.7835802470282,125.6418228149414,CLEAN,7745
2,1,1,434.5850009918213,416.4558410644531,217.29250049591064,50143.84842785035,18.129159927368164,416.4558410644531,0.041716027672361725,18.129159927368164,416.4558410644531,0,1,1,1,-50143.84842785035,2,0.0,0.0,2091.8021686149173,416.4558410644531,CLEAN,3269
4,2,2,425.53349113464355,224.33706665039062,106.38337278366089,11742.502428172034,346.03433990478516,79.4991512298584,0.8131776866307711,224.33706665039062,49.59397888183594,1,1,0,1,4971.822655289038,4,39.836057880149546,25.77151095176367,4736.992059562475,224.33706665039062,MISSED_PROTON,17837
2,1,1,514.2137107849121,491.1473083496094,257.10685539245605,26602.02567523966,23.066402435302734,491.1473083496094,0.04485761844057687,23.066402435302734,491.1473083496094,0,1,1,1,-26602.02567523966,2,16.23700849055946,16.23700849055946,1193.3035174863298,491.1473083496094,MISSED_PROTON,19702
2,1,1,452.7532653808594,309.5310974121094,226.3766326904297,26.928059944251466,309.5310974121094,143.22216796875,0.6836639756794013,309.5310974121094,143.22216796875,0,1,1,1,-26.928059944251466,2,0.0,0.0,18.409744518820194,143.22216796875,MISSED_PROTON,8422
4,3,1,557.0072679519653,265.6374816894531,139.25181698799133,41525.1943539289,291.3697862625122,265.6374816894531,0.523098715271412,226.9412841796875,265.6374816894531,0,1,1,1,-18728.02825439438,4,37.203631208870256,24.97218702961106,17229.720397934398,265.6374816894531,CLEAN,6088
6,1,5,1214.4900598526,616.7223510742188,202.41500997543335,52972.10029923542,12.003708839416504,1202.4863510131836,0.009883743997767562,12.003708839416504,616.7223510742188,0,0,0,1,-47917.99290927274,6,39.25913538133513,26.514896472109157,11825.79980635461,143.8460235595703,CLEAN,12409
2,1,1,57.185845375061035,41.547847747802734,28.592922687530518,56.25876107282194,15.6379976272583,41.547847747802734,0.2734592367166105,15.6379976272583,41.547847747802734,1,0,1,1,56.25876107282194,2,4.503300000000001,4.5033,40.874283211225894,15.6379976272583,BS_CROSS_DET,8059
4,2,2,951.6626291275024,724.3577880859375,237.9156572818756,23819.021905929327,112.1326150894165,839.5300140380859,0.11782811645364413,102.23818969726562,724.3577880859375,0,0,0,1,-12947.869015526237,4,30.29307341163158,18.430682318419468,6713.9790327718065,115.17222595214844,MISSED_PROTON,1342
3,2,1,311.6639175415039,186.2285919189453,103.88797251383464,38869.505695401094,231.43639373779297,80.22752380371094,0.7425832145197651,186.2285919189453,80.22752380371094,0,1,1,1,-41.925765981792715,3,15.886270963878772,11.23328992632563,23231.78359264309,80.22752380371094,MISSED_PROTON,4942
4,1,3,377.0899486541748,220.80519104003906,94.2724871635437,14155.493763265205,22.77834129333496,354.31160736083984,0.06040559122466756,22.77834129333496,220.80519104003906,0,1,1,1,-14155.493763265205,4,5.957357734820447,5.034892152457189,878.7198936723729,51.9388427734375,BS_SAME_DET,12916
2,1,1,289.4692687988281,260.1645202636719,144.73463439941406,41666.153537799044,29.30474853515625,260.1645202636719,0.10123613002775128,29.30474853515625,260.1645202636719,0,1,1,1,-41666.153537799044,2,4.503299999999999,4.503299999999999,4218.1201373088725,260.1645202636719,CLEAN,981
3,1,2,2921.5634155273438,1690.3829345703125,973.8544718424479,32283.889925990756,664.6992797851562,2256.8641357421875,0.2275149244587517,664.6992797851562,1690.3829345703125,0,1,1,1,-32283.889925990756,3,46.21859051171941,35.268104030790575,12043.931976859363,566.481201171875,MISSED_PROTON,16019
3,1,2,842.800666809082,569.225341796875,280.93355560302734,1701.5634985601034,102.42847442626953,740.3721923828125,0.12153345204871847,102.42847442626953,569.225341796875,0,1,1,1,-1701.5634985601034,3,24.017733333333336,16.983102108730183,-1119.235649262765,569.225341796875,MISSED_PROTON,17074
2,1,1,162.29405403137207,134.5955810546875,81.14702701568604,26551.4885971253,27.69847297668457,134.5955810546875,0.17066843971579113,27.69847297668457,134.5955810546875,0,1,1,1,-26551.4885971253,2,4.503324074780762,4.503324074780761,4531.501131002995,134.5955810546875,CLEAN,7720
2,1,1,276.82718086242676,263.6521911621094,138.41359043121338,34446.43529768023,13.174989700317383,263.6521911621094,0.04759283268092407,13.174989700317383,263.6521911621094,0,1,1,1,-34446.43529768023,2,4.503299999999999,4.503299999999999,1639.4034315767722,263.6521911621094,CLEAN,7169
4,1,3,1073.1480121612549,598.807861328125,268.2870030403137,35208.464114913164,24.137208938598633,1049.0108032226562,0.022491966313190816,24.137208938598633,598.807861328125,0,0,0,1,-34063.38484240233,4,36.237144546583686,22.17634275280755,12856.052156806338,161.95431518554688,CLEAN,13958
2,1,1,418.2796173095703,396.197265625,209.13980865478516,21365.70224790764,22.082351684570312,396.197265625,0.05279327696292473,22.082351684570312,396.197265625,0,1,1,1,-21365.70224790764,2,4.50335,4.50335,1127.9654362811716,396.197265625,CLEAN,2440
2,1,1,298.9442443847656,233.33729553222656,149.4721221923828,418.401524313069,233.33729553222656,65.60694885253906,0.7805378424744062,233.33729553222656,65.60694885253906,1,0,1,1,418.401524313069,2,29.53031482599703,29.53031482599703,-326.5782230753257,233.33729553222656,MISSED_PROTON,14198
3,2,1,433.1807279586792,230.5963897705078,144.3935759862264,13903.625439142246,242.8331937789917,190.3475341796875,0.5605817112947725,230.5963897705078,190.3475341796875,0,1,1,1,-28.165450519743796,2,0.0,0.0,407.75311391303603,190.3475341796875,BS_CROSS_DET,2998
2,1,1,106.90005493164062,60.57926940917969,53.45002746582031,44.411388410311424,46.32078552246094,60.57926940917969,0.43330927708205286,46.32078552246094,60.57926940917969,0,1,1,1,-44.411388410311424,2,0.0,0.0,19.243866606282303,60.57926940917969,MISSED_PROTON,5503
5,2,3,765.7096252441406,441.2626037597656,153.1419250488281,23248.2377558867,132.6869125366211,633.0227127075195,0.17328620166465178,110.9782943725586,441.2626037597656,0,1,1,1,-3840.6267471443734,5,30.088168486659335,24.89491014842994,-251.6980616443484,81.44811248779297,CLEAN,6576
3,1,2,1121.2703046798706,806.9922485351562,373.75676822662354,21599.576268718174,14.66047191619873,1106.6098327636719,0.013074877533998712,14.66047191619873,806.9922485351562,0,1,1,1,-21599.576268718174,3,36.52362794983239,25.826104996861,-753.4646309433988,806.9922485351562,CLEAN,18019
6,1,5,1113.846206665039,437.6032409667969,185.6410344441732,50825.04492104463,32.694313049316406,1081.1518936157227,0.029352627726951887,32.694313049316406,437.6032409667969,0,1,1,1,-50825.04492104463,6,52.02166302276816,28.91343391237982,16273.237296953128,242.2617645263672,MISSED_PROTON,7537
2,1,1,389.43331146240234,305.9332275390625,194.71665573120117,26791.11419306135,83.50008392333984,305.9332275390625,0.21441433350881006,83.50008392333984,305.9332275390625,0,1,1,1,-26791.11419306135,2,25.07351564679353,25.073515646793528,5744.398893663671,305.9332275390625,MISSED_PROTON,6223
3,1,2,625.054126739502,512.1129150390625,208.35137557983398,31797.322134515285,31.904552459716797,593.1495742797852,0.05104286348150672,31.904552459716797,512.1129150390625,0,1,1,1,-31797.322134515285,3,6.004465433140386,4.245798225173788,-375.5207645008927,81.03665924072266,CLEAN,14141
2,1,1,210.54483032226562,113.24878692626953,105.27241516113281,35.51706758272268,97.2960433959961,113.24878692626953,0.462115565825445,97.2960433959961,113.24878692626953,0,1,1,1,-35.51706758272268,2,0.0,0.0,16.412989782450463,113.24878692626953,MISSED_PROTON,15159
3,2,1,401.11874771118164,206.42129516601562,133.70624923706055,11233.339844692215,194.69745254516602,206.42129516601562,0.4853860699758527,145.08445739746094,206.42129516601562,1,1,0,1,9960.8095405314,3,31.200000000017805,23.25510927693573,6515.384425131622,145.08445739746094,MISSED_PROTON,13931
2,1,1,70.32575416564941,39.40339660644531,35.16287708282471,40401.966567582516,30.9223575592041,39.40339660644531,0.43970175543895007,30.9223575592041,39.40339660644531,0,1,1,1,-40401.966567582516,2,4.503324074780764,4.503324074780762,17764.815622951803,39.40339660644531,CLEAN,914
2,1,1,535.3797454833984,388.89373779296875,267.6898727416992,4287.099850906104,146.4860076904297,388.89373779296875,0.27361141120153204,146.4860076904297,388.89373779296875,0,1,1,1,-4287.099850906104,2,4.50335,4.50335,1172.9994401682966,388.89373779296875,MISSED_PROTON,2699
3,2,1,837.2432899475098,558.4421997070312,279.0810966491699,17558.540306997707,278.8010902404785,558.4421997070312,0.3329988948110384,242.60284423828125,558.4421997070312,0,1,1,1,-7835.318239100402,3,10.400002136751917,7.353912035251865,3029.53619604292,558.4421997070312,CLEAN,8152
3,1,2,226.15635871887207,122.3587417602539,75.3854529062907,63.10623491430563,74.39505767822266,151.7613010406494,0.3289540833592074,74.39505767822266,122.3587417602539,0,0,0,1,-49.80559276490007,3,6.004432099707681,4.245774654877482,50.52650083559517,29.402559280395508,MISSED_PROTON,10124
2,1,1,231.2357997894287,213.72381591796875,115.61789989471436,15015.044509124431,17.51198387145996,213.72381591796875,0.07573214825475544,17.51198387145996,213.72381591796875,0,1,1,1,-15015.044509124431,2,0.0,0.0,1137.121576816763,213.72381591796875,CLEAN,15882
2,1,1,382.8835220336914,269.4649658203125,191.4417610168457,34.21229151502474,113.4185562133789,269.4649658203125,0.29622208762329233,113.4185562133789,269.4649658203125,0,1,1,1,-34.21229151502474,2,4.503300000000003,4.503299999999999,10.134436414957278,269.4649658203125,MISSED_PROTON,10531
2,1,1,467.02161407470703,395.1635437011719,233.51080703735352,70.24356202635497,71.85807037353516,395.1635437011719,0.1538645497508824,71.85807037353516,395.1635437011719,0,1,1,1,-70.24356202635497,2,0.0,0.0,10.807994044083287,395.1635437011719,MISSED_PROTON,7663
4,1,3,343.80347061157227,226.3853302001953,85.95086765289307,30230.565728544734,28.293872833251953,315.5095977783203,0.08229664692715756,28.293872833251953,226.3853302001953,0,0,0,1,-30201.735750589145,4,31.52336276701179,21.597239450028678,7960.570814773865,226.3853302001953,CLEAN,3454
2,1,1,140.64647674560547,83.7738037109375,70.32323837280273,26546.514038059595,83.7738037109375,56.87267303466797,0.5956338590867335,83.7738037109375,56.87267303466797,0,1,1,1,-26546.514038059595,2,19.629543471257808,19.629543471257808,15812.00260178958,56.87267303466797,MISSED_PROTON,12312
2,1,1,537.2908935546875,376.4491882324219,268.64544677734375,18035.16014618375,160.84170532226562,376.4491882324219,0.29935684235804855,160.84170532226562,376.4491882324219,1,0,1,1,18035.16014618375,2,29.53031482599703,29.53031482599703,12636.21155340046,160.84170532226562,MISSED_PROTON,15476
2,1,1,276.32965087890625,165.3522491455078,138.16482543945312,30.778429997333408,165.3522491455078,110.97740173339844,0.5983876454067856,165.3522491455078,110.97740173339844,0,1,1,1,-30.778429997333408,2,0.0,0.0,18.417432255421915,110.97740173339844,MISSED_PROTON,3234
2,1,1,239.40397453308105,225.7749786376953,119.70198726654053,38648.08830166764,13.628995895385742,225.7749786376953,0.05692886227961297,13.628995895385742,225.7749786376953,0,1,1,1,-38648.08830166764,2,9.006673149531963,9.006673149531963,2200.191696295958,225.7749786376953,MISSED_PROTON,19865
2,1,1,299.0805559158325,284.0007629394531,149.54027795791626,1699.6289255697222,15.079792976379395,284.0007629394531,0.05042050604126589,15.079792976379395,284.0007629394531,1,0,1,1,1699.6289255697222,2,9.00665,9.00665,-85.69615050959844,15.079792976379395,MISSED_PROTON,3172
2,1,1,302.61812591552734,211.37391662597656,151.30906295776367,36623.01196709288,211.37391662597656,91.24420928955078,0.6984839919502356,211.37391662597656,91.24420928955078,1,0,1,1,36623.01196709288,2,9.006648149561522,9.006648149561522,11042.424371076599,211.37391662597656,MISSED_PROTON,12746
3,1,2,2073.1339626312256,1637.4559326171875,691.0446542104086,37533.967558592696,20.563894271850586,2052.570068359375,0.009919230808293185,20.563894271850586,1637.4559326171875,0,0,0,1,-21130.70562796845,3,20.8,14.70782104868019,29855.642985726245,415.1141357421875,CLEAN,14227
4,2,2,472.9784641265869,347.0032653808594,118.24461603164673,30058.828228438895,65.30648612976074,407.6719779968262,0.13807496764225244,46.805015563964844,347.0032653808594,1,0,1,1,7.248483116842689,3,20.800004273503834,14.70782407050373,4891.406009918204,46.805015563964844,BS_CROSS_DET,14369
3,1,2,469.52423667907715,374.6718444824219,156.50807889302573,60620.453643857196,27.82790184020996,441.6963348388672,0.05926829685520688,27.82790184020996,374.6718444824219,0,1,1,1,-60620.453643857196,3,32.473990275980015,23.255103299753845,4043.7126281910923,374.6718444824219,CLEAN,18125
2,1,1,235.32409477233887,205.6434783935547,117.66204738616943,31.108156382541907,205.6434783935547,29.68061637878418,0.8738734492636706,205.6434783935547,29.68061637878418,0,1,1,1,-31.108156382541907,2,4.503324074780764,4.503324074780762,27.18459191824557,29.68061637878418,MISSED_PROTON,512
3,1,2,694.8910140991211,369.7811584472656,231.63033803304037,8973.507025769251,118.78807830810547,576.1029357910156,0.17094490488138794,118.78807830810547,369.7811584472656,0,0,0,1,-32.83623853737158,3,34.0986883097348,24.390169621158623,4780.79916072202,206.32177734375,MISSED_PROTON,17778
2,1,1,306.83502197265625,169.39736938476562,153.41751098632812,4253.469100858432,169.39736938476562,137.43765258789062,0.5520796429811117,169.39736938476562,137.43765258789062,0,1,1,1,-4253.469100858432,2,16.23698280846845,16.23698280846845,2348.2537026331133,137.43765258789062,MISSED_PROTON,1223
3,1,2,1752.910659790039,1012.6018676757812,584.3035532633463,32769.284704076905,1012.6018676757812,740.3087921142578,0.5776688401205051,1012.6018676757812,618.2489013671875,0,0,0,1,-480.63981288857224,3,29.568446537107384,23.63951209258676,11835.327101941062,122.05989074707031,MISSED_PROTON,13363
3,1,2,232.7037763595581,117.97450256347656,77.56792545318604,36162.71376916602,10.225756645202637,222.47801971435547,0.043943234635790744,10.225756645202637,117.97450256347656,0,0,0,1,-32604.1707278542,3,27.020011115241566,19.456630030631946,19766.247697834122,104.5035171508789,CLEAN,3718
2,1,1,358.7690887451172,321.01031494140625,179.3845443725586,26.162551999897712,37.75877380371094,321.01031494140625,0.10524533742798607,37.75877380371094,321.01031494140625,0,1,1,1,-26.162551999897712,2,0.0,0.0,2.7534866132064666,321.01031494140625,BS_CROSS_DET,18409
4,3,1,986.6620464324951,582.3223876953125,246.66551160812378,40956.83519355938,903.323766708374,83.3382797241211,0.9155351317855491,582.3223876953125,83.3382797241211,0,1,1,1,-14973.369604482365,4,39.836028186052886,28.0330203990758,29099.214855786304,83.3382797241211,CLEAN,16196
2,1,1,324.8386878967285,309.5009765625,162.41934394836426,25623.264635382326,15.337711334228516,309.5009765625,0.047216393569181704,15.337711334228516,309.5009765625,1,0,1,1,25623.264635382326,2,4.503324074780763,4.503324074780761,24413.426487830817,15.337711334228516,MISSED_ELECTRON,19228
2,1,1,407.9782962799072,388.97674560546875,203.9891481399536,17760.308786930767,19.001550674438477,388.97674560546875,0.04657490569400737,19.001550674438477,388.97674560546875,0,1,1,1,-17760.308786930767,2,0.0,0.0,827.1847068477508,388.97674560546875,CLEAN,17910
3,1,2,674.1972808837891,309.6095275878906,224.73242696126303,34345.99909115112,309.6095275878906,364.58775329589844,0.4592269004437854,309.6095275878906,274.2357482910156,0,0,0,1,-14868.307821166098,3,13.086382284055606,9.957248744954043,11430.778291217022,274.2357482910156,MISSED_PROTON,9211
4,1,3,739.4276361465454,326.2474060058594,184.85690903663635,53091.58396336481,9.377541542053223,730.0500946044922,0.012682162639908024,9.377541542053223,326.2474060058594,0,1,1,1,-53091.58396336481,4,42.959070239073206,29.184940113299447,5353.973688385586,110.11784362792969,CLEAN,3507
3,1,2,623.8042707443237,310.94158935546875,207.93475691477457,19893.83037842302,14.697916984558105,609.1063537597656,0.023561744723261578,14.697916984558105,310.94158935546875,0,0,0,1,-18997.08735824521,3,44.225482145339896,31.48756242246911,10363.886802924193,298.1647644042969,CLEAN,7021
2,1,1,406.6436004638672,223.11448669433594,203.3218002319336,22813.41981903077,183.52911376953125,223.11448669433594,0.4513266987607222,183.52911376953125,223.11448669433594,0,1,1,1,-22813.41981903077,2,29.530336574825895,29.530336574825895,10296.305454365589,223.11448669433594,MISSED_PROTON,4173
2,1,1,1210.5625,692.2136840820312,605.28125,1933.3773095186548,518.3488159179688,692.2136840820312,0.42818839664863956,518.3488159179688,692.2136840820312,1,0,1,1,1933.3773095186548,2,9.006673149531963,9.006673149531961,1105.5275792390014,518.3488159179688,MISSED_PROTON,16553
2,1,1,497.61706352233887,467.4566955566406,248.80853176116943,32706.046422917738,30.160367965698242,467.4566955566406,0.06060959355414928,30.160367965698242,467.4566955566406,0,1,1,1,-32706.046422917738,2,0.0,0.0,1982.300180456182,467.4566955566406,CLEAN,4709
3,2,1,545.4470748901367,324.8453674316406,181.81569163004556,41729.693792073194,473.891357421875,71.55571746826172,0.8688127212293248,324.8453674316406,71.55571746826172,1,0,1,1,41729.693792073194,3,27.515816865537136,19.45662069550848,9124.125600694286,324.8453674316406,MISSED_PROTON,7131
3,1,2,943.3227920532227,522.8900756835938,314.44093068440753,44728.28983055387,75.1586685180664,868.1641235351562,0.07967439051745706,75.1586685180664,522.8900756835938,0,0,0,1,-11584.888336924003,3,21.015575397415233,18.50695062156078,14131.318078727865,345.2740478515625,MISSED_PROTON,3952
3,2,1,99.04920959472656,41.670101165771484,33.01640319824219,33436.44836299057,66.05732727050781,32.99188232421875,0.6669142292077891,41.670101165771484,32.99188232421875,1,1,0,1,19444.96137336759,3,34.62331955792223,24.756960241919845,14709.335993270593,41.670101165771484,BS_CROSS_DET,6904
2,1,1,113.8360481262207,80.88909912109375,56.91802406311035,20428.94390897974,32.94694900512695,80.88909912109375,0.289424567590361,32.94694900512695,80.88909912109375,0,1,1,1,-20428.94390897974,2,0.0,0.0,5912.6382571842005,80.88909912109375,CLEAN,1233
3,1,2,528.7198867797852,381.48126220703125,176.23996225992838,33085.652102243694,91.54420471191406,437.1756820678711,0.17314310847937284,91.54420471191406,381.48126220703125,0,0,0,1,-3479.0256140622096,3,13.757943184494467,10.400021737904632,20995.25893901333,55.694419860839844,MISSED_PROTON,13814
2,1,1,573.079345703125,486.6426086425781,286.5396728515625,4796.080449047005,486.6426086425781,86.43673706054688,0.8491714320038954,486.6426086425781,86.43673706054688,1,0,1,1,4796.080449047005,2,20.636865677713757,20.636865677713754,-4072.694502923131,486.6426086425781,MISSED_PROTON,2052
3,1,2,408.90134048461914,214.58091735839844,136.3004468282064,33516.158797577715,214.58091735839844,194.3204231262207,0.5247743064478164,214.58091735839844,143.90475463867188,0,0,0,1,-28.44772238117288,3,18.013329632370702,12.737347534797903,11810.279078170804,50.41566848754883,MISSED_PROTON,3599
3,1,2,724.5890598297119,404.5572204589844,241.52968660990396,77460.62707738619,26.31247901916504,698.2765808105469,0.03631365759972807,26.31247901916504,404.5572204589844,0,1,1,1,-77460.62707738619,3,10.824649214537056,8.491561531046898,2485.082642786195,293.7193603515625,CLEAN,9373
2,1,1,350.1567735671997,338.4843444824219,175.07838678359985,64203.419934289384,11.672429084777832,338.4843444824219,0.03333486588268937,11.672429084777832,338.4843444824219,0,1,1,1,-64203.419934289384,2,4.503324074780762,4.503324074780761,2140.2123927195216,338.4843444824219,CLEAN,3498
3,1,2,588.9672393798828,412.2785339355469,196.3224131266276,28832.25456924944,19.501083374023438,569.4661560058594,0.03311064193410132,19.501083374023438,412.2785339355469,0,1,1,1,-28832.25456924944,3,15.886287292854524,11.233301472655114,1527.234517338331,412.2785339355469,CLEAN,5333
3,1,2,777.9674282073975,482.7705078125,259.3224760691325,36062.902548794176,20.90773582458496,757.0596923828125,0.02687482157544929,20.90773582458496,482.7705078125,0,1,1,1,-36062.902548794176,3,13.086392902935476,9.957256001864502,935.7163279342071,482.7705078125,CLEAN,18875
2,1,1,168.86589336395264,153.88180541992188,84.43294668197632,15519.011547588332,14.984087944030762,153.88180541992188,0.08873365512440048,14.984087944030762,153.88180541992188,0,1,1,1,-15519.011547588332,2,0.0,0.0,1377.0586185352918,153.88180541992188,CLEAN,2170
2,1,1,241.77654266357422,152.677001953125,120.88827133178711,37.38159724310396,152.677001953125,89.09954071044922,0.6314797964729403,152.677001953125,89.09954071044922,0,1,1,1,-37.38159724310396,2,0.0,0.0,23.605723418908713,89.09954071044922,MISSED_PROTON,14511
3,2,1,793.25537109375,597.0567016601562,264.41845703125,23026.787274706116,196.19866943359375,597.0567016601562,0.24733355308149085,166.53182983398438,597.0567016601562,1,1,0,1,4924.30217944165,3,28.952369693860984,20.79999536682641,-356.7697632253633,166.53182983398438,CLEAN,17712
3,1,2,115.74222087860107,74.8709945678711,38.58074029286703,22036.347215874997,8.247382164001465,107.49483871459961,0.07125647064135675,8.247382164001465,74.8709945678711,0,1,1,1,-22036.347215874997,3,21.015535892286927,15.308379285432755,793.961513761976,32.623844146728516,CLEAN,6058
2,1,1,537.3136253356934,517.0509643554688,268.6568126678467,15711.919029476803,20.26266098022461,517.0509643554688,0.03771104998047511,20.26266098022461,517.0509643554688,0,1,1,1,-15711.919029476803,2,0.0,0.0,592.5129638097777,517.0509643554688,CLEAN,11669
4,2,2,971.3379364013672,377.9224853515625,242.8344841003418,15783.594732981168,505.23956298828125,466.09837341308594,0.5201480803479201,377.9224853515625,306.3755187988281,1,0,1,1,6657.959664850462,4,20.63686264915285,16.849916823088474,-1632.7988770978402,377.9224853515625,MISSED_PROTON,19210
3,1,2,1095.2164611816406,506.9184875488281,365.07215372721356,15764.151590728334,506.9184875488281,588.2979736328125,0.4628477616213953,506.9184875488281,455.73321533203125,0,0,0,1,-11860.158274548732,3,31.772543088665582,23.63952949282668,-4462.621141729792,455.73321533203125,MISSED_PROTON,9467
4,2,2,679.7313060760498,413.1720275878906,169.93282651901245,32782.61091108063,43.46160697937012,636.2696990966797,0.06393939280252532,24.340328216552734,413.1720275878906,0,0,0,1,-8942.150636964012,4,48.71098541397002,30.209271755538893,11895.047633194104,413.1720275878906,CLEAN,17495
2,1,1,341.5395679473877,327.71551513671875,170.76978397369385,43217.571688824595,13.824052810668945,327.71551513671875,0.040475699181063744,13.824052810668945,327.71551513671875,0,1,1,1,-43217.571688824595,2,4.503349074855292,4.50334907485529,1749.2614310129213,327.71551513671875,CLEAN,7211
3,1,2,125.89403343200684,58.9110107421875,41.964677810668945,33911.1896201395,27.689191818237305,98.20484161376953,0.2199404615405523,27.689191818237305,58.9110107421875,0,0,0,1,-46.67473442526691,3,24.017795065418564,16.983145759906265,15878.709952895468,39.29383087158203,MISSED_PROTON,12779
2,1,1,343.80802154541016,300.80926513671875,171.90401077270508,6961.814961105067,300.80926513671875,42.998756408691406,0.8749338185438116,300.80926513671875,42.998756408691406,1,0,1,1,6961.814961105067,2,23.829383693719397,23.829383693719397,-6091.127347915093,300.80926513671875,MISSED_PROTON,8722
3,1,2,561.5517959594727,314.7739562988281,187.18393198649088,38719.97134615644,14.390113830566406,547.1616821289062,0.025625621597344057,14.390113830566406,314.7739562988281,0,1,1,1,-38719.97134615644,3,10.824672327039638,8.491567423561381,-4176.954565316758,232.38772583007812,CLEAN,12749
3,1,2,490.8449296951294,313.0765686035156,163.61497656504312,61375.221325892184,15.491154670715332,475.35377502441406,0.0315601806874874,15.491154670715332,313.0765686035156,0,1,1,1,-61375.221325892184,3,6.004465433140386,4.245798225173789,1944.6200656728665,162.27720642089844,BS_SAME_DET,6016
4,1,3,616.1453838348389,272.7181396484375,154.03634595870972,39837.90635621941,19.93330192565918,596.2120819091797,0.0323516209787955,19.93330192565918,272.7181396484375,0,1,1,1,-39837.90635621941,4,25.96745433980774,15.43662895340171,10734.627393162404,164.28990173339844,BS_SAME_DET,13151
2,1,1,677.047327041626,658.0948486328125,338.523663520813,27322.46790278191,18.952478408813477,658.0948486328125,0.027992841344824108,18.952478408813477,658.0948486328125,0,1,1,1,-27322.46790278191,2,4.503324074780762,4.503324074780761,764.8335091516232,658.0948486328125,CLEAN,192
4,1,3,891.5393543243408,472.1400146484375,222.8848385810852,36414.00488816761,27.393957138061523,864.1453971862793,0.03072658206863142,27.393957138061523,472.1400146484375,0,1,1,1,-36414.00488816761,4,43.835254028264735,25.96747549767786,14707.844703865072,34.35483932495117,MISSED_PROTON,6672
2,1,1,472.41485595703125,415.37652587890625,236.20742797851562,13994.316691199176,415.37652587890625,57.038330078125,0.8792622006719599,415.37652587890625,57.038330078125,0,1,1,1,-13994.316691199176,2,16.23697382180559,16.23697382180559,-1689.643000395048,57.038330078125,MISSED_PROTON,16877
3,2,1,464.39778900146484,234.91896057128906,154.79926300048828,5811.156549133038,229.47882843017578,234.91896057128906,0.494142810032741,121.55281066894531,234.91896057128906,1,0,1,1,5811.156549133038,3,46.6070444026556,34.362019671466086,4181.399618215573,107.92601776123047,MISSED_PROTON,13987
3,1,2,477.48765563964844,391.285400390625,159.1625518798828,21059.618106574162,52.286014556884766,425.2016410827637,0.10950233778680994,52.286014556884766,391.285400390625,0,0,0,1,-2180.3469667510635,3,42.351555546520366,30.17195851150535,1734.630665415094,391.285400390625,BS_CROSS_DET,11175
2,1,1,368.93831634521484,339.5764465332031,184.46915817260742,42737.47410616079,29.36186981201172,339.5764465332031,0.07958476664304467,29.36186981201172,339.5764465332031,0,1,1,1,-42737.47410616079,2,4.503300000000001,4.5033,3401.251903651971,339.5764465332031,CLEAN,2699
3,1,2,420.2288761138916,347.97412109375,140.07629203796387,31046.25055872339,18.23851203918457,401.99036407470703,0.043401377382361314,18.23851203918457,347.97412109375,0,1,1,1,-31046.25055872339,3,35.395675736451196,25.297174394518187,4582.809392553591,347.97412109375,CLEAN,11715
4,1,3,1798.6983346939087,1573.7880859375,449.6745836734772,36290.05806098536,13.652935981750488,1785.0453987121582,0.007590453450925032,13.652935981750488,1573.7880859375,0,0,0,1,-29726.36571577066,4,23.72278032293011,18.703747452048212,32407.81099006072,167.1682891845703,DL_DEGRADED,15841
3,1,2,134.314603805542,63.547950744628906,44.77153460184733,40434.060628421445,17.98996925354004,116.32463455200195,0.13393904120497246,17.98996925354004,63.547950744628906,0,1,1,1,-40434.060628421445,3,18.013329632370702,12.737347534797903,13594.27186512549,52.77668380737305,CLEAN,10268
2,1,1,325.8375930786133,301.5323791503906,162.91879653930664,15874.610548706143,24.305213928222656,301.5323791503906,0.07459303175726152,24.305213928222656,301.5323791503906,0,1,1,1,-15874.610548706143,2,4.503324074780762,4.503324074780761,1184.1353287937961,301.5323791503906,CLEAN,12200
3,1,2,348.99430084228516,218.08763122558594,116.33143361409505,30662.204378622933,35.330963134765625,313.66333770751953,0.10123650457756937,35.330963134765625,218.08763122558594,0,1,1,1,-30662.204378622933,3,12.008864199415362,8.491549309754964,590.0157708576362,95.5757064819336,CLEAN,9040
3,1,2,1690.265037536621,1231.5821533203125,563.4216791788737,26474.20888696427,34.796165466308594,1655.4688720703125,0.020586218547725656,34.796165466308594,1231.5821533203125,0,0,0,1,-15381.949633227927,3,10.400000000000002,7.353910524340095,19606.626959160192,423.88671875,CLEAN,11052
5,2,3,672.0911893844604,500.8865661621094,134.41823787689208,39423.8706237654,30.101412773132324,641.9897766113281,0.044787691385600396,16.311006546020508,500.8865661621094,0,0,0,1,-53.009391081538766,4,42.95904534230829,29.530320193362282,23235.177557868705,38.66490173339844,BS_CROSS_DET,17261
2,1,1,279.5640506744385,263.8256530761719,139.78202533721924,16763.065689272662,15.738397598266602,263.8256530761719,0.056296213909829494,15.738397598266602,263.8256530761719,0,1,1,1,-16763.065689272662,2,4.503324074780762,4.503324074780761,943.6971318278173,263.8256530761719,CLEAN,11063
3,1,2,949.729377746582,512.7068481445312,316.57645924886066,34418.29063514808,344.10235595703125,605.6270217895508,0.36231621767190264,344.10235595703125,512.7068481445312,0,0,0,1,-16604.11106586909,3,26.172760744479703,23.639526672691417,9383.375398858507,512.7068481445312,MISSED_PROTON,18090
2,1,1,326.5244655609131,305.9710693359375,163.26223278045654,22600.17947715315,20.553396224975586,305.9710693359375,0.06294596084758419,20.553396224975586,305.9710693359375,0,1,1,1,-22600.17947715315,2,4.503324074780763,4.503324074780761,1422.5900125172577,305.9710693359375,CLEAN,15521
3,1,2,580.8298950195312,241.93348693847656,193.6099650065104,2641.511385229095,121.2738037109375,459.55609130859375,0.20879401138066334,121.2738037109375,241.93348693847656,0,0,0,1,-34.15350437584136,3,21.64934465407928,15.30839841314419,996.8400688003816,241.93348693847656,MISSED_PROTON,9738
2,1,1,327.07322692871094,221.36123657226562,163.53661346435547,687.403094298955,105.71199035644531,221.36123657226562,0.32320588068031125,105.71199035644531,221.36123657226562,1,0,1,1,687.403094298955,2,7.800001602563938,7.800001602563937,-222.17272247526478,105.71199035644531,MISSED_PROTON,14435
3,1,2,146.24943161010742,75.12886047363281,48.749810536702476,28998.20154681004,25.752323150634766,120.49710845947266,0.17608494520025883,25.752323150634766,75.12886047363281,0,0,0,1,-18227.743344974897,3,21.0155444450319,15.308380253167071,12205.205286570872,75.12886047363281,CLEAN,16367
4,2,2,864.2272777557373,398.5710754394531,216.05681943893433,25072.8395608256,152.12870597839355,712.0985717773438,0.17602858633836221,126.93301391601562,398.5710754394531,0,0,0,1,-32.66843364907425,4,47.65878926867136,27.760401151854325,9656.657260526112,398.5710754394531,BS_CROSS_DET,19596
2,1,1,202.59436988830566,184.17237854003906,101.29718494415283,38060.75181577714,18.4219913482666,184.17237854003906,0.09093042101033219,18.4219913482666,184.17237854003906,0,1,1,1,-38060.75181577714,2,4.503300000000001,4.5033,3460.880186578381,184.17237854003906,CLEAN,13798
5,1,4,593.6833438873291,222.68313598632812,118.73666877746582,28647.79527016073,22.885805130004883,570.7975387573242,0.03854884150893109,22.885805130004883,222.68313598632812,0,1,1,1,-28647.79527016073,5,49.75727277825423,27.13983520101771,341.2037735136669,129.40316772460938,BS_SAME_DET,12272
3,1,2,347.80714321136475,245.7348175048828,115.93571440378825,26298.635321099868,10.696646690368652,337.1104965209961,0.03075453422722899,10.696646690368652,245.7348175048828,0,1,1,1,-26298.635321099868,3,6.0044320997076825,4.245774654877482,818.5409128854982,91.37567901611328,BS_SAME_DET,12143
2,1,1,89.24192810058594,49.45954895019531,44.62096405029297,43.718019328227086,49.45954895019531,39.782379150390625,0.5542187400349385,49.45954895019531,39.782379150390625,0,1,1,1,-43.718019328227086,2,0.0,0.0,24.229345588913105,39.782379150390625,MISSED_PROTON,9973
3,2,1,149.25432014465332,76.85160064697266,49.75144004821777,19958.486609821546,72.40271949768066,76.85160064697266,0.4850963069444816,53.46083450317383,76.85160064697266,0,1,1,1,-9324.240138824309,3,34.098657493954214,24.390145002849,5872.748045803088,76.85160064697266,CLEAN,3316
2,1,1,296.62077713012695,274.5897521972656,148.31038856506348,60963.69488505911,22.031024932861328,274.5897521972656,0.07427337068568315,22.031024932861328,274.5897521972656,0,1,1,1,-60963.69488505911,2,0.0,0.0,4527.979108566881,274.5897521972656,CLEAN,11684
2,1,1,324.145357131958,297.3250732421875,162.072678565979,16673.159701297758,26.820283889770508,297.3250732421875,0.08274153338822034,26.820283889770508,297.3250732421875,0,1,1,1,-16673.159701297758,2,4.503324074780764,4.503324074780762,1379.5628001120583,297.3250732421875,CLEAN,12306
3,2,1,168.4904022216797,105.06139373779297,56.16346740722656,30737.949990307356,123.98117065429688,44.50923156738281,0.735835210905231,105.06139373779297,44.50923156738281,1,1,0,1,18516.99820323725,2,4.503324074780761,4.503324074780761,8343.101441460569,105.06139373779297,BS_CROSS_DET,18642
3,1,2,1034.307632446289,598.3111572265625,344.7692108154297,17699.943329359216,598.3111572265625,435.99647521972656,0.5784653796003313,598.3111572265625,252.71041870117188,0,1,1,1,-17699.943329359216,3,31.344112764405658,22.46657094386136,10244.402537827877,183.2860565185547,MISSED_PROTON,2559
2,1,1,270.43712615966797,228.06333923339844,135.21856307983398,29196.912046882757,42.37378692626953,228.06333923339844,0.15668627872214466,42.37378692626953,228.06333923339844,0,1,1,1,-29196.912046882757,2,4.50334907485529,4.50334907485529,4574.755498803815,228.06333923339844,MISSED_PROTON,19978
3,1,2,461.4874725341797,338.12677001953125,153.82915751139322,58967.814900238416,21.7908935546875,439.6965789794922,0.04721881925640695,21.7908935546875,338.12677001953125,0,1,1,1,-58967.814900238416,3,28.63935327396747,20.582185984540665,4106.420920053374,338.12677001953125,CLEAN,6169
2,1,1,120.18119430541992,74.13450622558594,60.09059715270996,39.11278887516385,74.13450622558594,46.046688079833984,0.6168561283988058,74.13450622558594,46.046688079833984,0,1,1,1,-39.11278887516385,2,0.0,0.0,24.126963516413454,46.046688079833984,MISSED_PROTON,14783
3,1,2,1005.0306396484375,517.0302124023438,335.0102132161458,53251.52551244352,517.0302124023438,488.00042724609375,0.5144422388786101,517.0302124023438,382.1076354980469,0,1,1,1,-53251.52551244352,3,44.83272651992069,34.36199631986865,19246.88813587055,105.89279174804688,MISSED_PROTON,14862
2,1,1,345.1814937591553,327.74102783203125,172.59074687957764,34220.547396803675,17.440465927124023,327.74102783203125,0.050525495261031644,17.440465927124023,327.74102783203125,0,1,1,1,-34220.547396803675,2,0.0,0.0,1729.0101053271128,327.74102783203125,CLEAN,7239
3,2,1,233.13263320922852,136.45919799804688,77.7108777364095,20634.711632087026,154.92799758911133,78.20463562011719,0.6645487397299236,136.45919799804688,78.20463562011719,0,1,1,1,-31.409539189431957,2,0.0,0.0,1653.0696238215205,78.20463562011719,BS_CROSS_DET,16397
3,1,2,722.2143440246582,639.4863891601562,240.73811467488608,29645.436040208322,30.346485137939453,691.8678588867188,0.04201866854212376,30.346485137939453,639.4863891601562,0,1,1,1,-29645.436040208322,3,39.02887778568582,27.8414547468339,1245.6644355868275,52.3814697265625,MISSED_PROTON,10264
2,1,1,935.6228179931641,852.7432250976562,467.81140899658203,474.8010029182484,852.7432250976562,82.87959289550781,0.91141773019893,852.7432250976562,82.87959289550781,0,1,1,1,-474.8010029182484,2,16.23700849055946,16.23700849055946,432.74205237592554,82.87959289550781,MISSED_PROTON,16836
3,1,2,1088.8362674713135,723.1141357421875,362.9454224904378,17677.151768957126,28.25811195373535,1060.5781555175781,0.02595258148349641,28.25811195373535,723.1141357421875,0,1,1,1,-17677.151768957126,3,10.399999999999999,7.353910524340094,-850.443546188792,337.4640197753906,CLEAN,5303
2,1,1,513.1262588500977,449.72027587890625,256.5631294250488,47.564182442408885,63.405982971191406,449.72027587890625,0.12356799496732546,63.405982971191406,449.72027587890625,0,1,1,1,-47.564182442408885,2,0.0,0.0,5.877410656668531,449.72027587890625,MISSED_PROTON,6700
2,1,1,609.0479431152344,448.3313293457031,304.5239715576172,34551.38414159481,160.71661376953125,448.3313293457031,0.2638817117540499,160.71661376953125,448.3313293457031,1,0,1,1,34551.38414159481,2,23.829396996619533,23.829396996619533,25433.90575083904,160.71661376953125,MISSED_PROTON,15359
5,1,4,838.916015625,422.4472961425781,167.783203125,82404.98249642186,21.651165008544922,817.2648506164551,0.02580850121500495,21.651165008544922,422.4472961425781,0,1,1,1,-82404.98249642186,5,40.59997695938262,26.535293712518047,1644.0341549557522,228.12149047851562,CLEAN,2857
2,1,1,567.2830276489258,549.4539794921875,283.6415138244629,31536.95722063408,17.82904815673828,549.4539794921875,0.03142884113884002,17.82904815673828,549.4539794921875,0,1,1,1,-31536.95722063408,2,4.503324074780764,4.503324074780762,991.1700184897024,549.4539794921875,CLEAN,2981
2,1,1,378.32226943969727,366.6962890625,189.16113471984863,24933.403384743873,11.625980377197266,366.6962890625,0.030730362223761163,11.625980377197266,366.6962890625,0,1,1,1,-24933.403384743873,2,0.0,0.0,766.2125174843319,366.6962890625,CLEAN,11513
3,1,2,588.8985862731934,517.8016357421875,196.2995287577311,19364.570566809696,32.923797607421875,555.9747886657715,0.05590741491803877,32.923797607421875,517.8016357421875,0,0,0,1,-65.748221966512,3,24.017733333333336,16.983102108730183,1258.911826212989,517.8016357421875,MISSED_PROTON,7653
5,1,4,985.1298542022705,444.68572998046875,197.0259708404541,33203.424561877764,29.77805519104004,955.3517990112305,0.030227543165010914,29.77805519104004,444.68572998046875,0,0,0,1,-17090.709477104218,5,34.36725103208576,23.55549224392477,8009.8518510816375,398.8503112792969,CLEAN,18793
4,1,3,641.6361627578735,417.23486328125,160.40904068946838,42018.20494254988,9.78615665435791,631.8500061035156,0.01525187827988865,9.78615665435791,417.23486328125,0,1,1,1,-42018.20494254988,4,25.967481802836122,21.002151878840298,11806.455271075465,417.23486328125,CLEAN,2294
3,1,2,539.1395130157471,371.93096923828125,179.71317100524902,16016.5167548246,22.199739456176758,516.9397735595703,0.04117624273539074,22.199739456176758,371.93096923828125,0,1,1,1,-16016.5167548246,3,6.004432099707681,4.245774654877482,671.508510190557,145.00880432128906,BS_SAME_DET,9842
2,1,1,459.0094299316406,268.6995544433594,229.5047149658203,6973.051966077832,190.30987548828125,268.6995544433594,0.41460994715647503,190.30987548828125,268.6995544433594,1,0,1,1,6973.051966077832,2,4.50335,4.50335,4081.9552589029477,190.30987548828125,MISSED_PROTON,18944
3,1,2,1087.2777557373047,723.91064453125,362.42591857910156,43283.453459058896,192.02818298339844,895.2495727539062,0.17661373275606132,192.02818298339844,723.91064453125,0,1,1,1,-43283.453459058896,3,34.0986883097348,26.000007195169946,221.0433112558527,723.91064453125,MISSED_PROTON,11787
4,2,2,600.5686187744141,331.3432922363281,150.14215469360352,64932.83465658953,74.55142211914062,526.0171966552734,0.1241347279704331,52.42302703857422,331.3432922363281,0,1,1,1,-9516.035822051159,4,22.176312241669034,14.765147176374503,16738.012640031593,331.3432922363281,CLEAN,3461
3,1,2,326.73716735839844,120.08647918701172,108.91238911946614,11482.730071108805,94.93285369873047,231.80431365966797,0.2905480709961548,94.93285369873047,120.08647918701172,0,0,0,1,-120.09911634981168,3,44.83272651992069,31.91405319113614,3961.064790038012,120.08647918701172,MISSED_PROTON,1147
2,1,1,116.15728378295898,93.35551452636719,58.07864189147949,41655.3056700264,22.801769256591797,93.35551452636719,0.19630081312160436,22.801769256591797,93.35551452636719,0,1,1,1,-41655.3056700264,2,4.50334907485529,4.50334907485529,8176.970373855159,93.35551452636719,CLEAN,1838
2,1,1,560.73095703125,378.0362854003906,280.365478515625,5276.2594309997885,182.69467163085938,378.0362854003906,0.3258152048499752,182.69467163085938,378.0362854003906,1,0,1,1,5276.2594309997885,2,15.600003205127877,15.600003205127877,-1719.0855473528097,182.69467163085938,MISSED_PROTON,11516
3,1,2,784.6173973083496,583.81005859375,261.5391324361165,31629.873737751495,59.77633285522461,724.841064453125,0.07618532683609729,59.77633285522461,583.81005859375,0,1,1,1,-31629.873737751495,3,26.17277291998521,19.91448846047074,5508.332033617249,583.81005859375,MISSED_PROTON,8245
2,1,1,122.70466613769531,97.86490631103516,61.352333068847656,17039.70099514875,24.839759826660156,97.86490631103516,0.2024353319928825,24.839759826660156,97.86490631103516,1,0,1,1,17039.70099514875,2,38.47648126742491,38.47648126742491,13590.263467136363,24.839759826660156,CLEAN,11969
4,1,3,939.6354675292969,382.11981201171875,234.90886688232422,33961.26363797863,382.11981201171875,557.5156555175781,0.40666814442038357,382.11981201171875,300.4435729980469,1,0,1,1,4747.0778322595825,4,39.06494788029289,26.926017110686832,-3104.4641143544254,382.11981201171875,MISSED_PROTON,16987
3,1,2,324.0169143676758,154.33059692382812,108.0056381225586,50.88678508778552,115.32892608642578,208.68798828125,0.3559348940517258,115.32892608642578,154.33059692382812,0,1,1,1,-50.88678508778552,3,6.0044320997076825,4.245774654877482,21.0899316423206,154.33059692382812,MISSED_PROTON,3187
2,1,1,371.1022472381592,350.6368713378906,185.5511236190796,20445.77121856611,20.465375900268555,350.6368713378906,0.05514753966751018,20.465375900268555,350.6368713378906,0,1,1,1,-20445.77121856611,2,4.503324074780763,4.503324074780761,1127.5339793087126,350.6368713378906,CLEAN,18365
3,1,2,176.86045837402344,102.64778137207031,58.95348612467448,21660.742516889095,34.975181579589844,141.8852767944336,0.19775580082250233,34.975181579589844,102.64778137207031,0,0,0,1,-43.34556843326265,3,36.52364297006043,25.826115617766103,12580.218336037935,39.23749542236328,MISSED_PROTON,16150
2,1,1,501.0306625366211,414.16693115234375,250.51533126831055,2402.6397371311914,414.16693115234375,86.86373138427734,0.8266299093462601,414.16693115234375,86.86373138427734,0,1,1,1,-2402.6397371311914,2,38.476480182346464,38.476480182346464,-416.5458690347124,86.86373138427734,MISSED_PROTON,12463
2,1,1,284.4617919921875,205.13369750976562,142.23089599609375,28.902728155274882,205.13369750976562,79.32809448242188,0.7211291754619877,205.13369750976562,79.32809448242188,0,1,1,1,-28.902728155274882,2,0.0,0.0,20.842600523215353,79.32809448242188,MISSED_PROTON,17301
4,2,2,2507.3323497772217,1916.4287109375,626.8330874443054,31293.54538223955,340.0310802459717,2167.30126953125,0.13561468238392238,326.2278747558594,1916.4287109375,1,0,1,1,28837.27736601814,4,14.765183537294753,11.258338149567189,25297.79686959854,326.2278747558594,CLEAN,5445
3,1,2,502.8624267578125,275.9040832519531,167.62080891927084,41795.55774089973,275.9040832519531,226.95834350585938,0.5486671275697308,275.9040832519531,154.48394775390625,0,1,1,1,-41795.55774089973,3,13.086378460445044,9.95723869453776,25847.8721387327,154.48394775390625,MISSED_PROTON,5236
3,1,2,251.43244743347168,162.394775390625,83.81081581115723,35104.09216791296,17.876066207885742,233.55638122558594,0.0710968945748965,17.876066207885742,162.394775390625,0,1,1,1,-35104.09216791296,3,6.0044,4.245751956956506,-4801.924233452598,162.394775390625,DL_DEGRADED,14525
3,1,2,653.3017921447754,386.5259704589844,217.76726404825845,3849.8206080548703,39.496280670166016,613.8055114746094,0.06045640949567978,39.496280670166016,386.5259704589844,0,1,1,1,-3849.8206080548703,3,21.649310411291268,15.308374199836578,-1332.2536407714567,227.279541015625,BS_CROSS_DET,16179
2,1,1,143.44964599609375,76.19125366210938,71.72482299804688,46.35763681202265,76.19125366210938,67.25839233398438,0.5311358779106651,76.19125366210938,67.25839233398438,1,0,1,1,46.35763681202265,2,0.0,0.0,21.735432686005232,76.19125366210938,MISSED_PROTON,9445
4,1,3,1964.7351579666138,1210.976806640625,491.18378949165344,30097.162675729975,12.17180347442627,1952.5633544921875,0.006195137001072132,12.17180347442627,1210.976806640625,0,0,0,1,-23446.092420297675,4,34.95526281986198,29.44436498579779,19856.417684831064,583.3588256835938,CLEAN,2308
2,1,1,592.3744583129883,477.8544006347656,296.18722915649414,32.83187628459226,114.52005767822266,477.8544006347656,0.19332376011680535,114.52005767822266,477.8544006347656,0,1,1,1,-32.83187628459226,2,0.0,0.0,6.347181775027145,477.8544006347656,MISSED_PROTON,11150
4,1,3,364.8694705963135,222.60800170898438,91.21736764907837,49384.66285704773,26.264863967895508,338.60460662841797,0.07198427406099588,26.264863967895508,222.60800170898438,0,0,0,1,-27453.850358494106,4,47.92403978433605,28.03303500982145,-334.516063797441,222.60800170898438,CLEAN,13030
4,1,3,936.1415710449219,334.97198486328125,234.03539276123047,28915.622055343923,313.87652587890625,622.2650451660156,0.33528745607200955,313.87652587890625,334.97198486328125,0,0,0,1,-26.957875720696162,4,40.59250389200572,29.444359640982174,12622.230563299363,71.53451538085938,MISSED_PROTON,6524
3,1,2,234.36981582641602,178.81655883789062,78.12327194213867,32357.875880523396,25.425336837768555,208.94447898864746,0.10848383674371964,25.425336837768555,178.81655883789062,0,0,0,1,-23257.919074609355,3,42.0310888900638,32.33490812278409,6682.669105112149,178.81655883789062,CLEAN,4901
2,1,1,271.87889862060547,261.43927001953125,135.93944931030273,38043.09285458006,10.439628601074219,261.43927001953125,0.03839808331591869,10.439628601074219,261.43927001953125,0,1,1,1,-38043.09285458006,2,0.0,0.0,1460.7818490253962,261.43927001953125,CLEAN,5032
4,1,3,685.7294826507568,406.86846923828125,171.4323706626892,40551.3681042664,24.13468360900879,661.594799041748,0.03519563358383502,24.13468360900879,406.86846923828125,0,0,0,1,-36120.544060211825,4,47.92401277674507,33.924776307101496,5315.1184206953985,406.86846923828125,CLEAN,1310
2,1,1,346.54449462890625,272.83404541015625,173.27224731445312,28.227668309156613,73.71044921875,272.83404541015625,0.2127012558594593,73.71044921875,272.83404541015625,1,0,1,1,28.227668309156613,2,0.0,0.0,22.22360780981474,73.71044921875,MISSED_PROTON,13711
2,1,1,271.7656555175781,197.55337524414062,135.88282775878906,41535.512132783326,74.2122802734375,197.55337524414062,0.2730745359714424,74.2122802734375,197.55337524414062,0,1,1,1,-41535.512132783326,2,25.073484215850417,25.073484215850417,11342.290701996022,197.55337524414062,MISSED_PROTON,14589
3,1,2,2530.569061279297,1244.9915771484375,843.5230204264323,24381.61856565528,1244.9915771484375,1285.5774841308594,0.4919808734716167,1244.9915771484375,912.70703125,0,1,1,1,-24381.61856565528,3,16.71565791868344,12.37847798838326,20284.222147179997,372.8704528808594,CLEAN,17781
3,1,2,427.53527069091797,235.34234619140625,142.51175689697266,26060.670339251963,76.85639190673828,350.6788787841797,0.17976620217212624,76.85639190673828,235.34234619140625,1,0,1,1,23078.030063325612,3,28.639390999810036,20.58220507331515,20571.213348838064,76.85639190673828,MISSED_PROTON,10575
2,1,1,2030.0458984375,1644.100341796875,1015.02294921875,4149.151378663959,1644.100341796875,385.945556640625,0.8098833346883032,1644.100341796875,385.945556640625,0,1,1,1,-4149.151378663959,2,7.8,7.8,3360.328554678938,385.945556640625,MISSED_PROTON,15767
5,2,3,687.7431039810181,405.0769348144531,137.5486207962036,33674.88190612716,85.48062992095947,602.2624740600586,0.1242915115050267,72.87525177001953,405.0769348144531,0,1,1,1,-5369.468819588014,5,30.303108381081966,19.063519030399398,1808.182271492413,123.59589385986328,BS_SAME_DET,15996
3,1,2,461.67932891845703,314.4913635253906,153.8931096394857,3701.300801304576,72.21585845947266,389.4634704589844,0.15641995197975953,72.21585845947266,314.4913635253906,1,0,1,1,3687.3053292221257,3,13.757877719126757,10.399978436622943,-567.2345462532651,72.21585845947266,MISSED_PROTON,11127
3,1,2,174.82843780517578,78.56391906738281,58.276145935058594,1127.8240798488293,48.12580871582031,126.70262908935547,0.27527448806383803,48.12580871582031,78.56391906738281,0,0,0,1,-42.011680258608614,3,15.88624809757728,11.233273757408785,322.10916673837465,78.56391906738281,MISSED_PROTON,16058
5,1,4,597.392972946167,223.4280242919922,119.4785945892334,16313.525273858126,146.7322998046875,450.6606731414795,0.24562106762161398,146.7322998046875,223.4280242919922,0,0,0,1,-49.50631841682112,5,51.676596746395745,26.227804501681035,823.0382219715048,223.4280242919922,MISSED_PROTON,14045
2,1,1,202.25801849365234,106.57683563232422,101.12900924682617,35.73126396981292,106.57683563232422,95.68118286132812,0.5269350329152415,106.57683563232422,95.68118286132812,0,1,1,1,-35.73126396981292,2,0.0,0.0,18.828054756036554,95.68118286132812,MISSED_PROTON,17126
2,1,1,371.3231506347656,244.88531494140625,185.6615753173828,32.6826765628088,126.43783569335938,244.88531494140625,0.34050620188161645,126.43783569335938,244.88531494140625,0,1,1,1,-32.6826765628088,2,0.0,0.0,11.128654063727348,244.88531494140625,MISSED_PROTON,3423
3,1,2,608.3317413330078,346.0721740722656,202.7772471110026,29932.733404407656,142.97671508789062,465.3550262451172,0.23503083165542651,142.97671508789062,346.0721740722656,0,0,0,1,-27715.17600977505,3,13.086373077408085,9.957235157188745,12383.188523519742,346.0721740722656,MISSED_PROTON,12623
2,1,1,353.9604034423828,342.9683837890625,176.9802017211914,55259.37943156101,10.992019653320312,342.9683837890625,0.03105437655291174,10.992019653320312,342.9683837890625,0,1,1,1,-55259.37943156101,2,0.0,0.0,1716.0455769479215,342.9683837890625,CLEAN,18391
4,1,3,477.1654853820801,186.16094970703125,119.29137134552002,32502.714042309777,186.16094970703125,291.0045356750488,0.3901391768894744,186.16094970703125,166.50973510742188,0,0,0,1,-21333.69289891783,4,41.089058838698165,34.22236576787174,13510.613253868303,166.50973510742188,MISSED_PROTON,14098
3,2,1,680.2181549072266,440.4353942871094,226.73938496907553,73824.4501954474,239.7827606201172,440.4353942871094,0.35250861637590464,221.17454528808594,440.4353942871094,1,1,0,1,12651.129433262971,3,6.004465433140387,4.245798225173788,-2440.0722951754883,221.17454528808594,DL_DEGRADED,6009
2,1,1,243.4582061767578,220.00460815429688,121.7291030883789,34243.693822662855,23.453598022460938,220.00460815429688,0.0963352124817388,23.453598022460938,220.00460815429688,0,1,1,1,-34243.693822662855,2,0.0,0.0,3298.8735205658327,220.00460815429688,CLEAN,3392
3,1,2,952.2679138183594,364.53314208984375,317.4226379394531,31694.215100927908,309.5295715332031,642.7383422851562,0.32504462981648297,309.5295715332031,364.53314208984375,1,0,1,1,15207.184576117836,3,16.715677097862354,13.426352709752067,16575.492481866127,309.5295715332031,MISSED_PROTON,14301
4,1,3,317.2870121002197,152.49017333984375,79.32175302505493,39829.89286873772,16.750017166137695,300.53699493408203,0.05279137351152262,16.750017166137695,152.49017333984375,0,0,0,1,-34761.4738472284,4,29.271672294739584,17.295385749871986,14819.274589674225,100.98877716064453,CLEAN,6271
2,1,1,127.95433044433594,64.57083892822266,63.97716522216797,57.46743662458904,63.38349151611328,64.57083892822266,0.4953602687459417,63.38349151611328,64.57083892822266,0,1,1,1,-57.46743662458904,2,0.0,0.0,28.467084850496803,64.57083892822266,MISSED_PROTON,4742
3,1,2,549.8900527954102,500.4017639160156,183.29668426513672,36170.10670666986,18.950550079345703,530.9395027160645,0.034462434777659756,18.950550079345703,500.4017639160156,0,1,1,1,-36170.10670666986,3,24.017761732055252,16.983122189659028,1210.4074048229083,30.537738800048828,CLEAN,9281
3,1,2,809.8861618041992,445.8880310058594,269.9620539347331,39693.34537239343,319.2276611328125,490.6585006713867,0.39416361976313163,319.2276611328125,445.8880310058594,1,0,1,1,17300.40610674432,3,24.574251761843012,17.76138723867655,11719.096061985338,319.2276611328125,MISSED_PROTON,6893
2,1,1,257.7962284088135,236.4938507080078,128.89811420440674,26881.0114981483,21.302377700805664,236.4938507080078,0.08263261969459203,21.302377700805664,236.4938507080078,0,1,1,1,-26881.0114981483,2,4.503324074780762,4.503324074780761,2221.2484001324437,236.4938507080078,CLEAN,1594
3,1,2,724.5418701171875,314.2229309082031,241.51395670572916,21180.301124563204,158.7683563232422,565.7735137939453,0.21912930483584472,158.7683563232422,314.2229309082031,0,0,0,1,-10525.546297234428,3,21.649310411291268,16.98311302153472,9659.953506156224,314.2229309082031,MISSED_PROTON,14455
4,1,3,1645.852798461914,756.9912109375,411.4631996154785,39978.46494287549,756.9912109375,888.8615875244141,0.45993858724481623,756.9912109375,543.6693725585938,0,0,0,1,-15366.316620748365,4,41.27374166465435,33.699878807079926,14908.794506543147,543.6693725585938,MISSED_PROTON,9713
2,1,1,739.5098361968994,707.9968872070312,369.7549180984497,29235.605053051684,31.512948989868164,707.9968872070312,0.042613292545141526,31.512948989868164,707.9968872070312,0,1,1,1,-29235.605053051684,2,4.503324074780762,4.503324074780761,1245.8253908599092,707.9968872070312,CLEAN,18471
3,1,2,640.0373830795288,508.44403076171875,213.34579435984293,41305.033301169045,10.383360862731934,629.6540222167969,0.016223053742224512,10.383360862731934,508.44403076171875,0,0,0,1,-20849.124730138472,3,12.008864199415362,8.491549309754964,8160.565081528299,508.44403076171875,CLEAN,1932
3,1,2,272.33314514160156,117.16179656982422,90.77771504720052,10783.201849360437,117.16179656982422,155.17134857177734,0.4302149725803853,117.16179656982422,104.91120147705078,0,1,1,1,-10783.201849360437,3,46.89622766582025,35.522783552375074,-2613.6695120631994,50.26014709472656,MISSED_PROTON,13241
3,1,2,684.723445892334,475.4190368652344,228.24114863077799,38846.07855285141,14.983104705810547,669.7403411865234,0.021881979937585623,14.983104705810547,475.4190368652344,0,0,0,1,-25433.435527554342,3,42.03112469777605,29.720493294694823,27528.24836392347,194.32130432128906,CLEAN,18071
4,1,3,501.63574981689453,296.89117431640625,125.40893745422363,17894.29777362417,20.976280212402344,480.6594696044922,0.04181576018068696,20.976280212402344,296.89117431640625,0,1,1,1,-17894.29777362417,4,19.629559616112125,11.914695872010329,2931.3319315775675,296.89117431640625,BS_SAME_DET,9998
3,2,1,629.4406118392944,513.6658325195312,209.8135372797648,1339.3575117837643,115.77477931976318,513.6658325195312,0.1839328081825807,108.13957977294922,513.6658325195312,0,1,1,1,-1280.5075528709335,3,10.824687563158578,8.491585973578001,-1034.8696225098615,513.6658325195312,MISSED_ELECTRON,13499
2,1,1,501.20300102233887,486.6937561035156,250.60150051116943,37404.724006590004,14.509244918823242,486.6937561035156,0.028948838872129096,14.509244918823242,486.6937561035156,0,1,1,1,-37404.724006590004,2,0.0,0.0,1082.823328323233,486.6937561035156,CLEAN,9928
4,1,3,432.1236877441406,174.57720947265625,108.03092193603516,26125.75260015441,111.63860321044922,320.4850845336914,0.2583487237028074,111.63860321044922,174.57720947265625,0,0,0,1,-13822.659659077475,4,34.66396634656261,26.92602431174857,4617.643723777618,76.02290344238281,MISSED_PROTON,3500
5,2,3,674.8345069885254,186.39163208007812,134.96690139770507,13706.586506220334,303.75669860839844,371.07780838012695,0.45012028202873655,168.1399688720703,186.39163208007812,0,1,1,1,-73.89680486718711,5,40.59998313738073,25.601752108447577,3496.914903399287,186.39163208007812,MISSED_PROTON,5558
4,1,3,822.8222351074219,511.052490234375,205.70555877685547,41331.9618284628,172.15408325195312,650.6681518554688,0.20922390755456177,172.15408325195312,511.052490234375,0,0,0,1,-1238.2274359096825,4,31.92285993415416,23.29140025281595,6839.576457404132,511.052490234375,MISSED_PROTON,2130
4,2,2,637.6368045806885,506.1853942871094,159.40920114517212,26311.127154712845,528.6728649139404,108.96393966674805,0.8291128446727554,506.1853942871094,69.96920776367188,1,1,0,1,4449.625824850621,4,31.92288060701916,21.946530083250064,-1186.9916720059894,506.1853942871094,CLEAN,4627
2,1,1,107.32702255249023,85.92058563232422,53.66351127624512,121.43782182177677,21.406436920166016,85.92058563232422,0.19945058020869635,21.406436920166016,85.92058563232422,1,0,1,1,121.43782182177677,2,0.0,0.0,97.21697780014311,21.406436920166016,MISSED_ELECTRON,11425
3,1,2,615.0397090911865,467.9688415527344,205.01323636372885,41014.52652112625,26.307851791381836,588.7318572998047,0.04277423295197579,26.307851791381836,467.9688415527344,0,0,0,1,-15803.887837362292,3,15.886270963878774,11.23328992632563,8729.199386191773,467.9688415527344,CLEAN,11420
2,1,1,196.93051147460938,126.19837188720703,98.46525573730469,11990.351360885565,126.19837188720703,70.73213958740234,0.6408269137282875,126.19837188720703,70.73213958740234,0,1,1,1,-11990.351360885565,2,7.800001602563939,7.800001602563938,7683.739857114068,70.73213958740234,MISSED_PROTON,4161
2,1,1,226.06158828735352,202.349365234375,113.03079414367676,24757.301687774467,23.712223052978516,202.349365234375,0.10489275614058419,23.712223052978516,202.349365234375,0,1,1,1,-24757.301687774467,2,0.0,0.0,2596.8616086346005,202.349365234375,CLEAN,7923
3,1,2,768.3015022277832,534.1508178710938,256.1005007425944,1058.2780730888976,177.7987823486328,590.5027198791504,0.23141798087480464,177.7987823486328,534.1508178710938,0,1,1,1,-1058.2780730888976,3,30.022199999999998,21.22890120613877,-707.4498237599296,534.1508178710938,MISSED_PROTON,17053
3,2,1,166.80876922607422,103.56755828857422,55.60292307535807,49106.47060964086,63.2412109375,103.56755828857422,0.3791240186646892,38.038307189941406,103.56755828857422,1,1,0,1,8883.908712353517,3,21.64931452402131,15.30837710797588,4051.324822220532,38.038307189941406,CLEAN,19285
2,1,1,573.4713745117188,299.6116638183594,286.7356872558594,27.62195836376115,273.8597106933594,299.6116638183594,0.47754730726801625,273.8597106933594,299.6116638183594,0,1,1,1,-27.62195836376115,2,0.0,0.0,13.190791838083397,299.6116638183594,MISSED_PROTON,19420
3,1,2,613.5938034057617,396.83148193359375,204.53126780192056,23600.70155821037,23.294578552246094,590.2992248535156,0.03796416851498366,23.294578552246094,396.83148193359375,0,0,0,1,-101.99154381794109,3,36.026659264741404,25.474695069595807,7445.235408940048,396.83148193359375,BS_CROSS_DET,8139
3,2,1,1243.089030265808,1106.39404296875,414.3630100886027,59897.06486326556,136.6949872970581,1106.39404296875,0.10996395589447748,120.81316375732422,1106.39404296875,1,1,0,1,31049.815868175643,3,21.01553333333333,15.30836790458807,28400.705876218166,120.81316375732422,CLEAN,869
2,1,1,545.0762538909912,523.9856567382812,272.5381269454956,36334.16979642606,21.09059715270996,523.9856567382812,0.03869292966287948,21.09059715270996,523.9856567382812,0,1,1,1,-36334.16979642606,2,0.0,0.0,1405.8754762922338,523.9856567382812,CLEAN,17006
2,1,1,250.17681884765625,177.4064178466797,125.08840942382812,22662.100561367566,72.77040100097656,177.4064178466797,0.29087587465603554,72.77040100097656,177.4064178466797,0,1,1,1,-22662.100561367566,2,13.510000000000002,13.51,6591.858322330824,177.4064178466797,BS_CROSS_DET,8241
2,1,1,369.4571132659912,346.66015625,184.7285566329956,40149.774088483144,22.79695701599121,346.66015625,0.061703933142514725,22.79695701599121,346.66015625,0,1,1,1,-40149.774088483144,2,4.50335,4.50335,2477.398976042834,346.66015625,CLEAN,13115
3,1,2,202.34324264526367,104.10202026367188,67.44774754842122,11840.311587356113,37.13468933105469,165.20855331420898,0.18352324913640458,37.13468933105469,104.10202026367188,0,0,0,1,-48.742514493230416,3,33.431353526559136,23.639536782874764,6100.57632165237,61.10653305053711,BS_LOST,8094
4,2,2,603.4581136703491,409.9712219238281,150.86452841758728,29220.507146982884,72.92710018157959,530.5310134887695,0.12084865300430354,63.91591262817383,409.9712219238281,0,1,1,1,-134.91371053908074,3,26.172756920890087,18.506933901108525,13252.784051624021,120.5597915649414,BS_CROSS_DET,11812
3,2,1,423.4359321594238,274.3607482910156,141.14531071980795,48866.883486103034,149.0751838684082,274.3607482910156,0.3520607783759866,115.90662384033203,274.3607482910156,0,1,1,1,-2665.999996335007,2,31.52331666754785,31.523316667547846,1891.5990888100655,274.3607482910156,BS_CROSS_DET,6201
2,1,1,220.48309516906738,192.7469024658203,110.24154758453369,15279.778558821848,27.73619270324707,192.7469024658203,0.12579736637849193,27.73619270324707,192.7469024658203,0,1,1,1,-15279.778558821848,2,0.0,0.0,1922.1559015463372,192.7469024658203,CLEAN,12391
2,1,1,616.1391067504883,602.5951538085938,308.06955337524414,47943.56505930795,13.543952941894531,602.5951538085938,0.021981972566755596,13.543952941894531,602.5951538085938,0,1,1,1,-47943.56505930795,2,0.0,0.0,1053.8941318861694,602.5951538085938,CLEAN,6202
4,2,2,930.8637371063232,717.6113891601562,232.7159342765808,41030.766694476646,138.02349662780762,792.8402404785156,0.14827465194515638,118.65328216552734,717.6113891601562,0,1,1,1,-10440.781478359664,3,15.886258365014715,11.23328101758342,-7382.313370665444,717.6113891601562,BS_CROSS_DET,3342
2,1,1,154.68802642822266,129.39373779296875,77.34401321411133,52003.648356499645,25.294288635253906,129.39373779296875,0.16351807712144287,25.294288635253906,129.39373779296875,0,1,1,1,-52003.648356499645,2,0.0,0.0,8503.536582554505,129.39373779296875,CLEAN,2867
3,1,2,2154.063819885254,1988.6546630859375,718.0212732950846,29718.90889007411,20.01807403564453,2134.0457458496094,0.009293166641975764,20.01807403564453,1988.6546630859375,0,0,0,1,-28766.485159242726,3,36.89191265920547,26.3443868273469,27704.144986249263,145.39108276367188,CLEAN,18161
3,2,1,304.64017486572266,207.57701110839844,101.54672495524089,19790.03340001623,97.06316375732422,207.57701110839844,0.31861576957178117,74.89507293701172,207.57701110839844,0,1,1,1,-60.40883793923798,2,0.0,0.0,1454.9347677713279,207.57701110839844,BS_CROSS_DET,19232
2,1,1,446.1290588378906,244.77603149414062,223.0645294189453,6403.008884865551,201.35302734375,244.77603149414062,0.45133358465429035,201.35302734375,244.77603149414062,0,1,1,1,-6403.008884865551,2,11.914693773761037,11.914693773761037,-3513.1159322859116,244.77603149414062,MISSED_PROTON,10616
2,1,1,730.2696533203125,545.9357299804688,365.13482666015625,12451.860787277588,184.33392333984375,545.9357299804688,0.25241898318208056,184.33392333984375,545.9357299804688,0,1,1,1,-12451.860787277588,2,35.744090770363705,35.744090770363705,3143.0860386494296,545.9357299804688,MISSED_PROTON,19003
3,2,1,572.3165283203125,387.7433166503906,190.77217610677084,20448.926034432152,409.93719482421875,162.37933349609375,0.7162770504415457,387.7433166503906,162.37933349609375,0,1,1,1,-25.201095328254464,3,6.004432099707678,4.245774654877482,810.0631495656127,162.37933349609375,BS_CROSS_DET,3831
2,1,1,218.4947624206543,196.35755920410156,109.24738121032715,50264.827291992144,22.137203216552734,196.35755920410156,0.1013168598244628,22.137203216552734,196.35755920410156,0,1,1,1,-50264.827291992144,2,4.50335,4.50335,5092.6744608436,196.35755920410156,CLEAN,3215
2,1,1,435.27695083618164,396.2439270019531,217.63847541809082,5366.837706032831,39.033023834228516,396.2439270019531,0.08967399665717371,39.033023834228516,396.2439270019531,0,1,1,1,-5366.837706032831,2,4.50334907485529,4.50334907485529,481.26578651038193,396.2439270019531,MISSED_PROTON,5596
3,1,2,262.1610107421875,118.29414367675781,87.38700358072917,17027.26039796526,54.0084228515625,208.152587890625,0.20601241465564488,54.0084228515625,118.29414367675781,0,1,1,1,-17027.26039796526,3,24.574245278091,17.7613827532906,3507.8271526725675,89.85844421386719,MISSED_PROTON,11003
3,1,2,495.43532848358154,443.10552978515625,165.1451094945272,39191.50655609351,8.886805534362793,486.54852294921875,0.01793736744927607,8.886805534362793,443.10552978515625,0,1,1,1,-39191.50655609351,3,15.886270963878772,11.23328992632563,3975.7823565275426,443.10552978515625,CLEAN,17862
2,1,1,421.39554595947266,338.8191833496094,210.69777297973633,19133.663376207583,82.57636260986328,338.8191833496094,0.19595926772753547,82.57636260986328,338.8191833496094,0,1,1,1,-19133.663376207583,2,13.50999722427803,13.509997224278026,3749.4186641468023,338.8191833496094,MISSED_PROTON,320
3,2,1,692.1743268966675,409.23822021484375,230.7247756322225,63940.339975831754,422.93036937713623,269.24395751953125,0.6110171281176023,409.23822021484375,269.24395751953125,1,1,0,1,9541.943721560086,3,22.666296580336578,16.443857581142233,-4565.464201000673,409.23822021484375,CLEAN,14221
2,1,1,289.9120445251465,273.5416564941406,144.95602226257324,28355.554623559798,16.37038803100586,273.5416564941406,0.056466739965285985,16.37038803100586,273.5416564941406,0,1,1,1,-28355.554623559798,2,0.0,0.0,1601.1457295000139,273.5416564941406,CLEAN,11517
2,1,1,520.1300048828125,484.8544616699219,260.06500244140625,5149.69623791297,35.275543212890625,484.8544616699219,0.0678206273080484,35.275543212890625,484.8544616699219,1,0,1,1,5149.69623791297,2,9.006648149561522,9.006648149561522,-349.25562930115456,35.275543212890625,MISSED_PROTON,12721
4,1,3,942.9713459014893,459.9898986816406,235.74283647537231,29979.017720275173,20.451936721801758,922.5194091796875,0.021688820991956567,20.451936721801758,459.9898986816406,0,0,0,1,-14937.845254891594,4,39.000000000008015,26.642069591378874,11763.806649784638,459.9898986816406,CLEAN,3403
4,3,1,233.62468338012695,88.74198913574219,58.40617084503174,45011.86918972819,144.88269424438477,88.74198913574219,0.6201514846299373,81.02718353271484,88.74198913574219,1,1,0,1,167.175432264641,4,5.957380833103167,5.034886355408134,4281.955135090202,81.02718353271484,BS_CROSS_DET,13962
2,1,1,528.7149534225464,513.6556396484375,264.3574767112732,44675.46721485197,15.059313774108887,513.6556396484375,0.02848285957608155,15.059313774108887,513.6556396484375,0,1,1,1,-44675.46721485197,2,4.503300000000001,4.5033,1272.4850591764637,513.6556396484375,CLEAN,8519
2,1,1,472.3319206237793,436.5926818847656,236.16596031188965,8630.322368657022,436.5926818847656,35.73923873901367,0.9243344834881897,436.5926818847656,35.73923873901367,0,1,1,1,-8630.322368657022,2,28.123303948860634,28.123303948860634,-653.0177996878641,35.73923873901367,MISSED_PROTON,6402
3,1,2,459.6369323730469,376.1407775878906,153.21231079101562,38249.143075346336,42.63215637207031,417.00477600097656,0.09275180771911849,42.63215637207031,376.1407775878906,1,0,1,1,28932.677053909785,3,34.623336041141066,27.84147098428689,27077.39889924393,42.63215637207031,MISSED_PROTON,10462
4,1,3,785.3302536010742,311.9181823730469,196.33256340026855,20087.700002427424,181.94886779785156,603.3813858032227,0.23168452630411013,181.94886779785156,311.9181823730469,0,0,0,1,-30.850972093271366,4,12.536752419287062,8.118507327243105,7985.599053785129,81.9817886352539,MISSED_PROTON,7612
2,1,1,180.78546524047852,155.71945190429688,90.39273262023926,45069.5409754061,25.06601333618164,155.71945190429688,0.13865060060464016,25.06601333618164,155.71945190429688,0,1,1,1,-45069.5409754061,2,4.503350000000001,4.503349999999999,6248.918925215495,155.71945190429688,CLEAN,6880
3,2,1,321.31336402893066,217.55226135253906,107.10445467631023,31945.392791727547,103.7611026763916,217.55226135253906,0.32292806429006504,82.6579818725586,217.55226135253906,0,1,1,1,-36.67124694141571,2,0.0,0.0,2107.533424640495,217.55226135253906,BS_CROSS_DET,6030
2,1,1,146.22663497924805,87.13406372070312,73.11331748962402,39.37113034048378,59.09257125854492,87.13406372070312,0.4041163312479366,59.09257125854492,87.13406372070312,0,1,1,1,-39.37113034048378,2,0.0,0.0,15.91051675028063,87.13406372070312,MISSED_PROTON,18448
2,1,1,661.5158081054688,559.8652954101562,330.7579040527344,13867.788941376964,101.6505126953125,559.8652954101562,0.15366301371758884,101.6505126953125,559.8652954101562,0,1,1,1,-13867.788941376964,2,0.0,0.0,2130.966242331435,559.8652954101562,MISSED_PROTON,3111
3,1,2,457.1268119812012,300.6821594238281,152.37560399373373,39176.14527024519,300.6821594238281,156.44465255737305,0.657765310506865,300.6821594238281,102.00691223144531,1,0,1,1,37358.90375890063,3,39.373786142686356,33.96627187500369,13191.026550603177,300.6821594238281,MISSED_PROTON,11677
2,1,1,341.77761459350586,313.4410400390625,170.88880729675293,29543.505019199503,313.4410400390625,28.33657455444336,0.9170906070365505,313.4410400390625,28.33657455444336,1,0,1,1,29543.505019199503,2,31.20000641025575,31.20000641025575,2449.4340671544533,313.4410400390625,MISSED_PROTON,11539
3,2,1,1031.7406921386719,475.3244323730469,343.91356404622394,2902.745738465132,949.6969604492188,82.04373168945312,0.9204802792847236,475.3244323730469,82.04373168945312,1,1,0,1,2878.0716960250966,3,15.886248097577283,11.233273757408785,-1314.587199755059,475.3244323730469,MISSED_PROTON,17199
2,1,1,343.76627349853516,230.81532287597656,171.88313674926758,27.79168554418486,230.81532287597656,112.9509506225586,0.6714309711856015,230.81532287597656,112.9509506225586,0,1,1,1,-27.79168554418486,2,0.0,0.0,18.660198415816883,112.9509506225586,MISSED_PROTON,1410
3,1,2,1021.9181518554688,513.3294067382812,340.63938395182294,29272.46823418555,23.25225830078125,998.6658935546875,0.02275354269670498,23.25225830078125,513.3294067382812,0,0,0,1,-17616.052989094143,3,37.49771072124864,27.51580022730375,14303.112124026917,513.3294067382812,MISSED_PROTON,9377
4,2,2,1451.4217891693115,719.1148071289062,362.8554472923279,35670.30668557961,155.13541221618652,1296.286376953125,0.10688513385552437,133.95274353027344,719.1148071289062,0,1,1,1,-21373.948828650682,4,33.624546259847506,21.714277941987273,-3517.8696375789405,719.1148071289062,CLEAN,8267
3,1,2,499.29924392700195,365.5229187011719,166.43308130900064,38534.80119639076,29.361034393310547,469.9382095336914,0.058804483985165336,29.361034393310547,365.5229187011719,0,1,1,1,-38534.80119639076,3,15.886224298778837,11.23325692911702,1599.3722525764626,104.41529083251953,CLEAN,10452
2,1,1,607.7125244140625,585.8800048828125,303.85626220703125,16893.08722039333,21.83251953125,585.8800048828125,0.035925735696002374,21.83251953125,585.8800048828125,0,1,1,1,-16893.08722039333,2,0.0,0.0,606.8965865693661,585.8800048828125,CLEAN,14107
2,1,1,870.8816375732422,660.6566162109375,435.4408187866211,23469.35111733342,660.6566162109375,210.2250213623047,0.7586066667473804,660.6566162109375,210.2250213623047,0,1,1,1,-23469.35111733342,2,11.914703222909079,11.914703222909079,17804.006221844214,210.2250213623047,MISSED_PROTON,18797
4,2,2,1270.262336730957,490.1642150878906,317.56558418273926,20235.459215493545,550.5013809204102,719.7609558105469,0.4333761342063682,490.1642150878906,371.0886535644531,0,1,1,1,-15908.950512234294,4,45.201875074188024,29.27165854922642,13938.242217843655,348.67230224609375,MISSED_PROTON,2108
2,1,1,258.0123119354248,240.8226776123047,129.0061559677124,23589.456436181572,17.189634323120117,240.8226776123047,0.06662331031482843,17.189634323120117,240.8226776123047,0,1,1,1,-23589.456436181572,2,0.0,0.0,1571.6076763058516,240.8226776123047,CLEAN,12755
2,1,1,520.7442932128906,479.24609375,260.3721466064453,1639.4592966475661,41.498199462890625,479.24609375,0.07969016656304544,41.498199462890625,479.24609375,1,0,1,1,1639.4592966475661,2,35.74409916335842,35.74409916335842,-130.6487844231779,41.498199462890625,MISSED_PROTON,19592
2,1,1,421.68324279785156,215.0193634033203,210.84162139892578,28.198750553410832,206.66387939453125,215.0193634033203,0.490092700917695,206.66387939453125,215.0193634033203,0,1,1,1,-28.198750553410832,2,0.0,0.0,13.820001821225464,215.0193634033203,MISSED_PROTON,907
3,2,1,509.27525901794434,308.3730163574219,169.7584196726481,16010.09687352833,200.90224266052246,308.3730163574219,0.3944865553609068,185.6407012939453,308.3730163574219,0,1,1,1,-25.121457027592427,2,0.0,0.0,488.9346501900545,308.3730163574219,BS_CROSS_DET,14407
4,2,2,619.9078845977783,340.26220703125,154.97697114944458,30465.69308016007,143.09687995910645,476.8110046386719,0.23083571529656147,120.5694351196289,340.26220703125,0,1,1,1,-19857.64600736252,4,35.387713834474035,21.242176435969903,5639.626639990132,340.26220703125,CLEAN,6483
2,1,1,409.9149169921875,388.8104553222656,204.95745849609375,14012.734374259604,21.104461669921875,388.8104553222656,0.05148498089500876,21.104461669921875,388.8104553222656,0,1,1,1,-14012.734374259604,2,0.0,0.0,721.4453615455882,388.8104553222656,CLEAN,17579
3,2,1,564.6405181884766,256.1002502441406,188.21350606282553,13640.884031119771,419.6566925048828,144.98382568359375,0.7432280875826233,256.1002502441406,144.98382568359375,0,1,1,1,-13640.882979988259,3,23.44809391658757,16.983124152391856,-3502.595133078491,144.98382568359375,MISSED_PROTON,1076
3,2,1,348.54304695129395,255.70008850097656,116.18101565043132,39420.183895526345,280.5830249786377,67.96002197265625,0.8050168477979907,255.70008850097656,67.96002197265625,0,1,1,1,-27.09830558367092,3,6.004432099707681,4.245774654877482,2834.1376469464135,67.96002197265625,BS_CROSS_DET,12834
2,1,1,549.1253347396851,533.5721435546875,274.56266736984253,49881.11877284905,15.553191184997559,533.5721435546875,0.028323572417890002,15.553191184997559,533.5721435546875,0,1,1,1,-49881.11877284905,2,4.5033,4.5033,1412.8114798481627,533.5721435546875,CLEAN,6759
3,2,1,494.8224391937256,430.7679443359375,164.9408130645752,51906.06513235077,447.54810523986816,47.27433395385742,0.9044620247398496,430.7679443359375,47.27433395385742,1,1,0,1,11173.78307330906,3,41.6,29.41564209736038,-8346.051009204912,430.7679443359375,CLEAN,1580
2,1,1,206.07133102416992,170.72250366210938,103.03566551208496,29.806416062826308,170.72250366210938,35.34882736206055,0.8284631482391186,170.72250366210938,35.34882736206055,0,1,1,1,-29.806416062826308,2,0.0,0.0,24.693517289134117,35.34882736206055,MISSED_PROTON,12482
3,2,1,258.16014671325684,222.54368591308594,86.05338223775227,24179.116471382127,35.6164608001709,222.54368591308594,0.1379626609824124,18.06926918029785,222.54368591308594,0,1,1,1,-51.936804260618736,2,0.0,0.0,1695.8865056965822,222.54368591308594,BS_CROSS_DET,16262
2,1,1,450.6731262207031,255.10174560546875,225.33656311035156,33722.902020328445,195.57138061523438,255.10174560546875,0.43395394408198945,195.57138061523438,255.10174560546875,1,0,1,1,33722.902020328445,2,16.23703134473787,16.23703134473787,19088.715682716425,195.57138061523438,MISSED_PROTON,11983
2,1,1,1078.0972900390625,581.28759765625,539.0486450195312,41595.69197065939,581.28759765625,496.8096923828125,0.5391791659500307,581.28759765625,496.8096923828125,1,0,1,1,41595.69197065939,2,16.23698280846845,16.23698280846845,19168.161466804875,581.28759765625,MISSED_PROTON,8619
2,1,1,1024.6734313964844,598.2025146484375,512.3367156982422,5645.392720626073,598.2025146484375,426.4709167480469,0.583798209575096,598.2025146484375,426.4709167480469,1,0,1,1,5645.392720626073,2,18.01332129904144,18.013321299041436,-3295.7701626497815,598.2025146484375,MISSED_PROTON,11537
4,1,3,892.5415000915527,373.462646484375,223.13537502288818,27694.96457318626,53.77370834350586,838.7677917480469,0.06024785215924414,53.77370834350586,373.462646484375,0,1,1,1,-27694.96457318626,4,47.65881463299838,33.39761622814569,-4178.1320862385,313.1354675292969,CLEAN,11515
2,1,1,364.5898084640503,351.86480712890625,182.29490423202515,25639.434460310244,12.725001335144043,351.86480712890625,0.03490224092865385,12.725001335144043,351.86480712890625,0,1,1,1,-25639.434460310244,2,0.0,0.0,894.873718808178,351.86480712890625,CLEAN,17417
2,1,1,307.69798278808594,159.17674255371094,153.84899139404297,36440.04352292905,159.17674255371094,148.521240234375,0.5173148719123623,159.17674255371094,148.521240234375,0,1,1,1,-36440.04352292905,2,13.50999722427803,13.509997224278028,18850.976447544952,148.521240234375,MISSED_PROTON,19784
3,2,1,2395.5921030044556,1819.550537109375,798.5307010014852,35319.05070871274,1832.8873300552368,562.7047729492188,0.7651082702086482,1819.550537109375,562.7047729492188,0,1,1,1,-13785.652460377061,3,30.469215748376442,21.85649802634346,26903.016585707668,562.7047729492188,CLEAN,1259
3,1,2,1122.103214263916,824.7113647460938,374.0344047546387,40677.75460228998,824.7113647460938,297.39184951782227,0.7349692561812087,824.7113647460938,234.42970275878906,0,1,1,1,-40677.75460228998,3,26.68432535505525,19.22359792829867,29896.89909180897,62.9621467590332,MISSED_PROTON,19325
3,1,2,925.4407348632812,504.6662902832031,308.48024495442706,13089.23495047177,150.58935546875,774.8513793945312,0.16272177114723302,150.58935546875,504.6662902832031,0,0,0,1,-11816.171826198623,3,36.5235676702044,28.796275760590987,-4028.594945519052,270.1850891113281,MISSED_PROTON,10025
2,1,1,177.9634552001953,99.69949340820312,88.98172760009766,38.147144957879775,78.26396179199219,99.69949340820312,0.43977546796869726,78.26396179199219,99.69949340820312,0,1,1,1,-38.147144957879775,2,0.0,0.0,16.77617852552131,99.69949340820312,MISSED_PROTON,8365
2,1,1,309.07810974121094,286.1489562988281,154.53905487060547,9920.226318799812,22.929153442382812,286.1489562988281,0.07418562725642797,22.929153442382812,286.1489562988281,1,0,1,1,9920.226318799812,2,7.800001602563939,7.800001602563937,-735.9382119858894,22.929153442382812,MISSED_PROTON,11840
4,1,3,923.1423034667969,405.7039489746094,230.78557586669922,39655.55193928585,405.7039489746094,517.4383544921875,0.4394814834625348,405.7039489746094,191.775146484375,0,0,0,1,-22326.83578225281,4,37.61023929729775,30.95529437753742,19164.771513910997,137.6226043701172,MISSED_PROTON,13254
2,1,1,519.5320014953613,495.0935363769531,259.76600074768066,32991.37528579606,24.438465118408203,495.0935363769531,0.0470393836146134,24.438465118408203,495.0935363769531,0,1,1,1,-32991.37528579606,2,4.503350000000001,4.503349999999999,1551.8939580422364,495.0935363769531,CLEAN,14003
2,1,1,323.77404975891113,304.7187805175781,161.88702487945557,30190.69816771591,19.055269241333008,304.7187805175781,0.05885360255252685,19.055269241333008,304.7187805175781,0,1,1,1,-30190.69816771591,2,0.0,0.0,1776.8313507460527,304.7187805175781,CLEAN,436
2,1,1,363.0613136291504,352.074462890625,181.5306568145752,45988.35858875857,10.98685073852539,352.074462890625,0.030261694997743352,10.98685073852539,352.074462890625,0,1,1,1,-45988.35858875857,2,0.0,0.0,1391.6856810598626,352.074462890625,CLEAN,6382
3,1,2,609.772575378418,421.6776123046875,203.2575251261393,15614.397898719297,421.6776123046875,188.09496307373047,0.6915325964651643,421.6776123046875,105.07442474365234,0,0,0,1,-15560.891339774824,3,23.829430939281785,19.456640030077136,12886.763921555625,105.07442474365234,MISSED_PROTON,18666
2,1,1,176.4010772705078,144.94113159179688,88.2005386352539,120.91538889404353,31.459945678710938,144.94113159179688,0.17834327411996292,31.459945678710938,144.94113159179688,1,0,1,1,120.91538889404353,2,7.8,7.8,-21.564446346852325,31.459945678710938,CLEAN,15615
2,1,1,489.89334869384766,421.8845520019531,244.94667434692383,4889.9042891547715,68.00879669189453,421.8845520019531,0.13882367840514553,68.00879669189453,421.8845520019531,0,1,1,1,-4889.9042891547715,2,7.800000000000001,7.800000000000001,678.8345004695637,421.8845520019531,MISSED_PROTON,4463
4,2,2,1459.0447692871094,489.667724609375,364.76119232177734,40811.602489922174,879.6801147460938,579.3646545410156,0.6029150943571843,489.667724609375,372.3039855957031,0,0,0,1,-5008.95901079133,4,39.0,32.78475429136232,13605.539733741398,372.3039855957031,MISSED_PROTON,10130
3,1,2,1934.9015064239502,1633.9371337890625,644.9671688079834,25999.744018481426,20.70530891418457,1914.1961975097656,0.010700962733990396,20.70530891418457,1633.9371337890625,0,1,1,1,-25999.744018481426,3,31.20000641025575,22.061736105755593,8687.971183088539,280.2590637207031,CLEAN,7050
