event_id,n_trig,n_trig_UD,n_trig_LD,trig_E_tot,trig_E_max,trig_E_mean,trig_t_span,E_UD,E_LD,frac_E_UD,E_UD_max,E_LD_max,det_first,det_last,det_mismatch,both_dets,dt_firstUD_firstLD,n_unique_pix,pix_spread_max,pix_spread_rms,Ew_mean_t,earliest_E
44284,2,1,1,310.00000953674316,288.3333435058594,155.00000476837158,14920.0,21.66666603088379,288.3333435058594,0.06989246891721698,21.66666603088379,288.3333435058594,0,1,1,1,-14920.0,2,0.0,0.0,1042.7956362448774,288.3333435058594
44246,2,1,1,361.0,338.0,180.5,16944.0,23.0,338.0,0.06371191135734072,23.0,338.0,0,1,1,1,-16944.0,2,0.0,0.0,1079.5346260387812,338.0
155969,3,1,2,641.6666717529297,453.0,213.8888905843099,116064.0,21.0,620.6666717529297,0.0327272724678553,21.0,453.0,0,1,1,1,-116064.0,3,9.006666666666668,7.353898930650477,69459.68983902819,167.6666717529297
86793,2,1,1,258.3333377838135,237.6666717529297,129.16666889190674,14896.0,20.66666603088379,237.6666717529297,0.07999999616069185,20.66666603088379,237.6666717529297,0,1,1,1,-14896.0,2,0.0,0.0,1191.6799428096658,237.6666717529297
288,3,1,2,750.6666717529297,500.0,250.22222391764322,153752.0,21.0,729.6666717529297,0.027975133025370046,21.0,500.0,0,1,1,1,-153752.0,3,12.008897532709284,8.491572879953134,35155.70559608564,500.0
118449,2,1,1,133.33333587646484,109.33333587646484,66.66666793823242,24048.0,24.0,109.33333587646484,0.1799999965667725,24.0,109.33333587646484,0,1,1,1,-24048.0,2,4.503350000000001,4.503349999999999,4328.639917437746,109.33333587646484
100388,2,1,1,549.3333530426025,525.6666870117188,274.66667652130127,21440.0,23.66666603088379,525.6666870117188,0.043082521568735634,23.66666603088379,525.6666870117188,0,1,1,1,-21440.0,2,0.0,0.0,923.689262433692,525.6666870117188
45234,3,1,2,588.6666717529297,439.0,196.22222391764322,41936.0,16.0,572.6666717529297,0.02718006771532564,16.0,439.0,0,1,1,1,-41936.0,3,13.757908432768568,10.399991802026683,16902.061009113826,133.6666717529297
68919,2,1,1,61.99999809265137,42.33333206176758,30.999999046325684,108744.0,19.66666603088379,42.33333206176758,0.3172043005790803,19.66666603088379,42.33333206176758,0,1,1,1,-108744.0,2,9.00665,9.00665,34494.064462171504,42.33333206176758
161982,4,1,3,985.000020980835,521.6666870117188,246.25000524520874,32080.0,19.33333396911621,965.6666870117188,0.01962774980437526,19.33333396911621,521.6666870117188,0,1,1,1,-32080.0,4,5.957380833103167,5.034886355408133,3570.9508756831992,521.6666870117188
145303,2,1,1,673.6666469573975,652.3333129882812,336.83332347869873,16000.0,21.33333396911621,652.3333129882812,0.03166749321117174,21.33333396911621,652.3333129882812,0,1,1,1,-16000.0,2,4.503350000000001,4.50335,506.67989137874775,652.3333129882812
162918,4,1,3,304.6666660308838,159.0,76.16666650772095,195928.0,23.66666603088379,281.0,0.07768052323940394,23.66666603088379,159.0,0,1,1,1,-195928.0,4,17.58607043744068,11.699999820165596,156846.3631569559,33.0
33411,2,1,1,209.6666660308838,186.0,104.8333330154419,22752.0,23.66666603088379,186.0,0.11287758077575241,23.66666603088379,186.0,0,1,1,1,-22752.0,2,4.503300000000001,4.5033,2568.190717809919,186.0
130078,2,1,1,314.00000953674316,291.3333435058594,157.00000476837158,15688.0,22.66666603088379,291.3333435058594,0.0721868323008169,22.66666603088379,291.3333435058594,0,1,1,1,-15688.0,2,4.50334907485529,4.50334907485529,1132.4670251352156,291.3333435058594
124650,2,1,1,319.6666660308838,299.0,159.8333330154419,15488.0,20.66666603088379,299.0,0.06465067592905396,20.66666603088379,299.0,0,1,1,1,-15488.0,2,4.503300000000001,4.5033,1001.3096687891878,299.0
100151,3,1,2,537.6666717529297,367.3333435058594,179.22222391764322,56280.0,22.0,515.6666717529297,0.04091754456022803,22.0,367.3333435058594,0,1,1,1,-56280.0,3,12.008866666666666,8.491551054365091,30281.205696033063,148.3333282470703
117978,2,1,1,467.00000953674316,445.3333435058594,233.50000476837158,28008.0,21.66666603088379,445.3333435058594,0.04639542952552996,21.66666603088379,445.3333435058594,0,1,1,1,-28008.0,2,4.503299999999999,4.503299999999999,1299.4431901510432,445.3333435058594
8562,2,1,1,84.0,64.0,42.0,46864.0,20.0,64.0,0.23809523809523808,20.0,64.0,0,1,1,1,-46864.0,2,7.800001602563938,7.800001602563938,11158.095238095239,64.0
97869,2,1,1,291.6666564941406,272.6666564941406,145.8333282470703,14552.0,19.0,272.6666564941406,0.06514285941485977,19.0,272.6666564941406,0,1,1,1,-14552.0,2,0.0,0.0,947.9588902050394,272.6666564941406
103382,2,1,1,260.6666669845581,247.0,130.33333349227905,12320.0,13.666666984558105,247.0,0.052429668674774284,13.666666984558105,247.0,0,1,1,1,-12320.0,2,0.0,0.0,645.9335180732191,247.0
124798,2,1,1,108.33333349227905,101.0,54.166666746139526,171224.0,7.333333492279053,101.0,0.06769230906018138,7.333333492279053,101.0,0,1,1,1,-171224.0,2,9.006648149561522,9.006648149561522,11590.547926520498,101.0
8984,2,1,1,60.99999809265137,42.33333206176758,30.499999046325684,27456.0,18.66666603088379,42.33333206176758,0.30601092810743136,18.66666603088379,42.33333206176758,0,1,1,1,-27456.0,2,0.0,0.0,8401.836042117637,42.33333206176758
54042,2,1,1,203.0,180.0,101.5,16992.0,23.0,180.0,0.11330049261083744,23.0,180.0,0,1,1,1,-16992.0,2,4.503324074780764,4.503324074780761,1925.2019704433499,180.0
146510,2,1,1,261.0,240.0,130.5,20352.0,21.0,240.0,0.08045977011494253,21.0,240.0,0,1,1,1,-20352.0,2,0.0,0.0,1637.5172413793102,240.0
7923,4,1,3,815.6666584014893,543.0,203.91666460037231,181664.0,19.66666603088379,795.9999923706055,0.024111155983040585,19.66666603088379,543.0,0,1,1,1,-181664.0,4,12.536782268189873,9.283875332801491,26854.874833326703,543.0
87784,2,1,1,68.66666603088379,48.0,34.333333015441895,19368.0,20.66666603088379,48.0,0.30097086731411526,20.66666603088379,48.0,0,1,1,1,-19368.0,2,4.503349074855292,4.503349074855291,5829.2037581397835,48.0
53914,3,1,2,261.6666660308838,120.33333587646484,87.2222220102946,81848.0,23.66666603088379,238.0,0.09044585766262822,23.66666603088379,120.33333587646484,0,1,1,1,-81848.0,3,15.011113582535367,11.233286131354834,37103.3775933123,120.33333587646484
107129,2,1,1,191.33333778381348,167.6666717529297,95.66666889190674,15912.0,23.66666603088379,167.6666717529297,0.12369337359088269,23.66666603088379,167.6666717529297,0,1,1,1,-15912.0,2,0.0,0.0,1968.2089605781252,167.6666717529297
144836,4,1,3,781.3333129882812,572.3333129882812,195.3333282470703,146952.0,9.0,772.3333129882812,0.011518771630994039,9.0,572.3333129882812,0,1,1,1,-146952.0,3,10.400031004280708,10.400020669530742,34293.33795622576,127.66666412353516
130373,3,1,2,391.666654586792,323.6666564941406,130.55555152893066,24136.0,23.66666603088379,367.9999885559082,0.06042553215527654,23.66666603088379,323.6666564941406,0,1,1,1,-24136.0,3,13.757918132277297,10.400005167413244,2313.2527736060006,323.6666564941406
24163,2,1,1,77.33333396911621,51.0,38.666666984558105,105632.0,26.33333396911621,51.0,0.3405172468011359,26.33333396911621,51.0,0,1,1,1,-105632.0,2,4.503350000000001,4.503349999999999,35969.517814097584,51.0
132022,2,1,1,401.66667652130127,393.3333435058594,200.83333826065063,97944.0,8.333333015441895,393.3333435058594,0.020746886666362426,8.333333015441895,393.3333435058594,0,1,1,1,-97944.0,2,4.503324074780762,4.50332407478076,2032.0330676502012,393.3333435058594
73800,2,1,1,438.00000953674316,415.3333435058594,219.00000476837158,25640.0,22.66666603088379,415.3333435058594,0.05175037793916376,22.66666603088379,415.3333435058594,0,1,1,1,-25640.0,2,0.0,0.0,1326.8796903601587,415.3333435058594
58475,2,1,1,73.00000095367432,60.66666793823242,36.50000047683716,33936.0,12.333333015441895,60.66666793823242,0.1689497651276554,12.333333015441895,60.66666793823242,0,1,1,1,-33936.0,2,9.006673149531963,9.006673149531963,5733.479229372113,60.66666793823242
116559,3,2,1,191.99999618530273,123.66666412353516,63.99999872843424,75480.0,68.33333206176758,123.66666412353516,0.3559027782261924,46.33333206176758,123.66666412353516,0,1,1,1,-408.0,3,6.004432099707681,4.245774654877482,8747.208504422675,123.66666412353516
128443,2,1,1,182.33333778381348,156.6666717529297,91.16666889190674,20160.0,25.66666603088379,156.6666717529297,0.14076781757440263,25.66666603088379,156.6666717529297,0,1,1,1,-20160.0,2,4.503324074780761,4.503324074780761,2837.879202299957,156.6666717529297
128732,5,2,3,1185.3333473205566,473.3333435058594,237.06666946411133,56728.0,495.3333435058594,690.0000038146973,0.41788526799280495,473.3333435058594,398.0,0,1,1,1,-456.0,5,10.029366544802318,6.73996732276945,6297.196884716143,398.0
22500,3,1,2,274.3333282470703,219.3333282470703,91.44444274902344,22088.0,20.0,254.3333282470703,0.07290401107220769,20.0,219.3333282470703,0,1,1,1,-22088.0,3,5.200029935918103,5.200010334818789,1629.6962635081306,219.3333282470703
155417,3,1,2,241.33333015441895,164.3333282470703,80.44444338480632,72088.0,19.33333396911621,221.99999618530273,0.08011050092726782,19.33333396911621,164.3333282470703,0,1,1,1,-72088.0,3,10.400002136751917,10.399991802026683,34821.14892085414,57.66666793823242
132105,3,1,2,576.6666774749756,452.3333435058594,192.22222582499185,198616.0,21.33333396911621,555.3333435058594,0.03699422006232009,21.33333396911621,452.3333435058594,0,1,1,1,-198616.0,3,15.011133333333333,11.233292893695754,144585.05493065063,103.0
29685,2,1,1,50.66666793823242,33.66666793823242,25.33333396911621,22592.0,17.0,33.66666793823242,0.3355263073688731,17.0,33.66666793823242,0,1,1,1,-22592.0,2,4.50335,4.50335,7580.210336077581,33.66666793823242
103858,3,1,2,221.0,167.0,73.66666666666667,30840.0,15.0,206.0,0.06787330316742081,15.0,167.0,0,1,1,1,-30840.0,3,6.004432099707681,4.245774654877482,2101.683257918552,167.0
83668,2,1,1,89.66666889190674,77.33333587646484,44.83333444595337,32520.0,12.333333015441895,77.33333587646484,0.13754646144276578,12.333333015441895,77.33333587646484,0,1,1,1,-32520.0,2,4.503324074780761,4.503324074780761,4473.010926118743,77.33333587646484
83152,3,2,1,377.6666622161865,190.0,125.88888740539551,32712.0,210.3333339691162,167.3333282470703,0.5569285166311974,190.0,167.3333282470703,0,1,1,1,-608.0,2,4.503324074780762,4.503324074780761,2067.07157104287,167.3333282470703
62982,2,1,1,395.3333435058594,385.3333435058594,197.6666717529297,127840.0,10.0,385.3333435058594,0.025295108961260148,10.0,385.3333435058594,0,1,1,1,-127840.0,2,9.006673149531963,9.006673149531963,3233.7267296074974,385.3333435058594
152727,2,1,1,232.33333778381348,213.6666717529297,116.16666889190674,186784.0,18.66666603088379,213.6666717529297,0.08034432857953924,18.66666603088379,213.6666717529297,0,1,1,1,-186784.0,2,4.503324074780764,4.503324074780762,15007.035069400657,213.6666717529297
73279,2,1,1,104.66666650772095,97.0,52.333333253860474,157840.0,7.666666507720947,97.0,0.0732484062359567,7.666666507720947,97.0,0,1,1,1,-157840.0,2,4.50335,4.50335,11561.528440283406,97.0
11175,2,1,1,103.0,74.0,51.5,179128.0,29.0,74.0,0.2815533980582524,29.0,74.0,0,1,1,1,-179128.0,2,4.503324074780764,4.503324074780761,50434.09708737864,74.0
95706,2,1,1,505.99999046325684,485.6666564941406,252.99999523162842,14352.0,20.33333396911621,485.6666564941406,0.04018445524178862,20.33333396911621,485.6666564941406,0,1,1,1,-14352.0,2,4.503324074780764,4.503324074780762,576.7273016301502,485.6666564941406
144053,3,2,1,421.9999942779541,268.0,140.66666475931802,17856.0,153.9999942779541,268.0,0.36492890134145506,131.3333282470703,268.0,0,1,1,1,-496.0,3,7.943143646427262,6.713174905280577,1113.453378742273,268.0
50817,3,2,1,501.6666507720947,272.6666564941406,167.22221692403158,19040.0,228.9999942779541,272.6666564941406,0.45647840837239134,207.3333282470703,272.6666564941406,0,1,1,1,-464.0,2,0.0,0.0,1014.0916976476175,272.6666564941406
75,4,1,3,721.0000133514404,385.3333435058594,180.2500033378601,129704.0,19.33333396911621,701.6666793823242,0.02681460972413668,19.33333396911621,385.3333435058594,0,1,1,1,-129704.0,3,6.004432099707681,4.245774654877481,96384.56212089016,114.33333587646484
144294,3,1,2,242.66666984558105,170.6666717529297,80.88888994852702,15160.0,20.66666603088379,222.00000381469727,0.08516483142919813,20.66666603088379,170.6666717529297,0,1,1,1,-15160.0,3,5.2000299359181055,5.20001033481879,1347.3625816701194,51.33333206176758
24835,2,1,1,171.9999942779541,152.3333282470703,85.99999713897705,27872.0,19.66666603088379,152.3333282470703,0.11434108537877168,19.66666603088379,152.3333282470703,0,1,1,1,-27872.0,2,4.503324074780761,4.503324074780761,3186.914731677124,152.3333282470703
18568,3,1,2,918.0,473.0,306.0,182864.0,18.0,900.0,0.0196078431372549,18.0,473.0,0,1,1,1,-182864.0,3,12.008866666666666,8.491551054365091,88585.42047930283,427.0
59923,2,1,1,74.0,51.0,37.0,21656.0,23.0,51.0,0.3108108108108108,23.0,51.0,0,1,1,1,-21656.0,2,4.50335,4.50335,6730.918918918919,51.0
159484,3,1,2,441.333345413208,360.3333435058594,147.111115137736,143008.0,25.33333396911621,416.0000114440918,0.057401812558254176,25.33333396911621,360.3333435058594,0,1,1,1,-143008.0,3,12.008933333333333,8.49159819481717,90423.70397948877,55.66666793823242
137643,2,1,1,373.3333339691162,353.0,186.6666669845581,36456.0,20.33333396911621,353.0,0.054464287324523436,20.33333396911621,353.0,0,1,1,1,-36456.0,2,4.503324074780764,4.503324074780761,1985.5500587028264,353.0
157672,2,1,1,131.6666660308838,110.0,65.8333330154419,21896.0,21.66666603088379,110.0,0.16455695799118697,21.66666603088379,110.0,0,1,1,1,-21896.0,2,4.503324074780762,4.503324074780761,3603.13915217503,110.0
26081,2,1,1,433.0,409.0,216.5,15360.0,24.0,409.0,0.05542725173210162,24.0,409.0,0,1,1,1,-15360.0,2,4.503300000000001,4.5033,851.3625866050809,409.0
32760,4,1,3,712.3333187103271,414.6666564941406,178.0833296775818,183584.0,16.33333396911621,695.9999847412109,0.022929341559773674,16.33333396911621,414.6666564941406,0,1,1,1,-183584.0,4,16.99970661511545,13.321031508295444,70216.38574335928,189.3333282470703
151189,2,1,1,429.6666774749756,410.3333435058594,214.8333387374878,14992.0,19.33333396911621,410.3333435058594,0.04499612137187951,19.33333396911621,410.3333435058594,0,1,1,1,-14992.0,2,4.503300000000001,4.5033,674.5818516072177,410.3333435058594
87197,3,1,2,152.33333015441895,89.66666412353516,50.77777671813965,15928.0,23.33333396911621,128.99999618530273,0.15317287389085119,23.33333396911621,89.66666412353516,0,1,1,1,-15928.0,3,6.004432099707681,4.245774654877482,2595.1335954380993,39.33333206176758
58776,2,1,1,200.9999942779541,180.3333282470703,100.49999713897705,16736.0,20.66666603088379,180.3333282470703,0.1028192369115432,20.66666603088379,180.3333282470703,0,1,1,1,-16736.0,2,4.5033,4.5033,1720.7827489515869,180.3333282470703
25946,2,1,1,303.99999046325684,283.6666564941406,151.99999523162842,16224.0,20.33333396911621,283.6666564941406,0.0668859691019425,20.33333396911621,283.6666564941406,0,1,1,1,-16224.0,2,4.503350000000001,4.50335,1085.1579627099152,283.6666564941406
23120,2,1,1,403.3333435058594,382.3333435058594,201.6666717529297,18816.0,21.0,382.3333435058594,0.052066114389312634,21.0,382.3333435058594,0,1,1,1,-18816.0,2,4.503350000000001,4.50335,979.6760083493065,382.3333435058594
150097,2,1,1,183.6666669845581,170.0,91.83333349227905,29400.0,13.666666984558105,170.0,0.07441016494139974,13.666666984558105,170.0,0,1,1,1,-29400.0,2,7.800001602563937,7.800001602563937,2187.658849277152,170.0
131369,2,1,1,356.0,330.0,178.0,17792.0,26.0,330.0,0.07303370786516854,26.0,330.0,0,1,1,1,-17792.0,2,4.50335,4.50335,1299.4157303370787,330.0
75998,2,1,1,636.6666660308838,616.0,318.3333330154419,155272.0,20.66666603088379,616.0,0.032460732018097016,20.66666603088379,616.0,0,1,1,1,-155272.0,2,0.0,0.0,5040.24278191396,616.0
13928,3,2,1,191.33333778381348,138.6666717529297,63.77777926127116,27336.0,52.66666603088379,138.6666717529297,0.2752613143162305,31.66666603088379,138.6666717529297,0,1,1,1,-512.0,2,4.503324074780761,4.503324074780761,3085.031285424784,138.6666717529297
149962,6,1,5,2383.9999980926514,2189.0,397.3333330154419,52832.0,22.66666603088379,2361.3333320617676,0.009507829718548043,22.66666603088379,2189.0,0,1,1,1,-52832.0,6,18.01332963237071,11.62755212769318,24121.086134821846,50.66666793823242
28968,3,1,2,745.0000019073486,623.0,248.3333339691162,21968.0,22.66666603088379,722.3333358764648,0.030425054997117586,22.66666603088379,623.0,0,1,1,1,-21968.0,3,10.399999999999999,7.353910524340093,1156.9109527666976,623.0
19751,3,1,2,118.33333206176758,68.0,39.444444020589195,54152.0,12.0,106.33333206176758,0.10140845179392266,12.0,68.0,0,1,1,1,-54152.0,3,15.0111,11.233283984955898,11297.712797457336,38.33333206176758
56733,2,1,1,183.33333778381348,163.6666717529297,91.66666889190674,26320.0,19.66666603088379,163.6666717529297,0.10727272120073822,19.66666603088379,163.6666717529297,0,1,1,1,-26320.0,2,4.503350000000001,4.503349999999999,2823.41802200343,163.6666717529297
20753,2,1,1,393.6666774749756,373.3333435058594,196.8333387374878,16592.0,20.33333396911621,373.3333435058594,0.05165114329598992,20.33333396911621,373.3333435058594,0,1,1,1,-16592.0,2,4.503324074780761,4.503324074780761,856.9957695670647,373.3333435058594
56986,3,1,2,413.99999809265137,325.0,137.99999936421713,95008.0,22.33333396911621,391.66666412353516,0.05394525138166331,22.33333396911621,325.0,0,1,1,1,-95008.0,3,13.086392902935476,9.957256001864502,63857.59786361472,66.66666412353516
68410,3,1,2,475.00001335144043,371.3333435058594,158.33333778381348,122144.0,20.33333396911621,454.6666793823242,0.04280701767911761,20.33333396911621,371.3333435058594,0,1,1,1,-122144.0,3,7.9431291825073576,6.713166348303906,83654.2203114257,83.33333587646484
129995,2,1,1,324.3333435058594,303.3333435058594,162.1666717529297,33016.0,21.0,303.3333435058594,0.06474819940805937,21.0,303.3333435058594,0,1,1,1,-33016.0,2,0.0,0.0,2137.726551656488,303.3333435058594
84396,2,1,1,201.6666660308838,183.0,100.8333330154419,14896.0,18.66666603088379,183.0,0.09256198061024683,18.66666603088379,183.0,0,1,1,1,-14896.0,2,4.503324074780762,4.503324074780761,1378.8032631702367,183.0
61907,2,1,1,64.99999904632568,54.33333206176758,32.49999952316284,127696.0,10.666666984558105,54.33333206176758,0.1641025714009002,10.666666984558105,54.33333206176758,0,1,1,1,-127696.0,2,7.800001602563938,7.800001602563937,20955.241957609353,54.33333206176758
83374,2,1,1,290.6666564941406,269.6666564941406,145.3333282470703,35032.0,21.0,269.6666564941406,0.0722477089504875,21.0,269.6666564941406,0,1,1,1,-35032.0,2,4.503350000000001,4.503349999999999,2530.981739953478,269.6666564941406
71178,2,1,1,57.66666793823242,39.66666793823242,28.83333396911621,24144.0,18.0,39.66666793823242,0.31213872144095534,18.0,39.66666793823242,0,1,1,1,-24144.0,2,4.503299999999999,4.503299999999999,7536.277290470425,39.66666793823242
77319,2,1,1,352.0,342.0,176.0,188168.0,10.0,342.0,0.028409090909090908,10.0,342.0,0,1,1,1,-188168.0,2,4.503324074780764,4.503324074780762,5345.681818181818,342.0
44608,3,2,1,419.9999942779541,251.3333282470703,139.99999809265137,17016.0,168.6666660308838,251.3333282470703,0.40158730554472566,147.0,251.3333282470703,0,1,1,1,-472.0,3,6.004466666666667,4.245799097408585,1043.0095122611115,251.3333282470703
163548,2,1,1,343.3333339691162,321.0,171.6666669845581,21192.0,22.33333396911621,321.0,0.06504854542065862,22.33333396911621,321.0,0,1,1,1,-21192.0,2,4.503350000000001,4.50335,1378.5087745545975,321.0
51917,3,1,2,132.99999856948853,69.0,44.33333285649618,13704.0,7.666666507720947,125.33333206176758,0.05764410970061284,7.666666507720947,69.0,0,1,1,1,-13704.0,3,10.824666507000469,8.491572879953134,802.4060072906682,56.33333206176758
122485,3,1,2,644.3333435058594,397.3333435058594,214.77778116861978,28328.0,24.0,620.3333435058594,0.03724780075700328,24.0,397.3333435058594,0,1,1,1,-28328.0,3,10.824655205645634,8.49155651076736,8371.186811480704,223.0
414,4,1,3,431.00000381469727,214.0,107.75000095367432,197792.0,8.0,423.00000381469727,0.01856148475450941,8.0,214.0,0,1,1,1,-197792.0,4,12.536757572459674,9.283860174349622,72437.14707726262,157.6666717529297
139974,2,1,1,273.0,250.0,136.5,28536.0,23.0,250.0,0.08424908424908426,23.0,250.0,0,1,1,1,-28536.0,2,4.503324074780762,4.503324074780761,2404.131868131868,250.0
11585,5,3,2,599.3333339691162,237.0,119.86666679382324,145760.0,321.99999809265137,277.33333587646484,0.5372636224990017,237.0,154.0,0,1,1,1,-59840.0,4,13.510000000000002,10.069752005138955,86658.31828621861,154.0
148027,2,1,1,249.33333778381348,229.6666717529297,124.66666889190674,70704.0,19.66666603088379,229.6666717529297,0.0788770013897457,19.66666603088379,229.6666717529297,0,1,1,1,-70704.0,2,4.503350000000001,4.50335,5576.9195062605795,229.6666717529297
5715,2,1,1,102.0,89.0,51.0,144984.0,13.0,89.0,0.12745098039215685,13.0,89.0,0,1,1,1,-144984.0,2,9.006699999999999,9.006699999999999,18478.352941176472,89.0
25614,2,1,1,144.6666717529297,132.6666717529297,72.33333587646484,104640.0,12.0,132.6666717529297,0.08294930583938719,12.0,132.6666717529297,0,1,1,1,-104640.0,2,7.800001602563938,7.800001602563938,8679.815363033475,132.6666717529297
46707,2,1,1,308.6666660308838,288.0,154.3333330154419,17312.0,20.66666603088379,288.0,0.06695464170664926,20.66666603088379,288.0,0,1,1,1,-17312.0,2,4.503324074780764,4.503324074780761,1159.118757225512,288.0
38793,3,1,2,210.6666717529297,116.33333587646484,70.22222391764323,29112.0,18.0,192.6666717529297,0.08544303591177649,18.0,116.33333587646484,0,1,1,1,-29112.0,3,7.9431291825073576,6.713166348303906,8426.924045057562,116.33333587646484
52648,2,1,1,438.3333225250244,419.6666564941406,219.1666612625122,17392.0,18.66666603088379,419.6666564941406,0.04258555093040665,18.66666603088379,419.6666564941406,0,1,1,1,-17392.0,2,4.503300000000001,4.5033,740.6479017816323,419.6666564941406
39302,2,1,1,394.0,373.0,197.0,32944.0,21.0,373.0,0.0532994923857868,21.0,373.0,0,1,1,1,-32944.0,2,4.503324074780764,4.503324074780761,1755.8984771573605,373.0
113421,4,3,1,444.99999141693115,317.6666564941406,111.24999785423279,122248.0,127.33333492279053,317.6666564941406,0.2861423311882469,58.66666793823242,317.6666564941406,1,1,0,1,88.0,4,19.238254721322825,12.536753416355449,2997.327484045023,58.0
83600,3,1,2,817.000020980835,499.3333435058594,272.333340326945,45976.0,21.33333396911621,795.6666870117188,0.026111791213303585,21.33333396911621,499.3333435058594,0,1,1,1,-45976.0,3,7.9431291825073576,6.713166348303906,13472.992187866728,296.3333435058594
84184,3,2,1,168.0,115.0,56.0,21392.0,53.0,115.0,0.31547619047619047,31.33333396911621,115.0,0,1,1,1,-520.0,2,4.50335,4.50335,2855.872936884562,115.0
53663,2,1,1,435.6666660308838,416.0,217.8333330154419,14824.0,19.66666603088379,416.0,0.045141544130644244,19.66666603088379,416.0,0,1,1,1,-14824.0,2,4.503324074780764,4.503324074780762,669.1782501926702,416.0
117636,2,1,1,63.66666603088379,36.0,31.833333015441895,107920.0,27.66666603088379,36.0,0.4345549681753884,27.66666603088379,36.0,0,1,1,1,-107920.0,2,4.503349074855292,4.503349074855291,46897.17216548792,36.0
137897,2,1,1,375.00000953674316,350.3333435058594,187.50000476837158,19944.0,24.66666603088379,350.3333435058594,0.06577777440954147,24.66666603088379,350.3333435058594,0,1,1,1,-19944.0,2,4.503299999999999,4.503299999999999,1311.871932823895,350.3333435058594
90497,3,1,2,222.66666984558105,164.6666717529297,74.22222328186035,19600.0,20.66666603088379,202.00000381469727,0.09281436707710268,20.66666603088379,164.6666717529297,0,1,1,1,-19600.0,3,7.943143646427262,6.713174905280577,1860.5747690518492,37.33333206176758
162246,5,1,4,1739.333303451538,1159.6666259765625,347.86666069030764,162000.0,21.33333396911621,1717.9999694824219,0.012265236298748653,21.33333396911621,1159.6666259765625,0,1,1,1,-162000.0,5,12.60933375914842,8.254752980822623,141354.4115599041,65.0
21175,2,1,1,120.99999809265137,99.66666412353516,60.499999046325684,127872.0,21.33333396911621,99.66666412353516,0.17630854797849652,21.33333396911621,99.66666412353516,0,1,1,1,-127872.0,2,7.800001602563938,7.800001602563937,22544.926647106306,99.66666412353516
112027,2,1,1,72.00000190734863,49.66666793823242,36.000000953674316,20968.0,22.33333396911621,49.66666793823242,0.31018518579840165,22.33333396911621,49.66666793823242,0,1,1,1,-20968.0,2,0.0,0.0,6503.962975820887,49.66666793823242
138604,2,1,1,389.3333435058594,368.3333435058594,194.6666717529297,24504.0,21.0,368.3333435058594,0.053938354755078806,21.0,368.3333435058594,0,1,1,1,-24504.0,2,4.5033,4.5033,1321.7054449184511,368.3333435058594
38857,3,1,2,518.3333225250244,457.6666564941406,172.77777417500815,175616.0,22.66666603088379,495.6666564941406,0.04372990322224455,22.66666603088379,457.6666564941406,0,1,1,1,-175616.0,3,13.086392902935476,9.957256001864502,147088.17467267072,38.0
29431,3,1,2,152.33333587646484,95.33333587646484,50.77777862548828,160032.0,20.0,132.33333587646484,0.13129102625454916,20.0,95.33333587646484,0,1,1,1,-160032.0,3,15.011096915874528,11.233281677032565,109922.34626976453,37.0
70998,4,1,3,583.3333377838135,335.0,145.83333444595337,57056.0,23.33333396911621,560.0000038146973,0.04000000078473772,23.33333396911621,335.0,0,1,1,1,-57056.0,4,9.814794677201608,6.75499938318835,4910.285662035261,335.0
9632,3,2,1,289.99999618530273,203.3333282470703,96.6666653951009,117536.0,229.3333282470703,60.66666793823242,0.7908045905646566,203.3333282470703,60.66666793823242,0,1,1,1,-448.0,3,10.824649214537061,8.4915615310469,10851.825422245229,60.66666793823242
65080,3,1,2,297.9999942779541,182.3333282470703,99.3333314259847,180464.0,20.66666603088379,277.3333282470703,0.06935122962320373,20.66666603088379,182.3333282470703,0,1,1,1,-180464.0,3,9.006681482901705,7.353917832164173,110960.7148830884,95.0
102494,2,1,1,115.99999809265137,88.66666412353516,57.999999046325684,116968.0,27.33333396911621,88.66666412353516,0.23563219326335305,27.33333396911621,88.66666412353516,0,1,1,1,-116968.0,2,4.503300000000003,4.503299999999999,27561.42638162788,88.66666412353516
28534,2,1,1,89.99999713897705,77.66666412353516,44.999998569488525,140376.0,12.333333015441895,77.66666412353516,0.13703703786120006,12.333333015441895,77.66666412353516,0,1,1,1,-140376.0,2,9.0067,9.0067,19236.711226803818,77.66666412353516
97380,2,1,1,445.6666660308838,424.0,222.8333330154419,22384.0,21.66666603088379,424.0,0.04861630380357487,21.66666603088379,424.0,0,1,1,1,-22384.0,2,4.50334907485529,4.50334907485529,1088.22734433922,424.0
133515,2,1,1,720.3333530426025,698.6666870117188,360.16667652130127,14736.0,21.66666603088379,698.6666870117188,0.03007866557804989,21.66666603088379,698.6666870117188,0,1,1,1,-14736.0,2,4.503350000000001,4.503349999999999,443.2392159581432,698.6666870117188
28226,3,2,1,252.66665840148926,144.3333282470703,84.22221946716309,34112.0,108.33333015441895,144.3333282470703,0.4287598959031486,88.66666412353516,144.3333282470703,0,1,1,1,-416.0,3,6.004466666666666,4.245799097408584,2801.1398432961064,144.3333282470703
41757,4,1,3,685.3333492279053,436.3333435058594,171.33333730697632,63704.0,22.33333396911621,663.0000152587891,0.03258754881004534,22.33333396911621,436.3333435058594,0,1,1,1,-63704.0,4,12.536757572459674,9.283860174349622,33966.0816850699,185.6666717529297
60700,3,1,2,261.33333110809326,170.0,87.11111036936443,77168.0,15.666666984558105,245.66666412353516,0.05994898131872059,15.666666984558105,170.0,0,1,1,1,-77168.0,3,5.2,5.199981467274667,15756.09169069193,170.0
15670,2,1,1,236.9999942779541,216.3333282470703,118.49999713897705,34592.0,20.66666603088379,216.3333282470703,0.08720112459853428,20.66666603088379,216.3333282470703,0,1,1,1,-34592.0,2,4.503300000000001,4.5033,3016.4613021124983,216.3333282470703
114554,2,1,1,320.6666564941406,297.6666564941406,160.3333282470703,32616.0,23.0,297.6666564941406,0.071725574000926,23.0,297.6666564941406,0,1,1,1,-32616.0,2,4.503324074780764,4.503324074780762,2339.401321614202,297.6666564941406
141343,2,1,1,93.66666889190674,81.33333587646484,46.83333444595337,23680.0,12.333333015441895,81.33333587646484,0.13167259134276266,12.333333015441895,81.33333587646484,0,1,1,1,-23680.0,2,9.00665,9.00665,3118.0069629966197,81.33333587646484
36931,3,1,2,313.66666984558105,206.0,104.55555661519368,17920.0,22.33333396911621,291.33333587646484,0.07120085146474431,22.33333396911621,206.0,0,1,1,1,-17920.0,3,6.004466666666667,4.245799097408585,1375.7449745585134,85.33333587646484
18891,2,1,1,523.3333435058594,504.3333435058594,261.6666717529297,18888.0,19.0,504.3333435058594,0.03630573177836751,19.0,504.3333435058594,0,1,1,1,-18888.0,2,4.50334907485529,4.50334907485529,685.7426618298056,504.3333435058594
64307,2,1,1,374.00000953674316,352.3333435058594,187.00000476837158,15504.0,21.66666603088379,352.3333435058594,0.05793226063742968,21.66666603088379,352.3333435058594,0,1,1,1,-15504.0,2,4.50334907485529,4.50334907485529,898.1817689227097,352.3333435058594
148414,2,1,1,347.3333339691162,326.0,173.6666669845581,26104.0,21.33333396911621,326.0,0.06142034720748428,21.33333396911621,326.0,0,1,1,1,-26104.0,2,0.0,0.0,1603.3167435041696,326.0
95096,2,1,1,274.0000057220459,254.6666717529297,137.00000286102295,17840.0,19.33333396911621,254.6666717529297,0.07055961155244844,19.33333396911621,254.6666717529297,0,1,1,1,-17840.0,2,4.50334907485529,4.50334907485529,1258.7834700956803,254.6666717529297
32690,2,1,1,191.6666717529297,171.6666717529297,95.83333587646484,15888.0,20.0,171.6666717529297,0.10434782331787579,20.0,171.6666717529297,0,1,1,1,-15888.0,2,4.503300000000001,4.5033,1657.8782168744103,171.6666717529297
6807,3,1,2,184.66666889190674,91.33333587646484,61.555556297302246,125856.0,8.333333015441895,176.33333587646484,0.04512635152540575,8.333333015441895,91.33333587646484,0,1,1,1,-125856.0,3,9.006666666666668,7.353898930650476,25003.841175363574,85.0
121718,2,1,1,428.6666774749756,402.3333435058594,214.3333387374878,15048.0,26.33333396911621,402.3333435058594,0.06143079309133722,26.33333396911621,402.3333435058594,0,1,1,1,-15048.0,2,4.503350000000005,4.503350000000001,924.4105744384425,402.3333435058594
4742,2,1,1,104.66666412353516,86.66666412353516,52.33333206176758,45792.0,18.0,86.66666412353516,0.17197452647153347,18.0,86.66666412353516,0,1,1,1,-45792.0,2,9.006673149531961,9.006673149531961,7875.057516184461,86.66666412353516
119748,2,1,1,229.66666221618652,213.3333282470703,114.83333110809326,34464.0,16.33333396911621,213.3333282470703,0.07111756583000084,16.33333396911621,213.3333282470703,0,1,1,1,-34464.0,2,7.800001602563938,7.800001602563937,2450.995788765149,213.3333282470703
17412,2,1,1,57.333333015441895,49.0,28.666666507720947,161664.0,8.333333015441895,49.0,0.14534883247058797,8.333333015441895,49.0,0,1,1,1,-161664.0,2,9.00665,9.006649999999999,23497.673652525136,49.0
63766,3,1,2,806.0,487.3333435058594,268.6666666666667,179376.0,18.0,788.0,0.022332506203473945,18.0,487.3333435058594,0,1,1,1,-179376.0,3,9.006666666666666,7.353898930650476,52879.54177076468,487.3333435058594
131698,2,1,1,76.33333396911621,52.0,38.166666984558105,25904.0,24.33333396911621,52.0,0.3187772982503458,24.33333396911621,52.0,0,1,1,1,-25904.0,2,4.503350000000001,4.50335,8257.607133876958,52.0
58678,2,1,1,241.66666221618652,219.3333282470703,120.83333110809326,31912.0,22.33333396911621,219.3333282470703,0.09241379743614613,22.33333396911621,219.3333282470703,0,1,1,1,-31912.0,2,9.0067,9.0067,2949.1091037822953,219.3333282470703
133816,2,1,1,395.33332347869873,379.6666564941406,197.66666173934937,14648.0,15.666666984558105,379.6666564941406,0.039629006850980156,15.666666984558105,379.6666564941406,0,1,1,1,-14648.0,2,4.503350000000001,4.503349999999999,580.4856923531573,379.6666564941406
46730,2,1,1,613.3333129882812,589.3333129882812,306.6666564941406,20672.0,24.0,589.3333129882812,0.03913043608061537,24.0,589.3333129882812,0,1,1,1,-20672.0,2,4.503300000000001,4.5033,808.904374658481,589.3333129882812
116560,3,1,2,467.6666774749756,396.3333435058594,155.88889249165854,15504.0,21.33333396911621,446.3333435058594,0.045616536299526576,21.33333396911621,396.3333435058594,0,1,1,1,-15504.0,3,6.004466666666669,4.245799097408585,856.3934477363736,50.0
115938,2,1,1,196.9999942779541,175.3333282470703,98.49999713897705,20800.0,21.66666603088379,175.3333282470703,0.10998307949346202,21.66666603088379,175.3333282470703,0,1,1,1,-20800.0,2,4.50335,4.50335,2287.64805346401,175.3333282470703
82613,2,1,1,271.3333377838135,246.6666717529297,135.66666889190674,17672.0,24.66666603088379,246.6666717529297,0.0909090870747962,24.66666603088379,246.6666717529297,0,1,1,1,-17672.0,2,4.503350000000001,4.503349999999999,1606.5453867857984,246.6666717529297
92100,3,2,1,212.6666603088379,131.3333282470703,70.88888676961263,15408.0,81.33333206176758,131.3333282470703,0.3824451465201646,60.33333206176758,131.3333282470703,0,1,1,1,-456.0,2,4.503300000000001,4.5033,1650.8464416111208,131.3333282470703
59231,2,1,1,405.00000953674316,382.3333435058594,202.50000476837158,18640.0,22.66666603088379,382.3333435058594,0.055967075301580654,22.66666603088379,382.3333435058594,0,1,1,1,-18640.0,2,4.503324074780764,4.503324074780762,1043.2262836214634,382.3333435058594
134467,2,1,1,320.3333230018616,312.6666564941406,160.1666615009308,23112.0,7.666666507720947,312.6666564941406,0.02393340298123275,7.666666507720947,312.6666564941406,0,1,1,1,-23112.0,2,7.8,7.799999999999999,553.1488097022514,312.6666564941406
16718,3,2,1,181.6666660308838,81.66666412353516,60.55555534362793,15656.0,100.00000190734863,81.66666412353516,0.5504587280219497,79.33333587646484,81.66666412353516,0,1,1,1,-192.0,2,0.0,0.0,1864.8953672667874,81.66666412353516
25470,2,1,1,71.99999809265137,48.33333206176758,35.999999046325684,74824.0,23.66666603088379,48.33333206176758,0.3287037035810604,23.66666603088379,48.33333206176758,0,1,1,1,-74824.0,2,9.00665,9.00665,24594.925916749264,48.33333206176758
71748,4,1,3,423.33333110809326,295.0,105.83333277702332,105784.0,15.666666984558105,407.66666412353516,0.03700787496120357,15.666666984558105,295.0,0,1,1,1,-105784.0,3,6.004465433140386,4.245798225173789,7625.455142015311,295.0
40026,3,2,1,252.0000057220459,177.6666717529297,84.00000190734863,57680.0,74.33333396911621,177.6666717529297,0.29497354079866694,51.66666793823242,177.6666717529297,1,1,0,1,38952.0,3,10.824655205645636,8.491556510767362,32650.338523629995,51.66666793823242
12819,6,4,2,1204.6666660308838,874.0,200.77777767181396,37872.0,235.6666660308838,969.0,0.1956281124697793,130.0,874.0,0,1,1,1,-104.0,5,9.531763977124065,7.427092002823178,2037.3702079830846,874.0
26278,2,1,1,427.3333225250244,404.6666564941406,213.6666612625122,22720.0,22.66666603088379,404.6666564941406,0.0530421215386414,22.66666603088379,404.6666564941406,0,1,1,1,-22720.0,2,4.50335,4.50335,1205.1170013579326,404.6666564941406
82188,2,1,1,205.6666717529297,185.6666717529297,102.83333587646484,14448.0,20.0,185.6666717529297,0.09724473017206349,20.0,185.6666717529297,0,1,1,1,-14448.0,2,4.50334907485529,4.50334907485529,1404.9918615259733,185.6666717529297
85447,3,1,2,677.6666774749756,456.3333435058594,225.88889249165854,174696.0,27.33333396911621,650.3333435058594,0.04033448135735663,27.33333396911621,456.3333435058594,0,1,1,1,-174696.0,3,10.400002136751917,10.399991802026683,27415.413401014957,456.3333435058594
63435,2,1,1,702.3333129882812,679.3333129882812,351.1666564941406,188376.0,23.0,679.3333129882812,0.03274798386273294,23.0,679.3333129882812,0,1,1,1,-188376.0,2,7.800001602563938,7.800001602563937,6168.934208126181,679.3333129882812
97329,3,1,2,238.99999809265137,166.0,79.66666603088379,143536.0,20.66666603088379,218.33333206176758,0.08647140667704982,20.66666603088379,166.0,0,1,1,1,-143536.0,3,9.006681482901701,7.353917832164173,99237.40068907638,52.33333206176758
117101,4,2,2,504.3333435058594,377.3333435058594,126.08333587646484,149064.0,68.66666793823242,435.66667556762695,0.1361533375146247,48.66666793823242,377.3333435058594,1,1,0,1,137008.0,4,18.430688821382258,12.934844579347486,124295.1591979787,48.66666793823242
133531,2,1,1,197.3333339691162,171.0,98.6666669845581,15880.0,26.33333396911621,171.0,0.13344594873787277,26.33333396911621,171.0,0,1,1,1,-15880.0,2,4.503324074780764,4.503324074780762,2119.1216659574197,171.0
128805,3,1,2,164.0,95.0,54.666666666666664,33016.0,22.0,142.0,0.13414634146341464,22.0,95.0,0,1,1,1,-33016.0,3,10.824657262010655,8.491549309754964,8601.658536585366,95.0
15160,3,1,2,291.3333282470703,237.3333282470703,97.11110941569011,79656.0,22.0,269.3333282470703,0.07551487546025808,22.0,237.3333282470703,0,1,1,1,-79656.0,3,12.008897532709284,8.491572879953134,54470.315702011765,32.0
66956,3,1,2,518.6666660308838,250.3333282470703,172.88888867696127,17184.0,20.66666603088379,498.0,0.03984575717779635,20.66666603088379,250.3333282470703,0,1,1,1,-17184.0,3,5.2000299359181055,5.200010334818789,715.5989509077476,247.6666717529297
160891,2,1,1,494.3333225250244,475.6666564941406,247.1666612625122,15848.0,18.66666603088379,475.6666564941406,0.037761294212446776,18.66666603088379,475.6666564941406,0,1,1,1,-15848.0,2,4.503324074780764,4.503324074780762,598.4409906788565,475.6666564941406
35190,6,1,5,1251.666669845581,957.0,208.61111164093018,133528.0,18.33333396911621,1233.3333358764648,0.014647137621215084,18.33333396911621,957.0,0,1,1,1,-133528.0,6,16.916652245938028,10.29109497348719,108540.62558010669,43.33333206176758
48129,2,1,1,96.99999809265137,76.66666412353516,48.499999046325684,19856.0,20.33333396911621,76.66666412353516,0.20962200380348922,20.33333396911621,76.66666412353516,0,1,1,1,-19856.0,2,4.50334907485529,4.50334907485529,4162.254507522081,76.66666412353516
148496,2,1,1,455.3333225250244,432.6666564941406,227.6666612625122,21264.0,22.66666603088379,432.6666564941406,0.04978038045884082,22.66666603088379,432.6666564941406,0,1,1,1,-21264.0,2,0.0,0.0,1058.530010076791,432.6666564941406
21815,2,1,1,426.3333339691162,406.0,213.1666669845581,18808.0,20.33333396911621,406.0,0.047693511975277936,20.33333396911621,406.0,0,1,1,1,-18808.0,2,4.503350000000001,4.503349999999999,897.0195732310274,406.0
64609,3,2,1,485.66667556762695,401.3333435058594,161.88889185587564,31048.0,422.3333435058594,63.33333206176758,0.8695950633472098,401.3333435058594,63.33333206176758,0,1,1,1,-336.0,2,4.50334907485529,4.50334907485529,1620.1564632745788,63.33333206176758
11240,2,1,1,61.0,39.0,30.5,164176.0,22.0,39.0,0.36065573770491804,22.0,39.0,0,1,1,1,-164176.0,2,4.503349074855292,4.503349074855291,59211.016393442624,39.0
92908,2,1,1,368.3333435058594,340.3333435058594,184.1666717529297,43336.0,28.0,340.3333435058594,0.07601809744806495,28.0,340.3333435058594,0,1,1,1,-43336.0,2,7.800001602563939,7.800001602563938,3294.320271009343,340.3333435058594
150448,3,1,2,250.66666412353516,154.0,83.55555470784505,180904.0,24.0,226.66666412353516,0.09574468182243877,24.0,154.0,0,1,1,1,-180904.0,3,7.9431291825073576,6.713166348303906,105646.15000800022,72.66666412353516
56079,2,1,1,225.0,215.0,112.5,25128.0,10.0,215.0,0.044444444444444446,10.0,215.0,0,1,1,1,-25128.0,2,4.503324074780761,4.50332407478076,1116.8,215.0
154955,3,1,2,691.0,373.6666564941406,230.33333333333334,32064.0,19.0,672.0,0.027496382054992764,19.0,373.6666564941406,0,1,1,1,-32064.0,3,12.008897532709282,8.491572879953134,5834.581934441706,373.6666564941406
96915,2,1,1,194.0,171.0,97.0,20544.0,23.0,171.0,0.11855670103092783,23.0,171.0,0,1,1,1,-20544.0,2,4.503349074855292,4.50334907485529,2435.6288659793813,171.0
155266,2,1,1,207.33333778381348,186.6666717529297,103.66666889190674,21760.0,20.66666603088379,186.6666717529297,0.09967845138553129,20.66666603088379,186.6666717529297,0,1,1,1,-21760.0,2,0.0,0.0,2169.003102149161,186.6666717529297
16533,2,1,1,188.9999942779541,170.3333282470703,94.49999713897705,19656.0,18.66666603088379,170.3333282470703,0.09876543172499536,18.66666603088379,170.3333282470703,0,1,1,1,-19656.0,2,0.0,0.0,1941.3333259865087,170.3333282470703
142355,2,1,1,213.6666660308838,194.0,106.8333330154419,21960.0,19.66666603088379,194.0,0.09204367904557059,19.66666603088379,194.0,0,1,1,1,-21960.0,2,7.800001602563937,7.8000016025639365,2021.2791918407304,194.0
121926,3,1,2,322.9999942779541,176.3333282470703,107.66666475931804,29984.0,24.66666603088379,298.3333282470703,0.0763673884453916,24.66666603088379,176.3333282470703,0,1,1,1,-29984.0,3,7.943149246433126,6.713167451773831,6334.002000519401,122.0
138451,2,1,1,457.3333225250244,436.6666564941406,228.6666612625122,20032.0,20.66666603088379,436.6666564941406,0.04518950405096044,20.66666603088379,436.6666564941406,0,1,1,1,-20032.0,2,0.0,0.0,905.2361451488396,436.6666564941406
47679,2,1,1,272.6666564941406,263.6666564941406,136.3333282470703,167472.0,9.0,263.6666564941406,0.03300733619474812,9.0,263.6666564941406,0,1,1,1,-167472.0,2,7.800001602563938,7.800001602563937,5527.804607206857,263.6666564941406
163437,2,1,1,615.999979019165,592.3333129882812,307.9999895095825,16056.0,23.66666603088379,592.3333129882812,0.03841991369637282,23.66666603088379,592.3333129882812,0,1,1,1,-16056.0,2,4.503349074855292,4.50334907485529,616.8701343089621,592.3333129882812
49465,2,1,1,467.6666564941406,444.6666564941406,233.8333282470703,33392.0,23.0,444.6666564941406,0.04918032893860622,23.0,444.6666564941406,0,1,1,1,-33392.0,2,4.503324074780762,4.50332407478076,1642.229543917939,444.6666564941406
46594,2,1,1,1240.333333015442,1229.0,620.166666507721,60216.0,11.333333015441895,1229.0,0.009137328421134029,11.333333015441895,1229.0,0,1,1,1,-60216.0,2,7.800001602563938,7.800001602563937,550.2133682070066,1229.0
21411,3,2,1,315.00000190734863,206.0,105.00000063578288,47624.0,228.6666660308838,86.33333587646484,0.7259259195120317,206.0,86.33333587646484,0,1,1,1,-384.0,3,6.0044320997076825,4.245774654877482,3678.035860442898,86.33333587646484
39933,2,1,1,307.3333225250244,283.6666564941406,153.6666612625122,15216.0,23.66666603088379,283.6666564941406,0.07700650823165049,23.66666603088379,283.6666564941406,0,1,1,1,-15216.0,2,4.503299999999999,4.503299999999999,1171.7310292527939,283.6666564941406
37170,3,1,2,295.00000190734863,196.6666717529297,98.33333396911621,198504.0,27.66666603088379,267.33333587646484,0.09378530797288986,27.66666603088379,196.6666717529297,0,1,1,1,-198504.0,3,9.006666666666671,7.353898930650477,37623.45627203824,196.6666717529297
17391,3,1,2,159.33333206176758,87.0,53.11111068725586,21696.0,22.0,137.33333206176758,0.13807531490944672,22.0,87.0,0,1,1,1,-21696.0,3,6.004432099707681,4.245774654877482,4939.096224629999,87.0
139527,2,1,1,396.6666774749756,373.3333435058594,198.3333387374878,43304.0,23.33333396911621,373.3333435058594,0.058823529411764705,23.33333396911621,373.3333435058594,0,1,1,1,-43304.0,2,0.0,0.0,2547.294117647059,373.3333435058594
78265,3,1,2,278.3333396911621,234.6666717529297,92.77777989705403,147648.0,9.0,269.3333396911621,0.032335328602697666,9.0,234.6666717529297,0,1,1,1,-147648.0,3,7.943149246433125,6.713167451773832,4922.634621309871,34.66666793823242
106244,3,1,2,582.0,443.0,194.0,30992.0,23.0,559.0,0.03951890034364261,23.0,443.0,0,1,1,1,-30992.0,3,15.011099999999999,11.233283984955898,5371.615120274914,116.0
161411,2,1,1,107.33333396911621,85.0,53.666666984558105,16360.0,22.33333396911621,85.0,0.20807453885241597,22.33333396911621,85.0,0,1,1,1,-16360.0,2,4.50334907485529,4.50334907485529,3404.0994556255255,85.0
38850,2,1,1,309.3333225250244,286.6666564941406,154.6666612625122,95368.0,22.66666603088379,286.6666564941406,0.07327586257393949,22.66666603088379,286.6666564941406,0,1,1,1,-95368.0,2,4.503324074780762,4.503324074780761,6988.172461951461,286.6666564941406
151542,2,1,1,235.0000057220459,211.6666717529297,117.50000286102295,18016.0,23.33333396911621,211.6666717529297,0.09929078042965876,23.33333396911621,211.6666717529297,0,1,1,1,-18016.0,2,4.503300000000001,4.5033,1788.8227002207323,211.6666717529297
14030,4,2,2,1075.9999904632568,543.0,268.9999976158142,42984.0,84.33333396911621,991.6666564941406,0.07837670512692818,65.0,543.0,0,1,1,1,-28224.0,3,5.200029935918103,5.200010334818789,16454.007606176707,448.6666564941406
76139,2,1,1,275.9999942779541,251.3333282470703,137.99999713897705,19072.0,24.66666603088379,251.3333282470703,0.08937198022563175,24.66666603088379,251.3333282470703,0,1,1,1,-19072.0,2,0.0,0.0,1704.5024068632486,251.3333282470703
1278,2,1,1,676.999979019165,658.3333129882812,338.4999895095825,16600.0,18.66666603088379,658.3333129882812,0.027572624238375875,18.66666603088379,658.3333129882812,0,1,1,1,-16600.0,2,4.503324074780761,4.503324074780761,457.7055623570395,658.3333129882812
7197,3,2,1,300.3333339691162,222.0,100.11111132303874,25296.0,243.3333339691162,57.0,0.8102108772053208,222.0,57.0,0,1,1,1,-176.0,3,6.0044,4.245751956956506,1926.9256876503573,57.0
20211,3,1,2,431.6666622161865,212.3333282470703,143.8888874053955,141264.0,21.33333396911621,410.3333282470703,0.04942085140323412,21.33333396911621,212.3333282470703,0,1,1,1,-141264.0,3,10.4,7.353910524340095,66602.61877157784,198.0
41029,2,1,1,138.99999475479126,131.3333282470703,69.49999737739563,144424.0,7.666666507720947,131.3333282470703,0.055155876237590155,7.666666507720947,131.3333282470703,0,1,1,1,-144424.0,2,7.800000000000001,7.8,7965.832269737721,131.3333282470703
71876,2,1,1,227.0,206.0,113.5,19592.0,21.0,206.0,0.09251101321585903,21.0,206.0,0,1,1,1,-19592.0,2,4.50335,4.50335,1812.47577092511,206.0
74062,4,1,3,1115.3333530426025,394.3333435058594,278.83333826065063,34336.0,20.66666603088379,1094.6666870117188,0.01852958666976615,20.66666603088379,394.3333435058594,0,1,1,1,-34336.0,4,9.814794677201606,6.754999383188351,4844.066840506385,388.3333435058594
162200,3,2,1,684.0,338.6666564941406,228.0,109384.0,345.3333435058594,338.6666564941406,0.5048733092190927,327.3333435058594,338.6666564941406,1,1,0,1,94856.0,3,7.9431291825073576,6.713166348303905,49844.26369650322,327.3333435058594
82449,2,1,1,318.99999046325684,296.6666564941406,159.49999523162842,28600.0,22.33333396911621,296.6666564941406,0.0700104534068587,22.33333396911621,296.6666564941406,0,1,1,1,-28600.0,2,4.503324074780764,4.503324074780761,2002.2989674361586,296.6666564941406
75702,4,2,2,404.0,262.0,101.0,196136.0,282.0,122.0,0.698019801980198,262.0,71.0,0,1,1,1,-51464.0,4,11.258335186901524,8.720669414779751,70521.80198019803,51.0
29569,2,1,1,771.999979019165,749.3333129882812,385.9999895095825,14256.0,22.66666603088379,749.3333129882812,0.029360967159198698,22.66666603088379,749.3333129882812,0,1,1,1,-14256.0,2,0.0,0.0,418.56994782153663,749.3333129882812
154021,3,1,2,778.6666870117188,595.6666870117188,259.55556233723956,134344.0,24.0,754.6666870117188,0.030821917002902176,24.0,595.6666870117188,0,1,1,1,-134344.0,3,10.82464921453706,8.4915615310469,91361.02798919081,159.0
31989,2,1,1,226.6666660308838,207.0,113.3333330154419,24280.0,19.66666603088379,207.0,0.08676470332079692,19.66666603088379,207.0,0,1,1,1,-24280.0,2,4.503324074780761,4.503324074780761,2106.646996628949,207.0
75559,2,1,1,334.3333435058594,314.3333435058594,167.1666717529297,44048.0,20.0,314.3333435058594,0.05982053656472792,20.0,314.3333435058594,0,1,1,1,-44048.0,2,4.503324074780761,4.503324074780761,2634.974994603135,314.3333435058594
44095,2,1,1,485.6666564941406,459.6666564941406,242.8333282470703,21560.0,26.0,459.6666564941406,0.05353466138211957,26.0,459.6666564941406,0,1,1,1,-21560.0,2,0.0,0.0,1154.207299398498,459.6666564941406
54505,4,1,3,728.3333530426025,598.6666870117188,182.08333826065063,186048.0,19.66666603088379,708.6666870117188,0.027002286725888034,19.66666603088379,598.6666870117188,0,1,1,1,-186048.0,3,6.0044666666666675,4.245799097408585,154282.91121025675,64.0
139246,3,1,2,423.6666774749756,360.3333435058594,141.22222582499185,16456.0,29.66666603088379,394.0000114440918,0.07002360017477675,29.66666603088379,360.3333435058594,0,1,1,1,-16456.0,3,5.199999999999996,5.199981467274667,1478.4326800394313,360.3333435058594
92249,3,1,2,431.6666774749756,379.3333435058594,143.88889249165854,16896.0,22.33333396911621,409.3333435058594,0.051737451914876866,22.33333396911621,379.3333435058594,0,1,1,1,-16896.0,3,7.943149246433127,6.713167451773831,884.7196938529662,379.3333435058594
118926,3,2,1,635.666669845581,548.0,211.888889948527,17784.0,569.3333339691162,66.33333587646484,0.8956476105746132,548.0,66.33333587646484,0,1,1,1,-4856.0,3,6.004432099707681,4.245774654877482,4783.135809284086,66.33333587646484
74764,2,1,1,122.66666412353516,99.66666412353516,61.33333206176758,30272.0,23.0,99.66666412353516,0.18750000388725951,23.0,99.66666412353516,0,1,1,1,-30272.0,2,0.0,0.0,5676.00011767512,99.66666412353516
15452,2,1,1,760.0,753.0,380.0,31104.0,7.0,753.0,0.009210526315789473,7.0,753.0,0,1,1,1,-31104.0,2,4.503324074780761,4.503324074780761,286.4842105263158,753.0
31350,4,2,2,224.99999809265137,112.0,56.24999952316284,85152.0,130.3333339691162,94.66666412353516,0.5792592669954025,112.0,48.33333206176758,0,1,1,1,-328.0,4,9.006700000000002,9.006674074818074,20980.989667197246,48.33333206176758
38705,4,2,2,798.6666660308838,410.3333435058594,199.66666650772095,120008.0,430.00000953674316,368.6666564941406,0.5383973412508936,410.3333435058594,187.3333282470703,1,1,0,1,104496.0,4,5.957357734820446,5.03489215245719,51192.62966596752,410.3333435058594
114883,2,1,1,112.66666603088379,92.0,56.333333015441895,130304.0,20.66666603088379,92.0,0.18343194805479301,20.66666603088379,92.0,0,1,1,1,-130304.0,2,4.50335,4.50335,23901.916559331752,92.0
150941,2,1,1,46.333333015441895,36.0,23.166666507720947,151960.0,10.333333015441895,36.0,0.22302157740299017,10.333333015441895,36.0,0,1,1,1,-151960.0,2,4.503324074780762,4.503324074780761,33890.35890215838,36.0
3674,3,1,2,214.3333339691162,119.66666412353516,71.44444465637207,55000.0,24.33333396911621,190.0,0.11353032922364964,24.33333396911621,119.66666412353516,0,1,1,1,-55000.0,3,5.2000299359181055,5.200010334818789,18133.673945171322,119.66666412353516
53835,2,1,1,624.3333129882812,605.3333129882812,312.1666564941406,20568.0,19.0,605.3333129882812,0.030432462283742707,19.0,605.3333129882812,0,1,1,1,-20568.0,2,4.503350000000001,4.503349999999999,625.93488425202,605.3333129882812
7442,6,2,4,2047.9999713897705,1191.6666259765625,341.33332856496173,122832.0,1212.3332920074463,835.6666793823242,0.5919596235075913,1191.6666259765625,367.3333435058594,1,1,0,1,46088.0,5,17.183606958086536,11.948688275789939,34920.57398034689,1191.6666259765625
108117,5,1,4,1154.9999809265137,443.6666564941406,230.99999618530273,138896.0,24.0,1130.9999809265137,0.02077922112236553,24.0,443.6666564941406,0,1,1,1,-138896.0,5,12.609363809883508,9.18503991891162,76672.9284492679,443.6666564941406
48736,2,1,1,329.3333225250244,308.6666564941406,164.6666612625122,16328.0,20.66666603088379,308.6666564941406,0.06275303656620848,20.66666603088379,308.6666564941406,0,1,1,1,-16328.0,2,0.0,0.0,1024.631581053052,308.6666564941406
25939,2,1,1,367.3333339691162,345.0,183.6666669845581,28712.0,22.33333396911621,345.0,0.06079854971994973,22.33333396911621,345.0,0,1,1,1,-28712.0,2,0.0,0.0,1745.6479595591966,345.0
52670,2,1,1,244.6666660308838,225.0,122.3333330154419,137568.0,19.66666603088379,225.0,0.08038146899995484,19.66666603088379,225.0,0,1,1,1,-137568.0,2,7.800001602563937,7.800001602563937,11057.917927385788,225.0
20729,2,1,1,328.6666774749756,312.3333435058594,164.3333387374878,33048.0,16.33333396911621,312.3333435058594,0.049695740665281825,16.33333396911621,312.3333435058594,0,1,1,1,-33048.0,2,7.8,7.799999999999999,1642.3448375062337,312.3333435058594
121429,2,1,1,233.0,210.0,116.5,22600.0,23.0,210.0,0.09871244635193133,23.0,210.0,0,1,1,1,-22600.0,2,4.50335,4.50335,2230.901287553648,210.0
62231,2,1,1,308.00000953674316,285.3333435058594,154.00000476837158,27496.0,22.66666603088379,285.3333435058594,0.07359306925014801,22.66666603088379,285.3333435058594,0,1,1,1,-27496.0,2,4.503324074780764,4.503324074780762,2023.5150321020699,285.3333435058594
57460,3,2,1,330.66666984558105,188.6666717529297,110.22222328186035,19120.0,211.0000057220459,119.66666412353516,0.6381048498797335,188.6666717529297,119.66666412353516,0,1,1,1,-464.0,2,4.503324074780761,4.503324074780761,1556.11293216566,119.66666412353516
59675,3,1,2,341.6666717529297,169.0,113.88889058430989,195888.0,12.0,329.6666717529297,0.03512195069666494,12.0,169.0,0,1,1,1,-195888.0,3,10.824657262010655,8.491549309754964,67627.95798953235,169.0
53621,4,2,2,381.0000057220459,180.6666717529297,95.25000143051147,121120.0,92.33333396911621,288.6666717529297,0.2423447049407052,69.0,180.6666717529297,0,1,1,1,-99088.0,3,7.943149246433124,6.713167451773831,72182.43963124773,108.0
31156,3,1,2,493.33333587646484,397.0,164.44444529215494,78232.0,23.0,470.33333587646484,0.04662162138128734,23.0,397.0,0,1,1,1,-78232.0,3,9.006648149561522,7.353897419736013,49130.62677375883,73.33333587646484
10613,5,1,4,884.6666469573975,328.6666564941406,176.9333293914795,179104.0,22.33333396911621,862.3333129882812,0.025244914619451803,22.33333396911621,328.6666564941406,0,1,1,1,-179104.0,5,10.02941883111878,6.739966729294737,92267.87297426068,103.33333587646484
74013,5,2,3,1350.0000281333923,743.6666870117188,270.00000562667844,186752.0,751.0000205039978,599.0000076293945,0.5562962998914783,743.6666870117188,421.3333435058594,0,1,1,1,-31056.0,5,16.509472902561118,12.217227793963735,25682.84232312531,421.3333435058594
161622,3,2,1,700.3333339691162,646.0,233.44444465637207,180688.0,665.6666660308838,34.66666793823242,0.9504997602473665,646.0,34.66666793823242,1,1,0,1,163880.0,3,10.824649214537056,8.491561531046898,13186.155285752966,646.0
147796,2,1,1,364.6666564941406,339.6666564941406,182.3333282470703,26160.0,25.0,339.6666564941406,0.06855576059612045,25.0,339.6666564941406,0,1,1,1,-26160.0,2,0.0,0.0,1793.4186971945112,339.6666564941406
90969,3,1,2,451.66668128967285,259.3333435058594,150.55556042989096,76064.0,17.66666603088379,434.00001525878906,0.03911438846991995,17.66666603088379,259.3333435058594,0,1,1,1,-76064.0,3,10.824655205645632,8.49155651076736,2975.1968445759912,174.6666717529297
161399,2,1,1,200.66666221618652,178.3333282470703,100.33333110809326,42264.0,22.33333396911621,178.3333282470703,0.11129568669984446,22.33333396911621,178.3333282470703,0,1,1,1,-42264.0,2,4.503324074780762,4.503324074780761,4703.8009026822265,178.3333282470703
1528,2,1,1,136.66666984558105,120.33333587646484,68.33333492279053,178576.0,16.33333396911621,120.33333587646484,0.11951219699412562,16.33333396911621,120.33333587646484,0,1,1,1,-178576.0,2,9.006673149531961,9.006673149531961,21342.010090422977,120.33333587646484
64562,2,1,1,507.6666660308838,486.0,253.8333330154419,16672.0,21.66666603088379,486.0,0.04267892197902492,21.66666603088379,486.0,0,1,1,1,-16672.0,2,4.503350000000001,4.50335,711.5429872343035,486.0
60818,6,1,5,1624.3333225250244,1070.0,270.7222204208374,18152.0,22.66666603088379,1601.6666564941406,0.013954442549789276,22.66666603088379,1070.0,0,1,1,1,-18152.0,6,13.086382284055606,9.253470554818279,982.709624246066,45.33333206176758
91795,2,1,1,319.6666564941406,293.6666564941406,159.8333282470703,14680.0,26.0,293.6666564941406,0.0813347262587475,26.0,293.6666564941406,0,1,1,1,-14680.0,2,4.503350000000005,4.503350000000001,1193.9937814784134,293.6666564941406
90331,3,2,1,114.0,51.66666793823242,38.0,23568.0,62.33333206176758,51.66666793823242,0.5467836145769086,38.33333206176758,51.66666793823242,0,1,1,1,-432.0,3,6.0044666666666675,4.245799097408586,5106.947363602488,51.66666793823242
96225,2,1,1,256.6666717529297,233.6666717529297,128.33333587646484,27296.0,23.0,233.6666717529297,0.08961038783461557,23.0,233.6666717529297,0,1,1,1,-27296.0,2,4.503350000000001,4.503349999999999,2446.0051463336667,233.6666717529297
55168,2,1,1,73.66666603088379,52.0,36.833333015441895,190760.0,21.66666603088379,52.0,0.29411764096667986,21.66666603088379,52.0,0,1,1,1,-190760.0,2,9.006673149531963,9.006673149531961,56105.88119080385,52.0
50678,2,1,1,492.3333435058594,468.3333435058594,246.1666717529297,14552.0,24.0,468.3333435058594,0.048747460062522396,24.0,468.3333435058594,0,1,1,1,-14552.0,2,4.503350000000001,4.503349999999999,709.3730388298259,468.3333435058594
98968,2,1,1,371.6666774749756,348.3333435058594,185.8333387374878,39824.0,23.33333396911621,348.3333435058594,0.0627802689432314,23.33333396911621,348.3333435058594,0,1,1,1,-39824.0,2,4.503324074780762,4.503324074780761,2500.1614303952474,348.3333435058594
62336,2,1,1,169.3333282470703,151.3333282470703,84.66666412353516,23856.0,18.0,151.3333282470703,0.10629921579133329,18.0,151.3333282470703,0,1,1,1,-23856.0,2,7.800001602563939,7.800001602563938,2535.874091918047,151.3333282470703
99331,2,1,1,417.00000953674316,391.3333435058594,208.50000476837158,32072.0,25.66666603088379,391.3333435058594,0.061550756460167944,25.66666603088379,391.3333435058594,0,1,1,1,-32072.0,2,4.50335,4.50335,1974.0558611905064,391.3333435058594
140413,3,2,1,455.3333206176758,368.6666564941406,151.77777353922525,26256.0,86.66666412353516,368.6666564941406,0.19033674936411146,74.66666412353516,368.6666564941406,0,1,1,1,-464.0,3,6.004399999999999,4.245751956956506,768.046870979959,368.6666564941406
147181,2,1,1,235.6666669845581,222.0,117.83333349227905,56384.0,13.666666984558105,222.0,0.057991514707735926,13.666666984558105,222.0,0,1,1,1,-56384.0,2,4.503324074780762,4.503324074780761,3269.7935652809824,222.0
113753,3,1,2,243.6666603088379,183.3333282470703,81.22222010294597,132776.0,24.0,219.6666603088379,0.0984952146082724,24.0,183.3333282470703,0,1,1,1,-132776.0,3,5.200000000000001,5.199981467274667,97616.78816335833,36.33333206176758
127138,6,1,5,4217.333299636841,2453.333251953125,702.8888832728068,177832.0,21.33333396911621,4195.999965667725,0.005058488967650067,21.33333396911621,2453.333251953125,0,1,1,1,-177832.0,6,15.234607874188221,9.61179718010055,948.7044281360035,1499.3333740234375
59695,2,1,1,139.3333339691162,120.0,69.6666669845581,138208.0,19.33333396911621,120.0,0.1387559847911306,19.33333396911621,120.0,0,1,1,1,-138208.0,2,4.50334907485529,4.50334907485529,19177.18714601258,120.0
156071,3,1,2,500.0000057220459,316.0,166.6666685740153,130336.0,21.33333396911621,478.6666717529297,0.042666667449951165,21.33333396911621,316.0,0,1,1,1,-130336.0,3,13.757896310482936,10.399990733649718,72047.40200788037,162.6666717529297
154720,2,1,1,613.6666870117188,590.6666870117188,306.8333435058594,18512.0,23.0,590.6666870117188,0.03747962939295218,23.0,590.6666870117188,0,1,1,1,-18512.0,2,4.50335,4.50335,693.8228993223307,590.6666870117188
33354,2,1,1,421.3333339691162,398.0,210.6666669845581,31520.0,23.33333396911621,398.0,0.055379748260854546,23.33333396911621,398.0,0,1,1,1,-31520.0,2,4.5033,4.5033,1745.5696651821352,398.0
3583,2,1,1,436.6666660308838,417.0,218.3333330154419,18184.0,19.66666603088379,417.0,0.045038166548515154,19.66666603088379,417.0,0,1,1,1,-18184.0,2,0.0,0.0,818.9740205181996,417.0
72187,3,2,1,856.6666870117188,736.6666870117188,285.55556233723956,130584.0,743.6666870117188,113.0,0.8680933883466695,736.6666870117188,113.0,0,1,1,1,-22240.0,3,10.824672327039643,8.491567423561381,20191.69810312001,113.0
117498,2,1,1,401.6666774749756,378.3333435058594,200.8333387374878,19728.0,23.33333396911621,378.3333435058594,0.05809128632675762,23.33333396911621,378.3333435058594,0,1,1,1,-19728.0,2,4.50334907485529,4.50334907485529,1146.0248966542742,378.3333435058594
68109,2,1,1,299.99999046325684,278.6666564941406,149.99999523162842,22712.0,21.33333396911621,278.6666564941406,0.07111111549094885,21.33333396911621,278.6666564941406,0,1,1,1,-22712.0,2,4.503324074780762,4.503324074780761,1615.0756550304304,278.6666564941406
32399,2,1,1,144.0,121.0,72.0,23944.0,23.0,121.0,0.1597222222222222,23.0,121.0,0,1,1,1,-23944.0,2,7.800001602563939,7.800001602563937,3824.3888888888887,121.0
439,2,1,1,236.0,216.0,118.0,18920.0,20.0,216.0,0.0847457627118644,20.0,216.0,0,1,1,1,-18920.0,2,4.503350000000005,4.503350000000001,1603.3898305084747,216.0
15636,2,1,1,110.33333396911621,88.0,55.166666984558105,17128.0,22.33333396911621,88.0,0.20241692302498185,22.33333396911621,88.0,0,1,1,1,-17128.0,2,4.503350000000001,4.503349999999999,3466.997057571889,88.0
79604,2,1,1,460.3333435058594,452.3333435058594,230.1666717529297,96176.0,8.0,452.3333435058594,0.017378710694890543,8.0,452.3333435058594,0,1,1,1,-96176.0,2,9.006648149561522,9.006648149561522,1671.4148797917928,452.3333435058594
126129,3,1,2,947.6666870117188,662.6666870117188,315.88889567057294,171528.0,21.0,926.6666870117188,0.022159689992078742,21.0,662.6666870117188,0,1,1,1,-171528.0,3,13.757943184494467,10.40002173790463,37094.53596058009,662.6666870117188
136241,3,1,2,151.33333587646484,94.33333587646484,50.444445292154946,59584.0,23.0,128.33333587646484,0.15198237630058697,23.0,94.33333587646484,0,1,1,1,-59584.0,3,6.0044666666666675,4.245799097408585,9075.665046260598,34.0
136945,2,1,1,293.3333339691162,271.0,146.6666669845581,14880.0,22.33333396911621,271.0,0.07613636563878413,22.33333396911621,271.0,0,1,1,1,-14880.0,2,4.50334907485529,4.50334907485529,1132.9091207051079,271.0
110705,2,1,1,151.33333778381348,128.6666717529297,75.66666889190674,22312.0,22.66666603088379,128.6666717529297,0.14977972707681997,22.66666603088379,128.6666717529297,0,1,1,1,-22312.0,2,0.0,0.0,3341.885270538007,128.6666717529297
143025,2,1,1,522.3333435058594,502.3333435058594,261.1666717529297,17032.0,20.0,502.3333435058594,0.03828972484460136,20.0,502.3333435058594,0,1,1,1,-17032.0,2,4.5033,4.5033,652.1505935532504,502.3333435058594
123220,3,1,2,315.6666693687439,206.0,105.22222312291463,178440.0,7.333333492279053,308.33333587646484,0.02323125690445534,7.333333492279053,206.0,0,1,1,1,-178440.0,3,10.82464921453706,8.4915615310469,32666.0526085409,102.33333587646484
16444,2,1,1,408.6666774749756,387.3333435058594,204.3333387374878,15904.0,21.33333396911621,387.3333435058594,0.0522022840250354,21.33333396911621,387.3333435058594,0,1,1,1,-15904.0,2,4.503300000000001,4.5033,830.2251251341629,387.3333435058594
70349,3,1,2,349.6666660308838,185.3333282470703,116.55555534362793,54408.0,21.66666603088379,328.0,0.06196377331824393,21.66666603088379,185.3333282470703,0,1,1,1,-54408.0,3,13.757877719126755,10.399978436622943,22715.248219891426,142.6666717529297
90133,2,1,1,360.99999046325684,335.6666564941406,180.49999523162842,20800.0,25.33333396911621,335.6666564941406,0.07017544221152737,25.33333396911621,335.6666564941406,0,1,1,1,-20800.0,2,4.503350000000001,4.503349999999999,1459.6491979997693,335.6666564941406
150329,2,1,1,340.66667652130127,331.3333435058594,170.33333826065063,73192.0,9.333333015441895,331.3333435058594,0.027397258548293314,9.333333015441895,331.3333435058594,0,1,1,1,-73192.0,2,4.503350000000001,4.503349999999999,2005.2601476666844,331.3333435058594
123872,2,1,1,121.33333587646484,109.33333587646484,60.66666793823242,173784.0,12.0,109.33333587646484,0.09890109682814427,12.0,109.33333587646484,0,1,1,1,-173784.0,2,9.006673149531963,9.006673149531961,17187.42821118222,109.33333587646484
84373,4,1,3,3336.666696548462,1468.3333740234375,834.1666741371155,105816.0,19.66666603088379,3317.000030517578,0.0058941056507764225,19.66666603088379,1468.3333740234375,0,1,1,1,-105816.0,4,12.536782268189873,9.283875332801491,11009.159244073477,1468.3333740234375
115677,3,1,2,187.00000095367432,120.0,62.33333365122477,197776.0,12.333333015441895,174.66666793823242,0.06595365215263953,12.333333015441895,120.0,0,1,1,1,-197776.0,3,13.086346312261664,11.23326517842826,21011.53609852339,54.66666793823242
103270,2,1,1,623.999979019165,605.3333129882812,311.9999895095825,21448.0,18.66666603088379,605.3333129882812,0.029914529901467313,18.66666603088379,605.3333129882812,0,1,1,1,-21448.0,2,4.503350000000001,4.503349999999999,641.606837326671,605.3333129882812
117269,3,2,1,439.00000762939453,328.3333435058594,146.33333587646484,34560.0,347.3333435058594,91.66666412353516,0.7911921126868852,328.3333435058594,91.66666412353516,0,1,1,1,-17936.0,3,10.82467232703964,8.491567423561381,14910.311470078463,91.66666412353516
13889,2,1,1,202.33333778381348,175.6666717529297,101.16666889190674,172960.0,26.66666603088379,175.6666717529297,0.1317957105980046,26.66666603088379,175.6666717529297,0,1,1,1,-172960.0,2,4.50334907485529,4.50334907485529,22795.386105030873,175.6666717529297
81789,3,1,2,505.33334159851074,372.3333435058594,168.44444719950357,32768.0,20.33333396911621,485.00000762939453,0.04023746761849552,20.33333396911621,372.3333435058594,0,1,1,1,-32768.0,3,10.824657262010653,8.491549309754964,9853.678213514795,112.66666412353516
65247,2,1,1,426.3333435058594,411.3333435058594,213.1666717529297,55744.0,15.0,411.3333435058594,0.035183736455260024,15.0,411.3333435058594,0,1,1,1,-55744.0,2,4.503324074780762,4.503324074780761,1961.282204962015,411.3333435058594
60043,6,1,5,189.6666669845581,44.33333206176758,31.611111164093018,48280.0,9.333333015441895,180.3333339691162,0.049209137081539886,9.333333015441895,44.33333206176758,0,1,1,1,-48280.0,6,13.086347019795097,9.253460340461832,2549.8347141188187,44.33333206176758
102179,2,1,1,219.6666717529297,200.6666717529297,109.83333587646484,44840.0,19.0,200.6666717529297,0.08649468691987226,19.0,200.6666717529297,0,1,1,1,-44840.0,2,4.503324074780762,4.503324074780761,3878.421761487072,200.6666717529297
139069,2,1,1,429.3333435058594,408.3333435058594,214.6666717529297,34504.0,21.0,408.3333435058594,0.0489130423193264,21.0,408.3333435058594,0,1,1,1,-34504.0,2,0.0,0.0,1687.6956121860383,408.3333435058594
101929,2,1,1,157.66666221618652,133.3333282470703,78.83333110809326,23224.0,24.33333396911621,133.3333282470703,0.15433404644382762,24.33333396911621,133.3333282470703,0,1,1,1,-23224.0,2,0.0,0.0,3584.2538946114523,133.3333282470703
116033,2,1,1,267.6666717529297,248.6666717529297,133.83333587646484,111176.0,19.0,248.6666717529297,0.07098380936098758,19.0,248.6666717529297,0,1,1,1,-111176.0,2,9.006673149531963,9.006673149531963,7891.695989517155,248.6666717529297
139322,2,1,1,532.6666774749756,511.3333435058594,266.3333387374878,14416.0,21.33333396911621,511.3333435058594,0.040050062959154115,21.33333396911621,511.3333435058594,0,1,1,1,-14416.0,2,4.50335,4.50335,577.3617076191657,511.3333435058594
74461,2,1,1,113.3333330154419,104.0,56.66666650772095,195672.0,9.333333015441895,104.0,0.0823529386025399,9.333333015441895,104.0,0,1,1,1,-195672.0,2,4.50334907485529,4.50334907485529,16114.164202236187,104.0
54395,2,1,1,260.3333377838135,239.6666717529297,130.16666889190674,16320.0,20.66666603088379,239.6666717529297,0.0793853995297592,20.66666603088379,239.6666717529297,0,1,1,1,-16320.0,2,4.503324074780762,4.503324074780761,1295.5697203256702,239.6666717529297
33702,2,1,1,86.0,61.0,43.0,112168.0,25.0,61.0,0.29069767441860467,25.0,61.0,0,1,1,1,-112168.0,2,9.006673149531963,9.006673149531963,32606.976744186046,61.0
38803,3,1,2,156.66666221618652,97.66666412353516,52.22222073872884,79176.0,20.66666603088379,135.99999618530273,0.13191489330618128,20.66666603088379,97.66666412353516,0,1,1,1,-79176.0,3,13.75793025458408,10.400020669530742,25647.982881683514,97.66666412353516
144445,3,1,2,201.0000057220459,90.33333587646484,67.00000190734863,27816.0,21.33333396911621,179.6666717529297,0.10613598687463295,21.33333396911621,90.33333587646484,0,1,1,1,-27816.0,3,6.0044666666666675,4.245799097408585,2973.611944238123,90.33333587646484
155552,5,1,4,898.9999942779541,456.0,179.79999885559081,142048.0,26.66666603088379,872.3333282470703,0.029662587542396524,26.66666603088379,456.0,0,1,1,1,-142048.0,4,15.761681548061425,11.700007037070534,69390.95883252729,104.66666412353516
135997,2,1,1,250.0,230.0,125.0,17568.0,20.0,230.0,0.08,20.0,230.0,0,1,1,1,-17568.0,2,4.503350000000001,4.503349999999999,1405.44,230.0
145633,3,1,2,336.6666679382324,278.0,112.22222264607747,135920.0,19.0,317.6666679382324,0.056435643351203074,19.0,278.0,0,1,1,1,-135920.0,3,10.824666507000469,8.491572879953134,104896.96594044537,39.66666793823242
31619,2,1,1,212.66666221618652,191.3333282470703,106.33333110809326,26608.0,21.33333396911621,191.3333282470703,0.10031348471266167,21.33333396911621,191.3333282470703,0,1,1,1,-26608.0,2,4.503324074780762,4.503324074780761,2669.1412012345018,191.3333282470703
107896,2,1,1,604.6666870117188,583.6666870117188,302.3333435058594,15752.0,21.0,583.6666870117188,0.03472987755251185,21.0,583.6666870117188,0,1,1,1,-15752.0,2,4.50335,4.50335,547.0650312071667,583.6666870117188
28489,2,1,1,426.3333339691162,407.0,213.1666669845581,14008.0,19.33333396911621,407.0,0.04534792949245842,19.33333396911621,407.0,0,1,1,1,-14008.0,2,4.50334907485529,4.50334907485529,635.2337963303576,407.0
42029,2,1,1,214.0,202.0,107.0,154960.0,12.0,202.0,0.056074766355140186,12.0,202.0,0,1,1,1,-154960.0,2,4.50334907485529,4.50334907485529,8689.345794392524,202.0
152193,3,1,2,343.3333377838135,179.0,114.44444592793782,76464.0,22.66666603088379,320.6666717529297,0.06601941476815251,22.66666603088379,179.0,0,1,1,1,-76464.0,3,6.0044,4.245751956956506,29643.64307564763,179.0
57015,3,1,2,550.3333339691162,474.0,183.44444465637207,35216.0,21.66666603088379,528.6666679382324,0.03937007753940576,21.66666603088379,474.0,0,1,1,1,-35216.0,3,6.004466666666662,4.245799097408584,12018.296735256044,54.66666793823242
23748,2,1,1,513.6666774749756,491.3333435058594,256.8333387374878,15824.0,22.33333396911621,491.3333435058594,0.04347826119245243,22.33333396911621,491.3333435058594,0,1,1,1,-15824.0,2,0.0,0.0,688.0000051093673,491.3333435058594
74320,2,1,1,410.9999895095825,402.6666564941406,205.49999475479126,73096.0,8.333333015441895,402.6666564941406,0.020275749946819892,8.333333015441895,402.6666564941406,0,1,1,1,-73096.0,2,9.00665,9.00665,1482.076218112747,402.6666564941406
107990,3,1,2,967.3333339691162,629.0,322.44444465637207,129824.0,19.33333396911621,948.0,0.01998621704659819,19.33333396911621,629.0,0,1,1,1,-129824.0,3,10.824657262010655,8.491549309754964,77476.46867672123,319.0
25506,2,1,1,277.0,257.0,138.5,37016.0,20.0,257.0,0.07220216606498195,20.0,257.0,0,1,1,1,-37016.0,2,4.503324074780764,4.503324074780762,2672.6353790613716,257.0
62470,3,1,2,646.0,328.3333435058594,215.33333333333334,82816.0,22.0,624.0,0.034055727554179564,22.0,328.3333435058594,0,1,1,1,-82816.0,3,6.004465433140386,4.245798225173788,34320.02987170146,295.6666564941406
104048,2,1,1,615.000020980835,591.6666870117188,307.5000104904175,16136.0,23.33333396911621,591.6666870117188,0.03794037914324452,23.33333396911621,591.6666870117188,0,1,1,1,-16136.0,2,4.503299999999999,4.503299999999999,612.2059578553935,591.6666870117188
140957,3,1,2,1012.0,566.0,337.3333333333333,51784.0,16.0,996.0,0.015810276679841896,16.0,566.0,0,1,1,1,-51784.0,3,10.824649214537061,8.4915615310469,1940.4584980237155,566.0
122321,3,1,2,509.99999046325684,433.6666564941406,169.9999968210856,39888.0,22.66666603088379,487.33332443237305,0.04444444402890007,22.66666603088379,433.6666564941406,0,1,1,1,-39888.0,3,6.004466666666666,4.245799097408584,3769.620983109212,433.6666564941406
14744,2,1,1,226.0,206.0,113.0,20136.0,20.0,206.0,0.08849557522123894,20.0,206.0,0,1,1,1,-20136.0,2,0.0,0.0,1781.9469026548672,206.0
148740,2,1,1,358.00000953674316,335.3333435058594,179.00000476837158,25584.0,22.66666603088379,335.3333435058594,0.0633147078968371,22.66666603088379,335.3333435058594,0,1,1,1,-25584.0,2,0.0,0.0,1619.8434868326804,335.3333435058594
64480,4,1,3,2756.333267211914,2233.333251953125,689.0833168029785,162464.0,8.0,2748.333267211914,0.0029024066484138033,8.0,2233.333251953125,0,1,1,1,-162464.0,4,14.061669988860675,9.283871403508074,46535.32728067773,315.3333435058594
67733,2,1,1,432.9999899864197,425.6666564941406,216.49999499320984,59872.0,7.333333492279053,425.6666564941406,0.01693610545466537,7.333333492279053,425.6666564941406,0,1,1,1,-59872.0,2,0.0,0.0,1013.998505781725,425.6666564941406
82380,2,1,1,346.6666564941406,324.6666564941406,173.3333282470703,17304.0,22.0,324.6666564941406,0.06346154032374281,22.0,324.6666564941406,0,1,1,1,-17304.0,2,4.503350000000001,4.503349999999999,1098.1384937620455,324.6666564941406
56839,2,1,1,171.3333282470703,150.3333282470703,85.66666412353516,23888.0,21.0,150.3333282470703,0.12256809702381466,21.0,150.3333282470703,0,1,1,1,-23888.0,2,4.503324074780761,4.503324074780761,2927.9067017048847,150.3333282470703
125905,2,1,1,579.6666469573975,559.3333129882812,289.83332347869873,15696.0,20.33333396911621,559.3333129882812,0.03507763311179538,20.33333396911621,559.3333129882812,0,1,1,1,-15696.0,2,4.503324074780764,4.503324074780762,550.5785293227403,559.3333129882812
5538,2,1,1,88.66666412353516,80.66666412353516,44.33333206176758,45408.0,8.0,80.66666412353516,0.0902255664976182,8.0,80.66666412353516,0,1,1,1,-45408.0,2,7.800001602563939,7.800001602563938,4096.962523523847,80.66666412353516
1862,2,1,1,86.99999809265137,69.66666412353516,43.499999046325684,86360.0,17.33333396911621,69.66666412353516,0.19923372815085505,17.33333396911621,69.66666412353516,0,1,1,1,-86360.0,2,9.006648149561522,9.006648149561522,17205.82476310784,69.66666412353516
149286,2,1,1,518.0,496.0,259.0,19896.0,22.0,496.0,0.04247104247104247,22.0,496.0,0,1,1,1,-19896.0,2,0.0,0.0,845.003861003861,496.0
81524,2,1,1,67.99999809265137,45.33333206176758,33.999999046325684,24144.0,22.66666603088379,45.33333206176758,0.3333333333333333,22.66666603088379,45.33333206176758,0,1,1,1,-24144.0,2,0.0,0.0,8048.0,45.33333206176758
146362,2,1,1,485.6666564941406,462.6666564941406,242.8333282470703,16160.0,23.0,462.6666564941406,0.04735758506879808,23.0,462.6666564941406,0,1,1,1,-16160.0,2,4.50335,4.50335,765.298574711777,462.6666564941406
66274,2,1,1,374.00000953674316,349.3333435058594,187.00000476837158,21192.0,24.66666603088379,349.3333435058594,0.06595365080722128,24.66666603088379,349.3333435058594,0,1,1,1,-21192.0,2,0.0,0.0,1397.6897679066335,349.3333435058594
23841,2,1,1,161.0000057220459,138.6666717529297,80.50000286102295,24464.0,22.33333396911621,138.6666717529297,0.13871635512655192,22.33333396911621,138.6666717529297,0,1,1,1,-24464.0,2,4.503300000000003,4.503299999999999,3393.5569118159665,138.6666717529297
155662,2,1,1,334.00000953674316,312.3333435058594,167.00000476837158,25624.0,21.66666603088379,312.3333435058594,0.06487025572524797,21.66666603088379,312.3333435058594,0,1,1,1,-25624.0,2,4.503350000000001,4.50335,1662.235432703754,312.3333435058594
113698,3,1,2,638.6666812896729,377.3333435058594,212.88889376322427,19480.0,22.66666603088379,616.0000152587891,0.03549060361989218,22.66666603088379,377.3333435058594,0,1,1,1,-19480.0,3,5.2000299359181055,5.200010334818789,710.2630128720615,238.6666717529297
120071,2,1,1,43.66666555404663,36.33333206176758,21.833332777023315,170704.0,7.333333492279053,36.33333206176758,0.1679389392167469,7.333333492279053,36.33333206176758,0,1,1,1,-170704.0,2,7.800001602563938,7.800001602563938,28667.848680055562,36.33333206176758
42485,2,1,1,334.99999046325684,315.6666564941406,167.49999523162842,120072.0,19.33333396911621,315.6666564941406,0.057711446326852094,19.33333396911621,315.6666564941406,0,1,1,1,-120072.0,2,9.006673149531965,9.006673149531963,6929.528783357785,315.6666564941406
89750,2,1,1,169.33333778381348,148.6666717529297,84.66666889190674,18696.0,20.66666603088379,148.6666717529297,0.12204723713217511,20.66666603088379,148.6666717529297,0,1,1,1,-18696.0,2,4.50334907485529,4.50334907485529,2281.7951454231456,148.6666717529297
120793,2,1,1,199.6666717529297,190.6666717529297,99.83333587646484,14464.0,9.0,190.6666717529297,0.04507512406044773,9.0,190.6666717529297,0,1,1,1,-14464.0,2,9.006673149531961,9.006673149531961,651.9665944103159,190.6666717529297
114939,2,1,1,61.66666603088379,45.33333206176758,30.833333015441895,21912.0,16.33333396911621,45.33333206176758,0.2648648779056124,16.33333396911621,45.33333206176758,0,1,1,1,-21912.0,2,4.503299999999999,4.503299999999999,5803.719204667779,45.33333206176758
84281,2,1,1,89.33333396911621,67.0,44.666666984558105,16368.0,22.33333396911621,67.0,0.25000000533772937,22.33333396911621,67.0,0,1,1,1,-16368.0,2,0.0,0.0,4092.0000873679537,67.0
107225,3,1,2,160.66666889190674,82.33333587646484,53.555556297302246,141568.0,11.333333015441895,149.33333587646484,0.07053941613158564,11.333333015441895,82.33333587646484,0,1,1,1,-141568.0,3,12.008866666666666,8.491551054365091,23768.929277003543,67.0
118989,2,1,1,242.9999942779541,221.3333282470703,121.49999713897705,17088.0,21.66666603088379,221.3333282470703,0.08916323679456759,21.66666603088379,221.3333282470703,0,1,1,1,-17088.0,2,4.503300000000001,4.5033,1523.621390345571,221.3333282470703
62720,2,1,1,303.3333225250244,280.6666564941406,151.6666612625122,24912.0,22.66666603088379,280.6666564941406,0.07472527529188236,22.66666603088379,280.6666564941406,0,1,1,1,-24912.0,2,4.503350000000001,4.50335,1861.5560580713734,280.6666564941406
83189,3,1,2,577.0000057220459,392.0,192.33333524068198,124408.0,21.33333396911621,555.6666717529297,0.036972848799923526,21.33333396911621,392.0,0,1,1,1,-124408.0,3,9.006681482901701,7.353917832164173,35054.76676709425,392.0
87562,2,1,1,76.00000190734863,53.66666793823242,38.000000953674316,21792.0,22.33333396911621,53.66666793823242,0.29385965011346593,22.33333396911621,53.66666793823242,0,1,1,1,-21792.0,2,0.0,0.0,6403.789495272649,53.66666793823242
29576,2,1,1,302.3333435058594,283.3333435058594,151.1666717529297,22032.0,19.0,283.3333435058594,0.06284454033311668,19.0,283.3333435058594,0,1,1,1,-22032.0,2,4.503324074780762,4.503324074780761,1384.5909126192266,283.3333435058594
96741,2,1,1,100.99999809265137,80.66666412353516,50.499999046325684,26584.0,20.33333396911621,80.66666412353516,0.2013201421099397,20.33333396911621,80.66666412353516,0,1,1,1,-26584.0,2,7.800001602563937,7.800001602563937,5351.894657850637,80.66666412353516
98135,2,1,1,183.0,159.0,91.5,26504.0,24.0,159.0,0.13114754098360656,24.0,159.0,0,1,1,1,-26504.0,2,4.503300000000001,4.5033,3475.934426229508,159.0
40285,2,1,1,56.66666793823242,33.66666793823242,28.33333396911621,27048.0,23.0,33.66666793823242,0.405882343833422,23.0,33.66666793823242,0,1,1,1,-27048.0,2,4.503349074855292,4.503349074855291,10978.305636006397,33.66666793823242
133007,2,1,1,695.6666660308838,673.0,347.8333330154419,15816.0,22.66666603088379,673.0,0.03258265364388972,22.66666603088379,673.0,0,1,1,1,-15816.0,2,4.503324074780762,4.503324074780761,515.3272500317598,673.0
138567,5,3,2,674.0,226.0,134.8,40504.0,373.0,301.0,0.5534124629080118,226.0,214.0,0,1,1,1,-528.0,5,9.006678149551032,8.055803012636295,15513.73293768546,87.0
134368,3,2,1,322.0000057220459,160.0,107.33333524068196,27152.0,181.3333339691162,140.6666717529297,0.5631469898967804,160.0,140.6666717529297,1,1,0,1,10008.0,3,13.086392902935476,9.957256001864502,6170.915215908396,160.0
36866,2,1,1,172.6666669845581,163.0,86.33333349227905,103672.0,9.666666984558105,163.0,0.0559845577225546,9.666666984558105,163.0,0,1,1,1,-103672.0,2,4.50334907485529,4.50334907485529,5804.03106821268,163.0
24865,2,1,1,258.9999952316284,247.3333282470703,129.4999976158142,12016.0,11.666666984558105,247.3333282470703,0.04504504710173601,11.666666984558105,247.3333282470703,0,1,1,1,-12016.0,2,9.006673149531963,9.006673149531963,541.26128597446,247.3333282470703
94373,2,1,1,352.3333225250244,333.6666564941406,176.1666612625122,21912.0,18.66666603088379,333.6666564941406,0.052980132271076896,18.66666603088379,333.6666564941406,0,1,1,1,-21912.0,2,4.50335,4.50335,1160.900658323837,333.6666564941406
8264,2,1,1,340.00000953674316,315.3333435058594,170.00000476837158,16904.0,24.66666603088379,315.3333435058594,0.07254901570294842,24.66666603088379,315.3333435058594,0,1,1,1,-16904.0,2,4.503350000000001,4.503349999999999,1226.36856144264,315.3333435058594
2751,3,1,2,211.66667366027832,153.6666717529297,70.55555788675944,29760.0,22.33333396911621,189.3333396911621,0.10551181054113819,22.33333396911621,153.6666717529297,0,1,1,1,-29760.0,3,5.200029935918103,5.200010334818789,11474.330694791426,35.66666793823242
30211,2,1,1,371.3333225250244,348.6666564941406,185.6666612625122,25656.0,22.66666603088379,348.6666564941406,0.06104129270369014,22.66666603088379,348.6666564941406,0,1,1,1,-25656.0,2,7.800001602563937,7.800001602563937,1566.075405605874,348.6666564941406
132516,2,1,1,302.99999046325684,281.6666564941406,151.49999523162842,66072.0,21.33333396911621,281.6666564941406,0.07040704501838323,21.33333396911621,281.6666564941406,0,1,1,1,-66072.0,2,4.50334907485529,4.50334907485529,4651.934278454616,281.6666564941406
154684,4,2,2,260.6666660308838,140.0,65.16666650772095,125056.0,62.99999809265137,197.66666793823242,0.24168797281194032,40.33333206176758,140.0,0,1,1,1,-103944.0,2,4.50335,4.50335,49877.02283285835,140.0
105092,2,1,1,422.3333435058594,399.3333435058594,211.1666717529297,23304.0,23.0,399.3333435058594,0.05445935149015982,23.0,399.3333435058594,0,1,1,1,-23304.0,2,0.0,0.0,1269.1207271266844,399.3333435058594
54613,2,1,1,72.66666507720947,57.33333206176758,36.333332538604736,159576.0,15.333333015441895,57.33333206176758,0.2110091745527332,15.333333015441895,57.33333206176758,0,1,1,1,-159576.0,2,7.800001602563939,7.800001602563938,33672.00003842695,57.33333206176758
46777,2,1,1,149.6666660308838,128.0,74.8333330154419,19872.0,21.66666603088379,128.0,0.14476614336029148,21.66666603088379,128.0,0,1,1,1,-19872.0,2,4.50335,4.50335,2876.7928008557124,128.0
20944,2,1,1,61.999999046325684,46.33333206176758,30.999999523162842,55192.0,15.666666984558105,46.33333206176758,0.25268818105710217,15.666666984558105,46.33333206176758,0,1,1,1,-55192.0,2,7.800000000000001,7.8,13946.366088903582,46.33333206176758
94228,2,1,1,76.33333206176758,56.33333206176758,38.16666603088379,19736.0,20.0,56.33333206176758,0.2620087379890132,20.0,56.33333206176758,0,1,1,1,-19736.0,2,4.503324074780762,4.503324074780761,5171.004452951164,56.33333206176758
70993,3,1,2,471.6666536331177,355.6666564941406,157.2222178777059,116736.0,14.333333015441895,457.3333206176758,0.030388692745260234,14.333333015441895,355.6666564941406,0,1,1,1,-116736.0,3,5.2,5.199981467274666,7815.298970454494,355.6666564941406
8028,2,1,1,187.0000057220459,165.6666717529297,93.50000286102295,34768.0,21.33333396911621,165.6666717529297,0.11408199634403098,21.33333396911621,165.6666717529297,0,1,1,1,-34768.0,2,4.503324074780764,4.503324074780762,3966.4028488892686,165.6666717529297
114379,2,1,1,129.3333330154419,118.0,64.66666650772095,41232.0,11.333333015441895,118.0,0.08762886373684299,11.333333015441895,118.0,0,1,1,1,-41232.0,2,7.800001602563938,7.800001602563937,3613.11330959751,118.0
43466,4,1,3,413.3333330154419,232.0,103.33333325386047,26776.0,9.333333015441895,404.0,0.02258064440956473,9.333333015441895,232.0,0,1,1,1,-26776.0,4,13.696360481187142,10.798613787744934,2595.051594305847,232.0
29135,5,3,2,738.6666631698608,428.0,147.73333263397217,95520.0,657.9999952316284,80.66666793823242,0.8907942215883071,428.0,41.66666793823242,1,1,0,1,1448.0,5,9.359984602572807,6.494800930713736,2950.588505221822,214.3333282470703
98517,2,1,1,594.3333129882812,570.3333129882812,297.1666564941406,14248.0,24.0,570.3333129882812,0.04038138107946377,24.0,570.3333129882812,0,1,1,1,-14248.0,2,4.503350000000005,4.503350000000001,575.3539176201998,570.3333129882812
26432,2,1,1,61.33333396911621,42.0,30.666666984558105,70296.0,19.33333396911621,42.0,0.31521739840282154,19.33333396911621,42.0,0,1,1,1,-70296.0,2,7.800001602563938,7.800001602563937,22158.52223812474,42.0
84923,2,1,1,222.6666717529297,210.6666717529297,111.33333587646484,164600.0,12.0,210.6666717529297,0.053892214337829446,12.0,210.6666717529297,0,1,1,1,-164600.0,2,4.50334907485529,4.50334907485529,8870.658480006727,210.6666717529297
65661,2,1,1,147.6666660308838,125.0,73.8333330154419,16456.0,22.66666603088379,125.0,0.15349886768719465,22.66666603088379,125.0,0,1,1,1,-16456.0,2,4.50334907485529,4.50334907485529,2525.9773666604747,125.0
139616,2,1,1,369.00000953674316,347.3333435058594,184.50000476837158,26216.0,21.66666603088379,347.3333435058594,0.05871725059867873,21.66666603088379,347.3333435058594,0,1,1,1,-26216.0,2,0.0,0.0,1539.3314416949615,347.3333435058594
14311,2,1,1,391.6666774749756,373.3333435058594,195.8333387374878,42312.0,18.33333396911621,373.3333435058594,0.0468085109698605,18.33333396911621,373.3333435058594,0,1,1,1,-42312.0,2,4.503324074780762,4.50332407478076,1980.5617161567377,373.3333435058594
142329,2,1,1,632.6666660308838,613.0,316.3333330154419,13920.0,19.66666603088379,613.0,0.031085352029474166,19.66666603088379,613.0,0,1,1,1,-13920.0,2,4.503324074780764,4.503324074780761,432.70810025028044,613.0
90755,2,1,1,364.00000953674316,344.3333435058594,182.00000476837158,17328.0,19.66666603088379,344.3333435058594,0.05402930086708853,19.66666603088379,344.3333435058594,0,1,1,1,-17328.0,2,0.0,0.0,936.2197254249099,344.3333435058594
20116,2,1,1,45.666666984558105,31.33333396911621,22.833333492279053,40648.0,14.333333015441895,31.33333396911621,0.3138686039926807,14.333333015441895,31.33333396911621,0,1,1,1,-40648.0,2,4.50334907485529,4.50334907485529,12758.131015094485,31.33333396911621
61553,2,1,1,170.6666612625122,161.3333282470703,85.3333306312561,162544.0,9.333333015441895,161.3333282470703,0.054687499869032756,9.333333015441895,161.3333282470703,0,1,1,1,-162544.0,2,4.50334907485529,4.50334907485529,8889.124978712061,161.3333282470703
92743,3,1,2,405.3333206176758,259.6666564941406,135.1111068725586,150416.0,19.0,386.3333206176758,0.046875001470509374,19.0,259.6666564941406,0,1,1,1,-150416.0,3,10.824687563158578,8.491585973578001,7053.250221216372,259.6666564941406
91533,3,1,2,584.3333492279053,308.3333435058594,194.77778307596842,44568.0,21.33333396911621,563.0000152587891,0.03650884208013199,21.33333396911621,308.3333435058594,0,1,1,1,-44568.0,3,5.200029935918105,5.20001033481879,11957.905234742553,308.3333435058594
157325,3,1,2,2000.3333740234375,1628.3333740234375,666.7777913411459,83896.0,23.0,1977.3333740234375,0.011498083418834421,23.0,1628.3333740234375,0,1,1,1,-83896.0,3,15.011133333333333,11.233292893695754,13089.674121336342,1628.3333740234375
87594,2,1,1,429.3333435058594,412.3333435058594,214.6666717529297,21024.0,17.0,412.3333435058594,0.03959627235374042,17.0,412.3333435058594,0,1,1,1,-21024.0,2,4.503300000000001,4.5033,832.4720299650387,412.3333435058594
2472,2,1,1,427.00000953674316,402.3333435058594,213.50000476837158,33632.0,24.66666603088379,402.3333435058594,0.05776736646363291,24.66666603088379,402.3333435058594,0,1,1,1,-33632.0,2,4.50334907485529,4.50334907485529,1942.832068904902,402.3333435058594
146525,4,1,3,1034.3333435058594,571.0,258.58333587646484,167864.0,25.0,1009.3333435058594,0.024170157673988182,25.0,571.0,0,1,1,1,-167864.0,4,13.696347164116423,9.814781614483328,136908.97573333283,33.0
546,2,1,1,156.0,149.0,78.0,128448.0,7.0,149.0,0.04487179487179487,7.0,149.0,0,1,1,1,-128448.0,2,9.00665,9.00665,5763.692307692308,149.0
42048,3,1,2,1261.6667079925537,1194.3333740234375,420.55556933085126,72568.0,21.66666603088379,1240.00004196167,0.017173050452728333,21.66666603088379,1194.3333740234375,0,1,1,1,-72568.0,3,10.824657262010657,8.491549309754964,3136.777720461407,1194.3333740234375
157154,2,1,1,63.0,37.0,31.5,15768.0,26.0,37.0,0.4126984126984127,26.0,37.0,0,1,1,1,-15768.0,2,4.503324074780764,4.503324074780761,6507.428571428572,37.0
19124,3,1,2,123.00000381469727,65.33333587646484,41.00000127156576,27360.0,21.0,102.00000381469727,0.1707317020220345,21.0,65.33333587646484,0,1,1,1,-27360.0,3,13.08636231417187,9.957220825556139,6800.12995327182,36.66666793823242
80500,4,2,2,233.00000381469727,90.33333587646484,58.250000953674316,175176.0,56.33333206176758,176.6666717529297,0.24177395338829674,31.66666603088379,90.33333587646484,0,1,1,1,-72704.0,4,11.258347686938787,7.467936977171139,90470.06539743341,86.33333587646484
125831,2,1,1,96.33333110809326,80.66666412353516,48.16666555404663,169480.0,15.666666984558105,80.66666412353516,0.16262976484202465,15.666666984558105,80.66666412353516,0,1,1,1,-169480.0,2,4.503350000000001,4.50335,27562.49254542634,80.66666412353516
27596,3,2,1,427.0000057220459,247.0,142.33333524068198,14880.0,268.3333339691162,158.6666717529297,0.6284152936142742,247.0,158.6666717529297,0,1,1,1,-584.0,3,6.004465433140388,4.245798225173788,1081.236541624272,158.6666717529297
9524,3,1,2,590.999979019165,307.6666564941406,196.99999300638834,20400.0,22.66666603088379,568.3333129882812,0.03835307417184993,22.66666603088379,307.6666564941406,0,1,1,1,-20400.0,3,7.943149246433124,6.713167451773831,782.4027131057386,260.6666564941406
110055,3,1,2,558.000002861023,477.0,186.00000095367432,198536.0,8.666666984558105,549.3333358764648,0.015531661183013738,8.666666984558105,477.0,0,1,1,1,-198536.0,3,13.086423491712486,11.233309392259354,5511.335807666971,72.33333587646484
106239,5,2,3,858.6666812896729,398.3333435058594,171.73333625793458,141256.0,136.00000190734863,722.6666793823242,0.15838509269171092,118.33333587646484,398.3333435058594,0,1,1,1,-125760.0,4,15.761646761680709,10.798605196737215,86872.92527360703,240.6666717529297
22837,2,1,1,183.6666612625122,172.3333282470703,91.8333306312561,199224.0,11.333333015441895,172.3333282470703,0.061705989195520464,11.333333015441895,172.3333282470703,0,1,1,1,-199224.0,2,4.503300000000001,4.5033,12293.313991488369,172.3333282470703
123217,2,1,1,592.0,585.0,296.0,75672.0,7.0,585.0,0.011824324324324325,7.0,585.0,0,1,1,1,-75672.0,2,4.50335,4.50335,894.7702702702703,585.0
19964,3,2,1,99.33333206176758,43.0,33.11111068725586,21544.0,56.33333206176758,43.0,0.5671140884183601,35.33333206176758,43.0,0,1,1,1,-560.0,2,4.503324074780762,4.503324074780761,4753.798711402927,43.0
37734,3,1,2,1128.9999904632568,742.3333129882812,376.33333015441895,187392.0,18.33333396911621,1110.6666564941406,0.01623855989723577,18.33333396911621,742.3333129882812,0,1,1,1,-187392.0,3,12.008866666666666,8.491551054365091,66695.59266516288,368.3333435058594
94193,2,1,1,48.33333206176758,34.33333206176758,24.16666603088379,164976.0,14.0,34.33333206176758,0.289655180034116,14.0,34.33333206176758,0,1,1,1,-164976.0,2,4.503300000000001,4.5033,47786.152981308325,34.33333206176758
162675,4,2,2,1009.9999980926514,745.0,252.49999952316284,185712.0,86.99999809265137,923.0,0.08613861213559182,63.33333206176758,745.0,0,1,1,1,-167232.0,3,10.82467232703964,8.491567423561381,27938.9621015548,745.0
141271,2,1,1,98.66666889190674,90.33333587646484,49.33333444595337,161704.0,8.333333015441895,90.33333587646484,0.0844594543327635,8.333333015441895,90.33333587646484,0,1,1,1,-161704.0,2,7.800001602563937,7.800001602563937,13657.43160342519,90.33333587646484
19686,2,1,1,625.0,604.0,312.5,20120.0,21.0,604.0,0.0336,21.0,604.0,0,1,1,1,-20120.0,2,4.50335,4.50335,676.032,604.0
50528,2,1,1,367.99999046325684,345.6666564941406,183.99999523162842,19112.0,22.33333396911621,345.6666564941406,0.06068840909751625,22.33333396911621,345.6666564941406,0,1,1,1,-19112.0,2,4.503350000000001,4.503349999999999,1159.8768746717305,345.6666564941406
131045,3,1,2,162.99999618530273,88.66666412353516,54.33333206176758,19600.0,20.0,142.99999618530273,0.12269938937460752,20.0,88.66666412353516,0,1,1,1,-19600.0,3,7.943143646427264,6.713174905280577,2461.4806285806817,54.33333206176758
117075,2,1,1,285.3333339691162,263.0,142.6666669845581,18896.0,22.33333396911621,263.0,0.07827103009118982,22.33333396911621,263.0,0,1,1,1,-18896.0,2,0.0,0.0,1479.009384603123,263.0
47906,2,1,1,445.00000953674316,426.3333435058594,222.50000476837158,16424.0,18.66666603088379,426.3333435058594,0.041947563215372255,18.66666603088379,426.3333435058594,0,1,1,1,-16424.0,2,4.50335,4.50335,688.9467782492738,426.3333435058594
112439,2,1,1,79.33333396911621,58.0,39.666666984558105,15880.0,21.33333396911621,58.0,0.2689075688842359,21.33333396911621,58.0,0,1,1,1,-15880.0,2,4.503324074780762,4.503324074780761,4270.252193881666,58.0
134211,2,1,1,105.99999761581421,98.66666412353516,52.999998807907104,172632.0,7.333333492279053,98.66666412353516,0.06918239299266728,7.333333492279053,98.66666412353516,0,1,1,1,-172632.0,2,9.00665,9.006649999999999,11943.094867110138,98.66666412353516
114999,3,1,2,517.0000095367432,289.3333435058594,172.3333365122477,96632.0,22.66666603088379,494.3333435058594,0.04384268010206462,22.66666603088379,289.3333435058594,0,1,1,1,-96632.0,3,7.943149246433126,6.713167451773831,36180.12558386034,289.3333435058594
104562,2,1,1,599.6666660308838,579.0,299.8333330154419,19624.0,20.66666603088379,579.0,0.03446358986013644,20.66666603088379,579.0,0,1,1,1,-19624.0,2,4.503299999999999,4.503299999999999,676.3134874153175,579.0
26448,2,1,1,76.00000238418579,68.33333587646484,38.000001192092896,143280.0,7.666666507720947,68.33333587646484,0.10087718772646039,7.666666507720947,68.33333587646484,0,1,1,1,-143280.0,2,4.503324074780764,4.503324074780762,14453.683457447245,68.33333587646484
111555,2,1,1,244.33333778381348,221.6666717529297,122.16666889190674,17032.0,22.66666603088379,221.6666717529297,0.09276943636295466,22.66666603088379,221.6666717529297,0,1,1,1,-17032.0,2,0.0,0.0,1580.0490401338436,221.6666717529297
2895,2,1,1,898.000020980835,868.6666870117188,449.0000104904175,26000.0,29.33333396911621,868.6666870117188,0.03266518183048265,29.33333396911621,868.6666870117188,0,1,1,1,-26000.0,2,4.503324074780764,4.503324074780761,849.294727592549,868.6666870117188
60838,2,1,1,389.3333225250244,368.6666564941406,194.6666612625122,16120.0,20.66666603088379,368.6666564941406,0.05308219162143625,20.66666603088379,368.6666564941406,0,1,1,1,-16120.0,2,4.503300000000001,4.5033,855.6849289375524,368.6666564941406
55110,2,1,1,504.99999046325684,485.6666564941406,252.49999523162842,187032.0,19.33333396911621,485.6666564941406,0.03828383036479063,19.33333396911621,485.6666564941406,0,1,1,1,-187032.0,2,7.800001602563937,7.800001602563937,7160.301360787521,485.6666564941406
116686,2,1,1,92.66666603088379,75.0,46.333333015441895,167512.0,17.66666603088379,75.0,0.19064747646144808,17.66666603088379,75.0,0,1,1,1,-167512.0,2,9.006648149561522,9.006648149561522,31935.740077010094,75.0
4730,2,1,1,87.33333587646484,66.33333587646484,43.66666793823242,17664.0,21.0,66.33333587646484,0.2404580082650801,21.0,66.33333587646484,0,1,1,1,-17664.0,2,4.503324074780762,4.503324074780761,4247.450257994375,66.33333587646484
136848,5,1,4,1498.333351135254,982.6666870117188,299.66667022705076,117952.0,22.0,1476.333351135254,0.014682980915649436,22.0,982.6666870117188,0,1,1,1,-117952.0,5,12.60933375914842,9.18503650610056,23252.548778346652,102.66666412353516
12285,4,1,3,1094.3333435058594,668.0,273.58333587646484,165064.0,10.0,1084.3333435058594,0.009137983466686225,10.0,668.0,0,1,1,1,-165064.0,4,20.264975,14.061641224155698,28225.51298770201,313.3333435058594
130656,3,1,2,560.3333339691162,405.0,186.7777779897054,163408.0,19.33333396911621,541.0,0.034503272957488916,19.33333396911621,405.0,0,1,1,1,-163408.0,3,7.943143646427262,6.713174905280577,95338.50334909713,136.0
50653,2,1,1,337.0,314.0,168.5,20848.0,23.0,314.0,0.06824925816023739,23.0,314.0,0,1,1,1,-20848.0,2,4.503300000000003,4.503299999999999,1422.860534124629,314.0
100861,2,1,1,68.33333396911621,47.0,34.166666984558105,23416.0,21.33333396911621,47.0,0.3121951283506521,21.33333396911621,47.0,0,1,1,1,-23416.0,2,4.503349074855292,4.50334907485529,7310.3611254588695,47.0
65588,2,1,1,132.6666660308838,113.0,66.3333330154419,49640.0,19.66666603088379,113.0,0.14824120194823875,19.66666603088379,113.0,0,1,1,1,-49640.0,2,4.503324074780761,4.50332407478076,7358.693264710571,113.0
81798,2,1,1,92.66666650772095,85.0,46.333333253860474,66176.0,7.666666507720947,85.0,0.08273381137630718,7.666666507720947,85.0,0,1,1,1,-66176.0,2,4.50335,4.50335,5474.9927016385045,85.0
34456,3,2,1,327.666654586792,258.6666564941406,109.22221819559734,26712.0,282.3333225250244,45.33333206176758,0.8616480150568396,258.6666564941406,45.33333206176758,0,1,1,1,-776.0,3,6.0044666666666675,4.245799097408585,2541.941014738809,45.33333206176758
47130,3,2,1,189.66666221618652,130.3333282470703,63.22222073872884,155032.0,59.33333396911621,130.3333282470703,0.31282953617587617,38.0,130.3333282470703,0,1,1,1,-408.0,3,7.943149246433127,6.713167451773831,17519.438540614785,130.3333282470703
95326,2,1,1,385.0,361.0,192.5,15440.0,24.0,361.0,0.06233766233766234,24.0,361.0,0,1,1,1,-15440.0,2,4.503350000000001,4.503349999999999,962.4935064935065,361.0
17839,2,1,1,365.00000953674316,342.3333435058594,182.50000476837158,26512.0,22.66666603088379,342.3333435058594,0.062100453256569085,22.66666603088379,342.3333435058594,0,1,1,1,-26512.0,2,4.503324074780761,4.50332407478076,1646.4072167381596,342.3333435058594
126724,2,1,1,238.6666660308838,218.0,119.3333330154419,17664.0,20.66666603088379,218.0,0.08659217633772742,20.66666603088379,218.0,0,1,1,1,-17664.0,2,4.5033,4.5033,1529.5642028296172,218.0
86934,2,1,1,253.66666221618652,229.3333282470703,126.83333110809326,21112.0,24.33333396911621,229.3333282470703,0.09592641680434227,24.33333396911621,229.3333282470703,0,1,1,1,-21112.0,2,4.503324074780761,4.503324074780761,2025.1985115732741,229.3333282470703
50752,2,1,1,202.33333778381348,183.6666717529297,101.16666889190674,55192.0,18.66666603088379,183.6666717529297,0.0922569964759268,18.66666603088379,183.6666717529297,0,1,1,1,-55192.0,2,4.50335,4.50335,5091.848149499353,183.6666717529297
23646,3,1,2,920.3333530426025,503.3333435058594,306.7777843475342,108312.0,20.66666603088379,899.6666870117188,0.022455630845671547,20.66666603088379,503.3333435058594,0,1,1,1,-108312.0,3,13.086392902935476,9.957256001864502,53390.475726206205,396.3333435058594
129159,2,1,1,93.3333330154419,82.0,46.66666650772095,79912.0,11.333333015441895,82.0,0.12142856843617497,11.333333015441895,82.0,0,1,1,1,-79912.0,2,0.0,0.0,9703.599760871613,82.0
116470,3,1,2,627.9999904632568,391.6666564941406,209.33333015441895,43536.0,20.33333396911621,607.6666564941406,0.03237792082467536,20.33333396911621,391.6666564941406,0,1,1,1,-43536.0,3,13.086399842584667,11.233296358890682,18877.43936751055,216.0
57522,3,2,1,1343.3333759307861,1212.3333740234375,447.7777919769287,191080.0,1233.0000400543213,110.33333587646484,0.9178660056741197,1212.3333740234375,110.33333587646484,1,1,0,1,162600.0,3,7.943143646427266,6.713174905280577,16294.679601426262,1212.3333740234375
12498,2,1,1,313.3333339691162,290.0,156.6666669845581,21256.0,23.33333396911621,290.0,0.0744680869843745,23.33333396911621,290.0,0,1,1,1,-21256.0,2,4.503300000000001,4.5033,1582.8936569398643,290.0
156174,5,1,4,1332.6666717529297,710.6666870117188,266.53333435058596,123680.0,27.0,1305.6666717529297,0.02026012998770759,27.0,710.6666870117188,0,1,1,1,-123680.0,5,14.744553275348833,10.347869990215377,90618.60583125651,40.0
144403,2,1,1,52.66666603088379,31.0,26.333333015441895,124728.0,21.66666603088379,31.0,0.41139239795772214,21.66666603088379,31.0,0,1,1,1,-124728.0,2,4.503324074780763,4.503324074780761,51312.151012470764,31.0
95825,6,2,4,1432.000020980835,597.6666870117188,238.6666701634725,87360.0,132.99999809265137,1299.0000228881836,0.09287709227933828,113.66666412353516,597.6666870117188,1,1,0,1,152.0,6,15.234586525412421,10.291095244338939,29028.206319907164,113.66666412353516
153712,2,1,1,257.6666660308838,234.0,128.8333330154419,17168.0,23.66666603088379,234.0,0.09184993307612059,23.66666603088379,234.0,0,1,1,1,-17168.0,2,4.503300000000003,4.503299999999999,1576.8796510508382,234.0
72269,2,1,1,185.0,178.0,92.5,16112.0,7.0,178.0,0.03783783783783784,7.0,178.0,0,1,1,1,-16112.0,2,9.00665,9.00665,609.6432432432432,178.0
88320,2,1,1,271.3333377838135,250.6666717529297,135.66666889190674,63960.0,20.66666603088379,250.6666717529297,0.07616707257458383,20.66666603088379,250.6666717529297,0,1,1,1,-63960.0,2,4.503300000000001,4.5033,4871.645961870381,250.6666717529297
145925,2,1,1,545.3333530426025,524.6666870117188,272.66667652130127,19112.0,20.66666603088379,524.6666870117188,0.03789730797791359,20.66666603088379,524.6666870117188,0,1,1,1,-19112.0,2,0.0,0.0,724.2933500738845,524.6666870117188
39555,3,2,1,2415.9999294281006,2105.333251953125,805.3333098093668,49032.0,2128.666585922241,287.3333435058594,0.8810706324921644,2105.333251953125,287.3333435058594,1,1,0,1,33424.0,3,12.008897532709286,8.491572879953134,4448.638252674835,2105.333251953125
40477,2,1,1,68.33333396911621,48.66666793823242,34.166666984558105,70400.0,19.66666603088379,48.66666793823242,0.2878048660668641,19.66666603088379,48.66666793823242,0,1,1,1,-70400.0,2,7.800001602563937,7.8000016025639365,20261.462571107237,48.66666793823242
46283,2,1,1,62.99999809265137,44.33333206176758,31.499999046325684,139184.0,18.66666603088379,44.33333206176758,0.29629629517498607,18.66666603088379,44.33333206176758,0,1,1,1,-139184.0,2,4.503350000000005,4.503350000000001,41239.70354763526,44.33333206176758
135908,3,1,2,686.333330154419,593.0,228.77777671813965,195752.0,22.66666603088379,663.6666641235352,0.03302573987742077,22.66666603088379,593.0,0,1,1,1,-195752.0,3,10.824666507000469,8.491572879953134,162215.05253697716,70.66666412353516
157846,2,1,1,43.000000953674316,31.33333396911621,21.500000476837158,128608.0,11.666666984558105,31.33333396911621,0.27131783083277344,11.666666984558105,31.33333396911621,0,1,1,1,-128608.0,2,7.800001602563938,7.800001602563938,34893.64358774133,31.33333396911621
122805,2,1,1,353.3333339691162,329.0,176.6666669845581,15288.0,24.33333396911621,329.0,0.06886792620376744,24.33333396911621,329.0,0,1,1,1,-15288.0,2,4.503324074780761,4.503324074780761,1052.8528558031967,329.0
142432,2,1,1,308.3333339691162,285.0,154.1666669845581,46240.0,23.33333396911621,285.0,0.07567567758163106,23.33333396911621,285.0,0,1,1,1,-46240.0,2,4.503349074855292,4.503349074855291,3499.2433313746205,285.0
26041,5,2,3,1012.0,487.0,202.4,147912.0,81.0,931.0,0.0800395256916996,71.0,487.0,0,1,1,1,-320.0,5,21.237393500672344,14.068867019401385,9209.312252964426,311.0
72854,4,2,2,699.6666564941406,478.6666564941406,174.91666412353516,131160.0,94.0,605.6666564941406,0.13434969228205204,75.0,478.6666564941406,0,1,1,1,-108360.0,4,15.761671562071868,11.700008730418752,87848.87252941192,127.0
98277,4,1,3,637.3333339691162,244.6666717529297,159.33333349227905,112616.0,21.33333396911621,616.0,0.03347280431145624,21.33333396911621,244.6666717529297,0,1,1,1,-112616.0,4,7.800000000040064,6.368679660013918,37393.30621314617,209.0
162809,4,2,2,434.0000057220459,245.6666717529297,108.50000143051147,68376.0,117.66666984558105,316.33333587646484,0.271121355516618,91.33333587646484,245.6666717529297,0,1,1,1,-45896.0,3,7.943143646427261,6.713174905280577,39524.264589350154,70.66666412353516
135585,3,1,2,643.6666812896729,380.3333435058594,214.55556042989096,16256.0,19.66666603088379,624.0000152587891,0.03055411535591523,19.66666603088379,380.3333435058594,0,1,1,1,-16256.0,3,5.200000000000001,5.199981467274666,499.7161818716481,380.3333435058594
44705,2,1,1,374.3333230018616,366.6666564941406,187.1666615009308,10072.0,7.666666507720947,366.6666564941406,0.020480854993726597,7.666666507720947,366.6666564941406,0,1,1,1,-10072.0,2,7.800001602563938,7.800001602563937,206.28317149681428,366.6666564941406
159735,2,1,1,374.3333435058594,361.3333435058594,187.1666717529297,110392.0,13.0,361.3333435058594,0.03472840511146321,13.0,361.3333435058594,0,1,1,1,-110392.0,2,7.800001602563938,7.800001602563937,3833.738097064647,361.3333435058594
78552,2,1,1,210.9999942779541,188.3333282470703,105.49999713897705,18608.0,22.66666603088379,188.3333282470703,0.10742496040556561,22.66666603088379,188.3333282470703,0,1,1,1,-18608.0,2,9.006673149531963,9.006673149531963,1998.9636632267648,188.3333282470703
135057,2,1,1,542.999979019165,519.3333129882812,271.4999895095825,140816.0,23.66666603088379,519.3333129882812,0.04358502199877337,23.66666603088379,519.3333129882812,0,1,1,1,-140816.0,2,7.8,7.799999999999999,6137.468457779271,519.3333129882812
109248,2,1,1,189.6666612625122,181.3333282470703,94.8333306312561,130448.0,8.333333015441895,181.3333282470703,0.043936730683037474,8.333333015441895,181.3333282470703,0,1,1,1,-130448.0,2,9.006673149531963,9.006673149531963,5731.458644140872,181.3333282470703
93733,2,1,1,380.6666774749756,359.3333435058594,190.3333387374878,27272.0,21.33333396911621,359.3333435058594,0.05604203160261809,21.33333396911621,359.3333435058594,0,1,1,1,-27272.0,2,0.0,0.0,1528.3782858666007,359.3333435058594
36868,2,1,1,218.00000476837158,209.6666717529297,109.00000238418579,78208.0,8.333333015441895,209.6666717529297,0.03822629739983809,8.333333015441895,209.6666717529297,0,1,1,1,-78208.0,2,4.50334907485529,4.50334907485529,2989.6022670465377,209.6666717529297
90433,2,1,1,68.66666793823242,43.66666793823242,34.33333396911621,25552.0,25.0,43.66666793823242,0.3640776631609414,25.0,43.66666793823242,0,1,1,1,-25552.0,2,0.0,0.0,9302.912449088375,43.66666793823242
13965,2,1,1,72.0,50.0,36.0,125144.0,22.0,50.0,0.3055555555555556,22.0,50.0,0,1,1,1,-125144.0,2,9.006673149531961,9.006673149531961,38238.444444444445,50.0
38622,2,1,1,354.99999046325684,331.6666564941406,177.49999523162842,19832.0,23.33333396911621,331.6666564941406,0.06572770308716742,23.33333396911621,331.6666564941406,0,1,1,1,-19832.0,2,4.503324074780762,4.503324074780761,1303.5118076247043,331.6666564941406
75593,3,1,2,835.0000152587891,674.6666870117188,278.3333384195964,166720.0,23.0,812.0000152587891,0.02754490967628507,23.0,674.6666870117188,0,1,1,1,-166720.0,3,10.824666507000469,8.491572879953134,127813.0856116913,137.3333282470703
98490,3,2,1,492.66666984558105,377.0,164.22222328186035,170040.0,398.3333339691162,94.33333587646484,0.8085250299030129,377.0,94.33333587646484,1,1,0,1,56256.0,3,9.006681482901701,7.353917832164173,18134.64721284121,377.0
112327,6,2,4,1527.9999694824219,587.3333129882812,254.66666158040366,187840.0,357.6666564941406,1170.3333129882812,0.23407504164760734,337.6666564941406,587.3333129882812,0,1,1,1,-41120.0,5,9.00668,9.006658519650891,29125.169400143637,411.0
17491,2,1,1,437.3333339691162,415.0,218.6666669845581,22360.0,22.33333396911621,415.0,0.05106707455026366,22.33333396911621,415.0,0,1,1,1,-22360.0,2,4.50334907485529,4.50334907485529,1141.8597869438954,415.0
24481,2,1,1,43.333333015441895,31.66666603088379,21.666666507720947,181296.0,11.666666984558105,31.66666603088379,0.2692307785417907,11.666666984558105,31.66666603088379,0,1,1,1,-181296.0,2,9.006673149531963,9.006673149531961,48810.46322651249,31.66666603088379
4924,2,1,1,51.33333206176758,31.66666603088379,25.66666603088379,24616.0,19.66666603088379,31.66666603088379,0.38311688022159923,19.66666603088379,31.66666603088379,0,1,1,1,-24616.0,2,4.503324074780761,4.503324074780761,9430.805123534887,31.66666603088379
129743,2,1,1,110.66666984558105,89.33333587646484,55.33333492279053,66920.0,21.33333396911621,89.33333587646484,0.19277108454500094,21.33333396911621,89.33333587646484,0,1,1,1,-66920.0,2,9.0067,9.0067,12900.240977751462,89.33333587646484
30084,3,1,2,743.0000057220459,514.0,247.6666685740153,75888.0,18.33333396911621,724.6666717529297,0.024674742702457876,18.33333396911621,514.0,0,1,1,1,-75888.0,3,6.0044320997076825,4.245774654877482,39179.36988433666,210.6666717529297
148217,2,1,1,282.3333339691162,262.0,141.1666669845581,22408.0,20.33333396911621,262.0,0.07201889229041736,20.33333396911621,262.0,0,1,1,1,-22408.0,2,4.50334907485529,4.50334907485529,1613.799338443672,262.0
1395,3,1,2,984.6666660308838,567.0,328.2222220102946,14016.0,22.66666603088379,962.0,0.023019633763222015,22.66666603088379,567.0,0,1,1,1,-14016.0,3,10.824666507000469,8.491572879953134,1019.0412915403753,567.0
14122,2,1,1,674.3333339691162,653.0,337.1666669845581,16336.0,21.33333396911621,653.0,0.03163618479832298,21.33333396911621,653.0,0,1,1,1,-16336.0,2,4.503324074780761,4.503324074780761,516.8087148654043,653.0
146021,2,1,1,104.66666412353516,84.66666412353516,52.33333206176758,20872.0,20.0,84.66666412353516,0.19108280719059276,20.0,84.66666412353516,0,1,1,1,-20872.0,2,4.503300000000001,4.5033,3988.280351682052,84.66666412353516
3120,2,1,1,230.3333282470703,208.3333282470703,115.16666412353516,32512.0,22.0,208.3333282470703,0.0955137503001797,22.0,208.3333282470703,0,1,1,1,-32512.0,2,4.503324074780764,4.503324074780761,3105.3430497594422,208.3333282470703
22046,2,1,1,281.3333435058594,262.3333435058594,140.6666717529297,20280.0,19.0,262.3333435058594,0.06753554258172843,19.0,262.3333435058594,0,1,1,1,-20280.0,2,4.503350000000001,4.503349999999999,1369.6208035574527,262.3333435058594
50941,2,1,1,417.3333225250244,396.6666564941406,208.6666612625122,14768.0,20.66666603088379,396.6666564941406,0.0495207665322353,20.66666603088379,396.6666564941406,0,1,1,1,-14768.0,2,4.503350000000001,4.503349999999999,731.322680148051,396.6666564941406
7548,2,1,1,147.00000190734863,124.33333587646484,73.50000095367432,21904.0,22.66666603088379,124.33333587646484,0.15419500501210992,22.66666603088379,124.33333587646484,0,1,1,1,-21904.0,2,0.0,0.0,3377.4873897852553,124.33333587646484
95914,2,1,1,138.33333015441895,118.66666412353516,69.16666507720947,152520.0,19.66666603088379,118.66666412353516,0.14216867336982528,19.66666603088379,118.66666412353516,0,1,1,1,-152520.0,2,9.006673149531963,9.006673149531961,21683.566062365753,118.66666412353516
161504,2,1,1,660.3333339691162,639.0,330.1666669845581,13928.0,21.33333396911621,639.0,0.032306916630857184,21.33333396911621,639.0,0,1,1,1,-13928.0,2,4.503350000000005,4.503350000000001,449.9707348345788,639.0
30531,2,1,1,65.66666603088379,46.0,32.833333015441895,129184.0,19.66666603088379,46.0,0.2994923790045063,19.66666603088379,46.0,0,1,1,1,-129184.0,2,9.006673149531965,9.006673149531963,38689.623489318146,46.0
113106,6,1,5,2238.6666507720947,1069.0,373.1111084620158,119664.0,17.66666603088379,2220.999984741211,0.007891601916163232,17.66666603088379,1069.0,0,1,1,1,-119664.0,5,19.063544751425425,14.854178165701393,4850.938654672245,789.3333129882812
137327,3,1,2,274.00000190734863,182.6666717529297,91.33333396911621,24584.0,20.66666603088379,253.33333587646484,0.075425787908834,20.66666603088379,182.6666717529297,0,1,1,1,-24584.0,3,6.004465433140386,4.245798225173789,1859.6009033954863,70.66666412353516
73348,3,1,2,564.6666774749756,399.3333435058594,188.22222582499185,188288.0,21.33333396911621,543.3333435058594,0.03778040181955246,21.33333396911621,399.3333435058594,0,1,1,1,-188288.0,3,7.943143646427263,6.713174905280577,119570.01259437141,144.0
78762,2,1,1,113.33333015441895,90.66666412353516,56.66666507720947,18536.0,22.66666603088379,90.66666412353516,0.2,22.66666603088379,90.66666412353516,0,1,1,1,-18536.0,2,4.503350000000001,4.503349999999999,3707.2,90.66666412353516
7766,3,1,2,386.3333435058594,280.3333435058594,128.77778116861978,156208.0,21.0,365.3333435058594,0.054357203055349274,21.0,280.3333435058594,0,1,1,1,-156208.0,3,10.824672327039638,8.491567423561381,36491.30533768226,280.3333435058594
76813,2,1,1,61.33333396911621,41.0,30.666666984558105,112920.0,20.33333396911621,41.0,0.3315217460598972,20.33333396911621,41.0,0,1,1,1,-112920.0,2,9.0067,9.0067,37435.43556508359,41.0
147874,3,1,2,560.3333377838135,364.3333435058594,186.77777926127115,155952.0,20.66666603088379,539.6666717529297,0.03688280642487375,20.66666603088379,364.3333435058594,0,1,1,1,-155952.0,3,10.824657262010655,8.491549309754964,96593.83859402151,175.3333282470703
39408,2,1,1,641.0,628.0,320.5,55200.0,13.0,628.0,0.0202808112324493,13.0,628.0,0,1,1,1,-55200.0,2,4.50335,4.50335,1119.5007800312012,628.0
52740,2,1,1,68.0,45.0,34.0,39024.0,23.0,45.0,0.3382352941176471,23.0,45.0,0,1,1,1,-39024.0,2,0.0,0.0,13199.29411764706,45.0
118229,2,1,1,259.6666717529297,238.6666717529297,129.83333587646484,18792.0,21.0,238.6666717529297,0.0808729124081865,21.0,238.6666717529297,0,1,1,1,-18792.0,2,4.503350000000001,4.503349999999999,1519.7637699746408,238.6666717529297
36414,3,1,2,521.3333225250244,462.6666564941406,173.77777417500815,173056.0,22.66666603088379,498.6666564941406,0.04347826055142633,22.66666603088379,462.6666564941406,0,1,1,1,-173056.0,3,7.943143646427262,6.713174905280577,147289.73890001824,36.0
53203,3,2,1,163.3333339691162,81.0,54.44444465637207,148720.0,82.33333396911621,81.0,0.5040816345834473,58.66666793823242,81.0,0,1,1,1,-42296.0,3,13.08637307740808,9.957235157188745,36741.256750218694,81.0
108625,3,1,2,1270.333333015442,745.3333129882812,423.44444433848065,105256.0,9.333333015441895,1261.0,0.007347152729816971,9.333333015441895,745.3333129882812,0,1,1,1,-105256.0,3,7.943143646427262,6.713174905280577,29006.424820328266,515.6666870117188
137268,2,1,1,497.00000953674316,471.3333435058594,248.50000476837158,22344.0,25.66666603088379,471.3333435058594,0.051643190218060256,25.66666603088379,471.3333435058594,0,1,1,1,-22344.0,2,4.503324074780764,4.503324074780762,1153.9154422323384,471.3333435058594
76376,2,1,1,177.66666221618652,157.3333282470703,88.83333110809326,25272.0,20.33333396911621,157.3333282470703,0.1144465355260314,20.33333396911621,157.3333282470703,0,1,1,1,-25272.0,2,4.503350000000001,4.50335,2892.2928458138654,157.3333282470703
145413,3,2,1,489.00000953674316,327.3333435058594,163.0000031789144,113496.0,357.00000953674316,132.0,0.7300613549577414,327.3333435058594,132.0,0,1,1,1,-456.0,3,12.008897532709282,8.491572879953134,7190.821807572265,132.0
38792,2,1,1,138.00000190734863,116.33333587646484,69.00000095367432,16520.0,21.66666603088379,116.33333587646484,0.1570048241407308,21.66666603088379,116.33333587646484,0,1,1,1,-16520.0,2,4.503324074780764,4.503324074780762,2593.719694804873,116.33333587646484
95004,2,1,1,916.9999799728394,904.3333129882812,458.4999899864197,169088.0,12.666666984558105,904.3333129882812,0.013813159499668997,12.666666984558105,904.3333129882812,0,1,1,1,-169088.0,2,7.800001602563938,7.800001602563937,2335.6395134800314,904.3333129882812
51447,2,1,1,181.3333282470703,159.3333282470703,90.66666412353516,21968.0,22.0,159.3333282470703,0.12132353281479816,22.0,159.3333282470703,0,1,1,1,-21968.0,2,4.503350000000001,4.50335,2665.2353688754856,159.3333282470703
36594,3,1,2,472.00000953674316,384.3333435058594,157.3333365122477,147680.0,24.66666603088379,447.3333435058594,0.052259884602742994,24.66666603088379,384.3333435058594,0,1,1,1,-147680.0,3,12.008866666666666,8.491551054365091,110816.78560158386,63.0
41455,2,1,1,503.9999895095825,494.6666564941406,251.99999475479126,42472.0,9.333333015441895,494.6666564941406,0.01851851827323191,9.333333015441895,494.6666564941406,0,1,1,1,-42472.0,2,7.800001602563938,7.800001602563937,786.5185081007056,494.6666564941406
84173,3,1,2,410.99999809265137,356.0,136.99999936421713,35208.0,22.66666603088379,388.3333320617676,0.055150039260521026,22.66666603088379,356.0,0,1,1,1,-35208.0,3,10.824657262010655,8.491549309754964,2812.126445037612,356.0
133890,2,1,1,153.3333282470703,131.3333282470703,76.66666412353516,117568.0,22.0,131.3333282470703,0.14347826562892302,22.0,131.3333282470703,0,1,1,1,-117568.0,2,9.006673149531965,9.006673149531963,16868.45273346122,131.3333282470703
74403,4,1,3,358.6666679382324,235.0,89.6666669845581,62760.0,21.0,337.6666679382324,0.05855018566603045,21.0,235.0,0,1,1,1,-62760.0,4,16.99970661511545,10.798615140146442,38323.546170246926,67.33333587646484
158984,3,1,2,249.00000190734863,182.0,83.00000063578288,16352.0,23.33333396911621,225.66666793823242,0.09370816783285969,23.33333396911621,182.0,0,1,1,1,-16352.0,3,6.00446543314039,4.245798225173788,1539.330686122399,182.0
87531,2,1,1,171.3333282470703,156.3333282470703,85.66666412353516,72104.0,15.0,156.3333282470703,0.08754864073129619,15.0,156.3333282470703,0,1,1,1,-72104.0,2,9.006699999999999,9.006699999999999,6312.60719128938,156.3333282470703
68656,2,1,1,102.00000286102295,87.33333587646484,51.000001430511475,23216.0,14.666666984558105,87.33333587646484,0.14379084875656065,14.666666984558105,87.33333587646484,0,1,1,1,-23216.0,2,4.5033,4.5033,3338.2483447323125,87.33333587646484
65134,3,1,2,573.3333415985107,467.3333435058594,191.11111386617026,95352.0,20.33333396911621,553.0000076293945,0.035465116876728014,20.33333396911621,467.3333435058594,0,1,1,1,-95352.0,3,13.08637307740808,9.957235157188745,60407.20512735492,85.66666412353516
53170,2,1,1,607.3333530426025,588.6666870117188,303.66667652130127,14432.0,18.66666603088379,588.6666870117188,0.030735453499084187,18.66666603088379,588.6666870117188,0,1,1,1,-14432.0,2,4.503349074855292,4.503349074855291,443.574064898783,588.6666870117188
4625,3,1,2,895.6666564941406,560.0,298.55555216471356,195176.0,8.0,887.6666564941406,0.00893189440736129,8.0,560.0,0,1,1,1,-195176.0,3,6.0044666666666675,4.245799097408586,4172.43912344474,560.0
77907,2,1,1,296.6666564941406,281.6666564941406,148.3333282470703,148088.0,15.0,281.6666564941406,0.05056179948654344,15.0,281.6666564941406,0,1,1,1,-148088.0,2,4.503324074780762,4.503324074780761,7487.595762363246,281.6666564941406
43864,3,1,2,451.3333206176758,318.6666564941406,150.44444020589194,185664.0,19.0,432.3333206176758,0.04209749010774875,19.0,318.6666564941406,0,1,1,1,-185664.0,3,9.006681482901703,7.353917832164173,124236.17112795524,113.66666412353516
80880,2,1,1,199.6666717529297,177.6666717529297,99.83333587646484,17704.0,22.0,177.6666717529297,0.11018363659220556,22.0,177.6666717529297,0,1,1,1,-17704.0,2,0.0,0.0,1950.6911022284073,177.6666717529297
17588,2,1,1,296.00000953674316,274.3333435058594,148.00000476837158,14152.0,21.66666603088379,274.3333435058594,0.07319819369193045,21.66666603088379,274.3333435058594,0,1,1,1,-14152.0,2,7.800001602563938,7.800001602563937,1035.9008371281998,274.3333435058594
56,2,1,1,59.33333206176758,50.33333206176758,29.66666603088379,179224.0,9.0,50.33333206176758,0.15168539650917903,9.0,50.33333206176758,0,1,1,1,-179224.0,2,9.006673149531963,9.006673149531961,27185.663503961103,50.33333206176758
26063,2,1,1,477.6666564941406,455.6666564941406,238.8333282470703,17160.0,22.0,455.6666564941406,0.0460572235907571,22.0,455.6666564941406,0,1,1,1,-17160.0,2,4.50334907485529,4.50334907485529,790.3419568173917,455.6666564941406
137263,3,1,2,492.66666412353516,404.0,164.22222137451172,119824.0,23.0,469.66666412353516,0.046684709307290975,23.0,404.0,0,1,1,1,-119824.0,3,9.0067,7.35393975544175,84067.25889132766,65.66666412353516
65862,2,1,1,154.6666717529297,130.6666717529297,77.33333587646484,22152.0,24.0,130.6666717529297,0.15517240869020893,24.0,130.6666717529297,0,1,1,1,-22152.0,2,4.503350000000005,4.503350000000001,3437.3791973055086,130.6666717529297
17741,2,1,1,257.3333339691162,236.0,128.6666669845581,22304.0,21.33333396911621,236.0,0.08290155666998246,21.33333396911621,236.0,0,1,1,1,-22304.0,2,4.50335,4.50335,1849.0363199672888,236.0
46207,2,1,1,241.6666717529297,226.6666717529297,120.83333587646484,64208.0,15.0,226.6666717529297,0.06206896421090037,15.0,226.6666717529297,0,1,1,1,-64208.0,2,9.006673149531963,9.006673149531963,3985.3240540534907,226.6666717529297
76,2,1,1,604.0000200271606,592.6666870117188,302.0000100135803,43888.0,11.333333015441895,592.6666870117188,0.018763795761020434,11.333333015441895,592.6666870117188,0,1,1,1,-43888.0,2,7.800001602563938,7.800001602563938,823.5054683596649,592.6666870117188
24218,3,1,2,409.66666984558105,263.0,136.5555566151937,140368.0,23.33333396911621,386.33333587646484,0.05695687661852362,23.33333396911621,263.0,0,1,1,1,-140368.0,2,4.503299999999999,4.503299999999999,83456.44871588933,123.33333587646484
66146,4,1,3,581.6666564941406,429.6666564941406,145.41666412353516,89544.0,22.0,559.6666564941406,0.037822350231659904,22.0,429.6666564941406,0,1,1,1,-89544.0,4,12.536726392483803,9.283850181632618,60964.488038307136,60.0
36902,3,1,2,491.6666660308838,372.0,163.88888867696127,175496.0,18.66666603088379,473.0,0.03796610045089217,18.66666603088379,372.0,0,1,1,1,-175496.0,2,4.50334907485529,4.50334907485529,125892.5558680603,101.0
62681,2,1,1,81.33333206176758,58.33333206176758,40.66666603088379,15008.0,23.0,58.33333206176758,0.28278688966699334,23.0,58.33333206176758,0,1,1,1,-15008.0,2,4.503324074780762,4.503324074780761,4244.065640122236,58.33333206176758
78096,3,1,2,215.6666693687439,136.0,71.8888897895813,54872.0,7.333333492279053,208.33333587646484,0.03400309150108226,7.333333492279053,136.0,0,1,1,1,-54872.0,3,7.9431291825073576,6.713166348303906,26989.032159792365,72.33333587646484
48153,3,1,2,301.99999809265137,164.3333282470703,100.66666603088379,183864.0,21.33333396911621,280.66666412353516,0.07064017915182669,21.33333396911621,164.3333282470703,0,1,1,1,-183864.0,3,7.943149246433124,6.713167451773831,103896.07769977543,116.33333587646484
155392,2,1,1,506.6666660308838,482.0,253.3333330154419,14104.0,24.66666603088379,482.0,0.048684209332571796,24.66666603088379,482.0,0,1,1,1,-14104.0,2,4.503324074780761,4.50332407478076,686.6420884265926,482.0
33014,3,1,2,637.0,408.0,212.33333333333334,170072.0,21.0,616.0,0.03296703296703297,21.0,408.0,0,1,1,1,-170072.0,3,10.400002136751915,7.353912035251864,102794.03453689168,208.0
71566,2,1,1,582.3333129882812,562.3333129882812,291.1666564941406,17928.0,20.0,562.3333129882812,0.03434459192686178,20.0,562.3333129882812,0,1,1,1,-17928.0,2,7.800001602563937,7.8000016025639365,615.729844064778,562.3333129882812
111218,2,1,1,320.3333339691162,295.0,160.1666669845581,59952.0,25.33333396911621,295.0,0.07908428902862365,25.33333396911621,295.0,0,1,1,1,-59952.0,2,0.0,0.0,4741.261295844045,295.0
142923,2,1,1,192.00000476837158,177.6666717529297,96.00000238418579,65832.0,14.333333015441895,177.6666717529297,0.0746527742680715,14.333333015441895,177.6666717529297,0,1,1,1,-65832.0,2,9.006673149531963,9.006673149531963,4914.5414356156825,177.6666717529297
9595,3,1,2,338.0000057220459,198.6666717529297,112.6666685740153,42744.0,20.33333396911621,317.6666717529297,0.060157791789617054,20.33333396911621,198.6666717529297,0,1,1,1,-42744.0,3,10.824657262010653,8.491549309754964,14712.386729939251,119.0
123717,3,1,2,702.3333339691162,473.0,234.11111132303873,87872.0,20.33333396911621,682.0,0.02895111620888883,20.33333396911621,473.0,0,1,1,1,-87872.0,3,10.400002136751917,7.353912035251865,17575.328018073214,473.0
61207,2,1,1,108.33333587646484,100.33333587646484,54.16666793823242,82896.0,8.0,100.33333587646484,0.07384615211261099,8.0,100.33333587646484,0,1,1,1,-82896.0,2,0.0,0.0,6121.550625527,100.33333587646484
101093,3,1,2,412.3333411216736,328.3333435058594,137.44444704055786,69200.0,7.333333492279053,405.00000762939453,0.01778496367121351,7.333333492279053,328.3333435058594,0,1,1,1,-69200.0,3,10.824655205645634,8.49155651076736,1300.792243564786,76.66666412353516
17690,2,1,1,493.3333339691162,467.0,246.6666669845581,15288.0,26.33333396911621,467.0,0.05337837959833612,26.33333396911621,467.0,0,1,1,1,-15288.0,2,4.50334907485529,4.50334907485529,816.0486672993626,467.0
135626,2,1,1,129.99999713897705,121.66666412353516,64.99999856948853,126624.0,8.333333015441895,121.66666412353516,0.06410256306800614,8.333333015441895,121.66666412353516,0,1,1,1,-126624.0,2,4.503324074780761,4.503324074780761,8116.92294592321,121.66666412353516
8135,3,2,1,243.33332538604736,158.3333282470703,81.11110846201579,10976.0,167.6666612625122,75.66666412353516,0.6890410961856939,158.3333282470703,75.66666412353516,0,1,1,1,-544.0,2,4.503299999999999,4.503299999999999,774.9698626142614,75.66666412353516
7604,2,1,1,198.3333387374878,187.6666717529297,99.1666693687439,131712.0,10.666666984558105,187.6666717529297,0.05378151274242607,10.666666984558105,187.6666717529297,0,1,1,1,-131712.0,2,9.006673149531963,9.006673149531963,7083.670606330423,187.6666717529297
49910,2,1,1,193.6666660308838,176.0,96.8333330154419,74344.0,17.66666603088379,176.0,0.09122202799766536,17.66666603088379,176.0,0,1,1,1,-74344.0,2,7.800000000000001,7.8,6781.810449458434,176.0
125653,2,1,1,190.3333339691162,173.0,95.1666669845581,129640.0,17.33333396911621,173.0,0.09106830426208341,17.33333396911621,173.0,0,1,1,1,-129640.0,2,0.0,0.0,11806.094964536493,173.0
82164,2,1,1,637.000020980835,615.6666870117188,318.5000104904175,17536.0,21.33333396911621,615.6666870117188,0.03349031909962536,21.33333396911621,615.6666870117188,0,1,1,1,-17536.0,2,0.0,0.0,587.2862357310303,615.6666870117188
42023,3,1,2,415.0000057220459,204.6666717529297,138.33333524068198,139632.0,16.33333396911621,398.6666717529297,0.039357430708219725,16.33333396911621,204.6666717529297,0,1,1,1,-139632.0,3,7.943143646427262,6.713174905280579,5511.338290929151,194.0
72542,2,1,1,204.66666221618652,182.3333282470703,102.33333110809326,30544.0,22.33333396911621,182.3333282470703,0.10912052665189714,22.33333396911621,182.3333282470703,0,1,1,1,-30544.0,2,0.0,0.0,3332.977366055546,182.3333282470703
156611,3,1,2,274.6666717529297,202.6666717529297,91.55555725097656,29224.0,24.0,250.6666717529297,0.08737863915862594,24.0,202.6666717529297,0,1,1,1,-29224.0,3,12.008897532709282,8.491572879953132,3581.1261472771257,202.6666717529297
10353,4,1,3,535.3333263397217,261.6666564941406,133.83333158493042,152072.0,19.33333396911621,515.9999923706055,0.03611457202058687,19.33333396911621,261.6666564941406,0,1,1,1,-152072.0,4,7.8,6.3686619823162225,64980.50497506066,261.6666564941406
91055,3,1,2,373.3333225250244,285.6666564941406,124.4444408416748,118104.0,17.66666603088379,355.6666564941406,0.04732142823843322,17.66666603088379,285.6666564941406,0,1,1,1,-118104.0,3,13.75793025458408,10.400020669530742,77050.4066276702,70.0
160193,2,1,1,122.66666984558105,101.33333587646484,61.33333492279053,18704.0,21.33333396911621,101.33333587646484,0.17391304415430597,21.33333396911621,101.33333587646484,0,1,1,1,-18704.0,2,4.503324074780762,4.503324074780761,3252.869577862139,101.33333587646484
8192,3,1,2,149.6666669845581,106.0,49.8888889948527,151064.0,12.333333015441895,137.3333339691162,0.0824053429125564,12.333333015441895,106.0,0,1,1,1,-151064.0,3,10.4,7.353910524340095,17762.725807150167,106.0
6565,2,1,1,556.999979019165,534.3333129882812,278.4999895095825,19584.0,22.66666603088379,534.3333129882812,0.04069419548416874,22.66666603088379,534.3333129882812,0,1,1,1,-19584.0,2,0.0,0.0,796.9551243619607,534.3333129882812
46798,2,1,1,70.99999904632568,61.33333206176758,35.49999952316284,105384.0,9.666666984558105,61.33333206176758,0.13615024104790271,9.666666984558105,61.33333206176758,0,1,1,1,-105384.0,2,7.800001602563938,7.800001602563938,14348.05700259218,61.33333206176758
16298,2,1,1,465.3333225250244,441.6666564941406,232.6666612625122,22120.0,23.66666603088379,441.6666564941406,0.050859598668889776,23.66666603088379,441.6666564941406,0,1,1,1,-22120.0,2,4.50334907485529,4.50334907485529,1125.0143225558418,441.6666564941406
117637,3,1,2,238.3333339691162,171.0,79.44444465637207,158408.0,23.66666603088379,214.66666793823242,0.09930069636818227,23.66666603088379,171.0,0,1,1,1,-158408.0,3,7.9431291825073576,6.713166348303906,15741.750584727066,171.0
152779,3,1,2,792.0,439.0,264.0,144328.0,22.0,770.0,0.027777777777777776,22.0,439.0,0,1,1,1,-144328.0,2,4.50335,4.50335,55541.46464646464,439.0
149376,3,1,2,407.33334159851074,298.3333435058594,135.7777805328369,183112.0,25.33333396911621,382.00000762939453,0.06219312632179785,25.33333396911621,298.3333435058594,0,1,1,1,-183112.0,3,13.757918132277299,10.400005167413244,131789.97880384733,83.66666412353516
5673,6,1,5,538.3333215713501,349.6666564941406,89.72222026189168,142200.0,12.666666984558105,525.666654586792,0.023529412869307736,12.666666984558105,349.6666564941406,0,1,1,1,-142200.0,6,19.164947016304996,11.530262510840284,99196.08667265665,41.33333206176758
22327,3,1,2,173.66666412353516,83.0,57.88888804117838,124808.0,25.0,148.66666412353516,0.1439539368489086,25.0,83.0,0,1,1,1,-124808.0,3,10.400002136751915,7.353912035251864,65885.48273064557,65.66666412353516
69019,2,1,1,82.66666889190674,74.33333587646484,41.33333444595337,47640.0,8.333333015441895,74.33333587646484,0.10080644505391154,8.333333015441895,74.33333587646484,0,1,1,1,-47640.0,2,7.8,7.8,4802.419042368346,74.33333587646484
148845,5,1,4,1127.3333225250244,569.3333129882812,225.46666450500487,132152.0,23.33333396911621,1103.9999885559082,0.02069781270800523,23.33333396911621,569.3333129882812,0,1,1,1,-132152.0,5,16.50947290256112,12.217227793963735,72109.60713184031,401.3333435058594
81658,2,1,1,54.66666793823242,47.66666793823242,27.33333396911621,91192.0,7.0,47.66666793823242,0.1280487775093456,7.0,47.66666793823242,0,1,1,1,-91192.0,2,7.800001602563938,7.800001602563938,11677.024118632244,47.66666793823242
124112,2,1,1,96.66666412353516,75.66666412353516,48.33333206176758,17296.0,21.0,75.66666412353516,0.217241385025587,21.0,75.66666412353516,0,1,1,1,-17296.0,2,4.503324074780764,4.503324074780762,3757.406995402553,75.66666412353516
152167,3,1,2,104.00000190734863,43.0,34.66666730244955,173536.0,21.33333396911621,82.66666793823242,0.20512820747947313,21.33333396911621,43.0,0,1,1,1,-173536.0,3,10.824666507000472,8.491572879953134,92866.64221920156,43.0
51013,2,1,1,489.99999046325684,472.6666564941406,244.99999523162842,19416.0,17.33333396911621,472.6666564941406,0.03537415164585798,17.33333396911621,472.6666564941406,0,1,1,1,-19416.0,2,4.503350000000001,4.50335,686.8245283559785,472.6666564941406
103957,2,1,1,161.6666669845581,153.0,80.83333349227905,161344.0,8.666666984558105,153.0,0.05360824928360723,8.666666984558105,153.0,0,1,1,1,-161344.0,2,4.503324074780764,4.503324074780761,8649.369372414325,153.0
68004,3,1,2,123.33333206176758,54.33333206176758,41.11111068725586,174072.0,19.0,104.33333206176758,0.15405405564235022,19.0,54.33333206176758,0,1,1,1,-174072.0,3,18.0133,14.707797861225409,34101.275856773536,50.0
16133,3,1,2,188.99999809265137,95.0,62.999999364217125,20528.0,22.33333396911621,166.66666412353516,0.1181657893888866,22.33333396911621,95.0,0,1,1,1,-20528.0,3,6.004466666666667,4.245799097408585,2461.897801130767,71.66666412353516
51073,6,1,5,3085.333360671997,1210.0,514.2222267786661,83360.0,17.33333396911621,3068.000026702881,0.00561797768437604,17.33333396911621,1210.0,0,1,1,1,-83360.0,6,18.808862744646323,12.648572910071273,26408.582759019508,396.6666564941406
89519,2,1,1,126.33333396911621,106.0,63.166666984558105,20360.0,20.33333396911621,106.0,0.16094987229646732,20.33333396911621,106.0,0,1,1,1,-20360.0,2,7.800001602563937,7.8000016025639365,3276.939399956075,106.0
27427,2,1,1,159.6666660308838,138.0,79.8333330154419,149936.0,21.66666603088379,138.0,0.1356993702536062,21.66666603088379,138.0,0,1,1,1,-149936.0,2,9.006673149531963,9.006673149531963,20346.2207783447,138.0
29713,2,1,1,239.66666221618652,217.3333282470703,119.83333110809326,28152.0,22.33333396911621,217.3333282470703,0.09318498352086563,22.33333396911621,217.3333282470703,0,1,1,1,-28152.0,2,4.50335,4.50335,2623.3436560794094,217.3333282470703
74989,2,1,1,1557.9999589920044,1547.6666259765625,778.9999794960022,41920.0,10.333333015441895,1547.6666259765625,0.006632434715933728,10.333333015441895,1547.6666259765625,0,1,1,1,-41920.0,2,7.800001602563938,7.800001602563937,278.03166329194187,1547.6666259765625
125337,2,1,1,321.00000953674316,298.3333435058594,160.50000476837158,32856.0,22.66666603088379,298.3333435058594,0.07061266466501229,22.66666603088379,298.3333435058594,0,1,1,1,-32856.0,2,4.503324074780762,4.503324074780761,2320.0497102336435,298.3333435058594
42646,2,1,1,335.3333435058594,310.3333435058594,167.6666717529297,55320.0,25.0,310.3333435058594,0.07455268163502257,25.0,310.3333435058594,0,1,1,1,-55320.0,2,0.0,0.0,4124.254348049449,310.3333435058594
143770,3,1,2,747.9999904632568,441.6666564941406,249.33333015441895,100368.0,22.33333396911621,725.6666564941406,0.02985739873510502,22.33333396911621,441.6666564941406,0,1,1,1,-100368.0,3,10.824657262010655,8.491549309754964,50673.10836768926,284.0
106845,4,1,3,847.3333206176758,616.3333129882812,211.83333015441895,145152.0,20.0,827.3333206176758,0.023603462195279555,20.0,616.3333129882812,0,1,1,1,-145152.0,4,11.258310186951904,7.467918132711084,108249.03747408884,67.33333587646484
129776,2,1,1,243.0000057220459,221.6666717529297,121.50000286102295,19304.0,21.33333396911621,221.6666717529297,0.08779149574802157,21.33333396911621,221.6666717529297,0,1,1,1,-19304.0,2,7.800001602563937,7.800001602563937,1694.7270339198085,221.6666717529297
40800,4,1,3,547.0000171661377,291.3333435058594,136.75000429153442,158576.0,19.66666603088379,527.3333511352539,0.03595368448573655,19.66666603088379,291.3333435058594,0,1,1,1,-158576.0,4,19.238261115953932,13.32104606391236,103958.89328187723,79.33333587646484
107375,3,2,1,253.9999942779541,146.3333282470703,84.66666475931804,18240.0,107.66666603088379,146.3333282470703,0.4238845214817735,82.0,146.3333282470703,0,1,1,1,-552.0,2,0.0,0.0,2021.3543305889864,146.3333282470703
93841,2,1,1,97.66666984558105,76.33333587646484,48.83333492279053,30328.0,21.33333396911621,76.33333587646484,0.21843003352982082,21.33333396911621,76.33333587646484,0,1,1,1,-30328.0,2,4.503324074780762,4.503324074780761,6624.546056892406,76.33333587646484
158240,6,2,4,1417.3333435058594,561.0,236.22222391764322,68448.0,106.33333587646484,1311.0000076293945,0.07502351960015485,84.33333587646484,561.0,0,1,1,1,-264.0,6,16.9166582191194,11.530249773783453,17135.983273711732,561.0
151466,3,1,2,877.0,503.0,292.3333333333333,44088.0,21.0,856.0,0.02394526795895097,21.0,503.0,0,1,1,1,-44088.0,3,15.011099999999999,11.233283984955898,16683.68529076397,353.0
75997,2,1,1,533.3333225250244,510.6666564941406,266.6666612625122,14480.0,22.66666603088379,510.6666564941406,0.04249999966919422,22.66666603088379,510.6666564941406,0,1,1,1,-14480.0,2,4.503324074780761,4.503324074780761,615.3999952099323,510.6666564941406
137193,3,1,2,429.0000114440918,359.3333435058594,143.00000381469727,41816.0,19.0,410.0000114440918,0.04428904310758071,19.0,359.3333435058594,0,1,1,1,-41816.0,3,5.200029935918103,5.200010334818789,2019.5119943815646,50.66666793823242
69891,2,1,1,126.33333587646484,101.33333587646484,63.16666793823242,18872.0,25.0,101.33333587646484,0.19788917807447332,25.0,101.33333587646484,0,1,1,1,-18872.0,2,0.0,0.0,3734.5645686214602,101.33333587646484
101100,5,2,3,1339.0000228881836,1017.6666870117188,267.80000457763674,170272.0,81.0,1258.0000228881836,0.06049290411906445,73.0,1017.6666870117188,0,1,1,1,-224.0,5,12.60933375914842,11.534147650277413,1117.0883573498484,111.66666412353516
124774,2,1,1,707.3333129882812,686.3333129882812,353.6666564941406,13968.0,21.0,686.3333129882812,0.029688973521239934,21.0,686.3333129882812,0,1,1,1,-13968.0,2,4.503324074780761,4.503324074780761,414.6955821446794,686.3333129882812
93210,5,2,3,883.0000133514404,393.3333435058594,176.6000026702881,148960.0,97.66666984558105,785.3333435058594,0.11060777844712105,76.33333587646484,393.3333435058594,0,1,1,1,-115520.0,4,11.70000000002671,9.283850069441826,73839.92782841723,210.0
126103,3,1,2,714.3333330154419,357.6666564941406,238.1111110051473,119912.0,8.333333015441895,706.0,0.011665888500910472,8.333333015441895,357.6666564941406,0,1,1,1,-119912.0,2,4.503324074780761,4.503324074780761,51527.672922067504,357.6666564941406
40022,2,1,1,1366.3332924842834,1358.6666259765625,683.1666462421417,195288.0,7.666666507720947,1358.6666259765625,0.005611124715977112,7.666666507720947,1358.6666259765625,0,1,1,1,-195288.0,2,9.006648149561524,9.006648149561522,1095.7853235337382,1358.6666259765625
89442,3,1,2,693.6666870117188,634.6666870117188,231.22222900390625,189856.0,23.0,670.6666870117188,0.03315713501982176,23.0,634.6666870117188,0,1,1,1,-189856.0,3,12.008866666666666,8.491551054365091,162611.56006857875,36.0
9613,2,1,1,125.00000190734863,102.33333587646484,62.500000953674316,30280.0,22.66666603088379,102.33333587646484,0.18133332548014336,22.66666603088379,102.33333587646484,0,1,1,1,-30280.0,2,4.50335,4.50335,5490.773095538741,102.33333587646484
45224,3,1,2,266.3333282470703,180.3333282470703,88.77777608235677,74016.0,21.0,245.3333282470703,0.07884856220667531,21.0,180.3333282470703,0,1,1,1,-74016.0,3,7.943135481939386,6.713181255477084,41191.31893839389,65.0
69,2,1,1,604.3333129882812,597.3333129882812,302.1666564941406,60928.0,7.0,597.3333129882812,0.011583011972956947,7.0,597.3333129882812,0,1,1,1,-60928.0,2,7.800001602563938,7.800001602563938,705.7297534883209,597.3333129882812
139412,2,1,1,418.6666564941406,407.6666564941406,209.3333282470703,55072.0,11.0,407.6666564941406,0.026273885988706502,11.0,407.6666564941406,0,1,1,1,-55072.0,2,4.50334907485529,4.50334907485529,1446.9554491700446,407.6666564941406
55412,2,1,1,112.66666984558105,90.33333587646484,56.33333492279053,17304.0,22.33333396911621,90.33333587646484,0.1982248521210921,22.33333396911621,90.33333587646484,0,1,1,1,-17304.0,2,4.503300000000001,4.5033,3430.0828411033776,90.33333587646484
24886,6,1,5,196.6666660308838,37.0,32.777777671813965,66744.0,27.0,169.6666660308838,0.13728813603704465,27.0,37.0,0,1,1,1,-66744.0,6,13.342161634468297,8.08372717447768,9391.132232301137,37.0
28514,2,1,1,675.0,650.0,337.5,15672.0,25.0,650.0,0.037037037037037035,25.0,650.0,0,1,1,1,-15672.0,2,0.0,0.0,580.4444444444445,650.0
51561,2,1,1,355.6666774749756,335.3333435058594,177.8333387374878,22112.0,20.33333396911621,335.3333435058594,0.057169634539482116,20.33333396911621,335.3333435058594,0,1,1,1,-22112.0,2,4.503350000000001,4.503349999999999,1264.1349589370286,335.3333435058594
47822,3,2,1,135.66666984558105,77.33333587646484,45.22222328186035,194840.0,58.33333396911621,77.33333587646484,0.4299754245866915,40.0,77.33333587646484,0,1,1,1,-13936.0,3,10.400031004280708,10.400020669530742,30438.624278482715,77.33333587646484
38703,3,1,2,292.99999809265137,143.0,97.66666603088379,25568.0,22.33333396911621,270.66666412353516,0.07622298332593862,22.33333396911621,143.0,0,1,1,1,-25568.0,3,6.0044320997076825,4.245774654877482,5677.60646331583,127.66666412353516
136275,2,1,1,152.6666717529297,136.6666717529297,76.33333587646484,167800.0,16.0,136.6666717529297,0.10480348995813461,16.0,136.6666717529297,0,1,1,1,-167800.0,2,4.503324074780762,4.503324074780761,17586.025614974988,136.6666717529297
47780,2,1,1,571.000020980835,550.6666870117188,285.5000104904175,17768.0,20.33333396911621,550.6666870117188,0.03561004066898043,20.33333396911621,550.6666870117188,0,1,1,1,-17768.0,2,0.0,0.0,632.7192026064442,550.6666870117188
3914,3,1,2,398.33333015441895,309.0,132.77777671813965,23416.0,22.66666603088379,375.66666412353516,0.05690376454839159,22.66666603088379,309.0,0,1,1,1,-23416.0,3,7.943143646427262,6.713174905280577,1394.5171285662561,66.66666412353516
104163,2,1,1,135.66666412353516,112.66666412353516,67.83333206176758,22752.0,23.0,112.66666412353516,0.16953317271114363,23.0,112.66666412353516,0,1,1,1,-22752.0,2,4.503349074855292,4.50334907485529,3857.21874552394,112.66666412353516
98752,3,1,2,573.6666812896729,414.3333435058594,191.22222709655762,193056.0,19.66666603088379,554.0000152587891,0.03428239197484979,19.66666603088379,414.3333435058594,0,1,1,1,-193056.0,3,12.008897532709284,8.491572879953134,49923.69096791569,414.3333435058594
94176,2,1,1,633.3333339691162,611.0,316.6666669845581,59496.0,22.33333396911621,611.0,0.035263158863204996,22.33333396911621,611.0,0,1,1,1,-59496.0,2,4.50335,4.50335,2098.0168997252445,611.0
34509,3,1,2,412.66666412353516,330.0,137.55555470784506,166176.0,17.0,395.66666412353516,0.041195476828995596,17.0,330.0,0,1,1,1,-166176.0,3,13.757918132277299,10.400005167413244,127168.28511326092,65.66666412353516
118293,3,1,2,606.666654586792,477.6666564941406,202.22221819559732,85536.0,25.33333396911621,581.3333206176758,0.0417582436377207,25.33333396911621,477.6666564941406,0,1,1,1,-85536.0,3,13.757877719126757,10.399978436622945,54221.29679394045,103.66666412353516
156792,3,1,2,536.9999980926514,392.0,178.99999936421713,151384.0,24.33333396911621,512.6666641235352,0.04531347123937579,24.33333396911621,392.0,0,1,1,1,-151384.0,3,13.08636231417187,9.957220825556139,103947.25815241033,120.66666412353516
84335,2,1,1,610.6666870117188,593.6666870117188,305.3333435058594,16576.0,17.0,593.6666870117188,0.027838427020129508,17.0,593.6666870117188,0,1,1,1,-16576.0,2,0.0,0.0,461.4497662856667,593.6666870117188
48849,6,1,5,634.9999866485596,461.6666564941406,105.83333110809326,43808.0,21.33333396911621,613.6666526794434,0.03359580223254892,21.33333396911621,461.6666564941406,0,1,1,1,-43808.0,6,12.287125880921506,9.611794769867673,18634.204781333843,39.0
144997,2,1,1,661.000020980835,638.6666870117188,330.5000104904175,19128.0,22.33333396911621,638.6666870117188,0.03378719101396783,22.33333396911621,638.6666870117188,0,1,1,1,-19128.0,2,4.503324074780762,4.503324074780761,646.2813897151766,638.6666870117188
142098,3,2,1,190.00000381469727,118.33333587646484,63.333334604899086,131928.0,71.66666793823242,118.33333587646484,0.37719298157555464,61.66666793823242,118.33333587646484,0,1,1,1,-408.0,3,6.0044320997076825,4.245774654877482,7075.999860663166,118.33333587646484
52050,2,1,1,314.99999046325684,292.6666564941406,157.49999523162842,15328.0,22.33333396911621,292.6666564941406,0.07089947506433744,22.33333396911621,292.6666564941406,0,1,1,1,-15328.0,2,4.503300000000001,4.5033,1086.7471537861643,292.6666564941406
89319,4,1,3,798.3333225250244,504.6666564941406,199.5833306312561,139304.0,16.66666603088379,781.6666564941406,0.02087682620859329,16.66666603088379,504.6666564941406,0,1,1,1,-139304.0,4,14.765168287412948,9.283850069441826,89076.76953534748,179.0
37736,2,1,1,329.6666774749756,306.3333435058594,164.8333387374878,19872.0,23.33333396911621,306.3333435058594,0.07077856381431637,23.33333396911621,306.3333435058594,0,1,1,1,-19872.0,2,4.503324074780762,4.503324074780761,1406.5116201180947,306.3333435058594
61615,2,1,1,154.0,129.0,77.0,21224.0,25.0,129.0,0.16233766233766234,25.0,129.0,0,1,1,1,-21224.0,2,4.503324074780764,4.503324074780762,3445.4545454545455,129.0
143083,2,1,1,364.3333435058594,342.3333435058594,182.1666717529297,21904.0,22.0,342.3333435058594,0.06038426180898314,22.0,342.3333435058594,0,1,1,1,-21904.0,2,4.503324074780762,4.503324074780761,1322.6568706639666,342.3333435058594
55398,2,1,1,46.33333396911621,31.33333396911621,23.166666984558105,53192.0,15.0,31.33333396911621,0.3237410027518924,15.0,31.33333396911621,0,1,1,1,-53192.0,2,7.8,7.8,17220.43141837866,31.33333396911621
45467,2,1,1,46.33333492279053,37.66666793823242,23.166667461395264,50928.0,8.666666984558105,37.66666793823242,0.18705036015646542,8.666666984558105,37.66666793823242,0,1,1,1,-50928.0,2,9.006673149531961,9.006673149531961,9526.100742048471,37.66666793823242
156204,2,1,1,164.3333339691162,143.0,82.1666669845581,75456.0,21.33333396911621,143.0,0.12981744758568256,21.33333396911621,143.0,0,1,1,1,-75456.0,2,7.800001602563937,7.8000016025639365,9795.505325025264,143.0
86172,3,1,2,231.0,144.0,77.0,82328.0,10.0,221.0,0.04329004329004329,10.0,144.0,0,1,1,1,-82328.0,3,18.013366666666666,14.707838686073341,34094.47619047619,77.0
80301,2,1,1,430.3333225250244,409.6666564941406,215.1666612625122,15520.0,20.66666603088379,409.6666564941406,0.048024786715609266,20.66666603088379,409.6666564941406,0,1,1,1,-15520.0,2,4.50335,4.50335,745.3446898262557,409.6666564941406
119849,3,1,2,562.6666660308838,495.0,187.55555534362793,21744.0,20.33333396911621,542.3333320617676,0.03613744192907307,20.33333396911621,495.0,0,1,1,1,-21744.0,3,6.004466666666669,4.245799097408585,799.8483667055559,47.33333206176758
153417,3,1,2,539.0000152587891,292.3333435058594,179.6666717529297,46648.0,22.0,517.0000152587891,0.04081632537512486,22.0,292.3333435058594,0,1,1,1,-46648.0,3,10.824687563158578,8.491585973578003,2090.5726127391636,224.6666717529297
152993,3,1,2,629.3333234786987,411.6666564941406,209.77777449289957,41528.0,13.666666984558105,615.6666564941406,0.021716102540088496,13.666666984558105,411.6666564941406,0,1,1,1,-41528.0,3,10.82466650700047,8.491572879953134,7141.114539578078,411.6666564941406
141636,3,1,2,769.666669845581,648.0,256.55555661519367,188480.0,23.33333396911621,746.3333358764648,0.0303161548801348,23.33333396911621,648.0,0,1,1,1,-188480.0,3,10.400002136751919,7.353912035251865,152100.8085357084,98.33333587646484
66925,2,1,1,580.6666660308838,557.0,290.3333330154419,17384.0,23.66666603088379,557.0,0.04075774866268117,23.66666603088379,557.0,0,1,1,1,-17384.0,2,0.0,0.0,708.5327027520495,557.0
71820,5,1,4,639.9999942779541,180.0,127.99999885559082,91776.0,20.66666603088379,619.3333282470703,0.032291665961965914,20.66666603088379,180.0,0,1,1,1,-91776.0,4,10.318430416008043,7.467936977171138,37549.162602256205,175.0
54910,3,1,2,720.6666660308838,434.0,240.2222220102946,129088.0,22.66666603088379,698.0,0.03145235807245235,22.66666603088379,434.0,0,1,1,1,-129088.0,3,10.824657262010655,8.491549309754964,44238.9194441088,434.0
140566,3,1,2,364.3333339691162,206.3333282470703,121.44444465637207,184704.0,18.33333396911621,346.0,0.050320221236386485,18.33333396911621,206.3333282470703,0,1,1,1,-184704.0,3,10.824666507000469,8.491572879953134,103187.5257325665,139.6666717529297
101143,2,1,1,342.3333435058594,320.3333435058594,171.1666717529297,15656.0,22.0,320.3333435058594,0.06426484716532864,22.0,320.3333435058594,0,1,1,1,-15656.0,2,4.503324074780764,4.503324074780762,1006.1304472203851,320.3333435058594
153625,2,1,1,706.6666870117188,685.6666870117188,353.3333435058594,193008.0,21.0,685.6666870117188,0.029716980276518618,21.0,685.6666870117188,0,1,1,1,-193008.0,2,7.800001602563939,7.800001602563938,5735.614929210305,685.6666870117188
72429,3,1,2,302.00000762939453,161.6666717529297,100.66666920979817,35368.0,19.0,283.00000762939453,0.06291390569538077,19.0,161.6666717529297,0,1,1,1,-35368.0,3,5.200029935918103,5.20001033481879,7129.898377427401,161.6666717529297
48228,3,1,2,271.3333339691162,127.66666412353516,90.44444465637207,81344.0,18.33333396911621,253.0,0.06756756975242471,18.33333396911621,127.66666412353516,0,1,1,1,-81344.0,3,7.943143646427262,6.713174905280577,32315.626116263775,125.33333587646484
2660,2,1,1,448.3333435058594,425.3333435058594,224.1666717529297,32656.0,23.0,425.3333435058594,0.05130111407763141,23.0,425.3333435058594,0,1,1,1,-32656.0,2,0.0,0.0,1675.2891813191313,425.3333435058594
88410,2,1,1,595.3333339691162,575.0,297.6666669845581,17024.0,20.33333396911621,575.0,0.03415453630582532,20.33333396911621,575.0,0,1,1,1,-17024.0,2,4.503300000000001,4.5033,581.4468260703703,575.0
32281,2,1,1,477.6666660308838,453.0,238.8333330154419,21440.0,24.66666603088379,453.0,0.05163991499731102,24.66666603088379,453.0,0,1,1,1,-21440.0,2,4.503350000000001,4.50335,1107.1597775423481,453.0
56056,2,1,1,529.3333435058594,508.3333435058594,264.6666717529297,24888.0,21.0,508.3333435058594,0.039672543318192734,21.0,508.3333435058594,0,1,1,1,-24888.0,2,4.503324074780763,4.503324074780761,987.3702581031807,508.3333435058594
10638,4,1,3,137.3333330154419,56.33333206176758,34.333333253860474,35208.0,15.666666984558105,121.66666603088379,0.11407767248171666,15.666666984558105,56.33333206176758,0,1,1,1,-35208.0,4,21.47952966327766,14.41769302322237,9286.504849958199,56.33333206176758
13018,2,1,1,550.999979019165,528.3333129882812,275.4999895095825,91424.0,22.66666603088379,528.3333129882812,0.04113732648635072,22.66666603088379,528.3333129882812,0,1,1,1,-91424.0,2,9.006648149561524,9.006648149561524,3760.9389366881283,528.3333129882812
58417,2,1,1,369.0,346.0,184.5,15792.0,23.0,346.0,0.06233062330623306,23.0,346.0,0,1,1,1,-15792.0,2,0.0,0.0,984.3252032520326,346.0
16331,2,1,1,139.0,131.0,69.5,172736.0,8.0,131.0,0.05755395683453238,8.0,131.0,0,1,1,1,-172736.0,2,9.006673149531963,9.006673149531961,9941.640287769784,131.0
21488,2,1,1,73.99999809265137,53.33333206176758,36.999999046325684,29208.0,20.66666603088379,53.33333206176758,0.279279277886037,20.66666603088379,53.33333206176758,0,1,1,1,-29208.0,2,0.0,0.0,8157.1891484953685,53.33333206176758
55050,4,1,3,323.66665840148926,130.3333282470703,80.91666460037231,169648.0,22.66666603088379,300.99999237060547,0.07003089580752286,22.66666603088379,130.3333282470703,0,1,1,1,-169648.0,4,15.761660056050568,11.700010690913919,91379.45965742151,65.0
79344,2,1,1,665.000020980835,644.6666870117188,332.5000104904175,16472.0,20.33333396911621,644.6666870117188,0.030576441094130748,20.33333396911621,644.6666870117188,0,1,1,1,-16472.0,2,4.50335,4.50335,503.65513770252164,644.6666870117188
35123,2,1,1,179.0,172.0,89.5,87096.0,7.0,172.0,0.03910614525139665,7.0,172.0,0,1,1,1,-87096.0,2,7.800001602563939,7.800001602563938,3405.9888268156424,172.0
146065,2,1,1,181.66666221618652,158.3333282470703,90.83333110809326,21192.0,23.33333396911621,158.3333282470703,0.12844037361873878,23.33333396911621,158.3333282470703,0,1,1,1,-21192.0,2,4.503324074780764,4.503324074780762,2721.908397728312,158.3333282470703
79197,3,1,2,194.6666717529297,102.33333587646484,64.88889058430989,145464.0,21.0,173.6666717529297,0.10787670951015761,21.0,102.33333587646484,0,1,1,1,-145464.0,3,7.943143646427264,6.713174905280577,77924.86252424521,71.33333587646484
62553,6,1,5,193.6666660308838,35.33333206176758,32.277777671813965,132768.0,27.0,166.6666660308838,0.13941480252308544,27.0,35.33333206176758,0,1,1,1,-132768.0,6,16.71570969091983,10.614476181402244,18708.585261689892,35.0
9589,2,1,1,189.0,176.0,94.5,87776.0,13.0,176.0,0.06878306878306878,13.0,176.0,0,1,1,1,-87776.0,2,4.503324074780761,4.503324074780761,6037.5026455026455,176.0
94997,2,1,1,266.0000057220459,247.6666717529297,133.00000286102295,85312.0,18.33333396911621,247.6666717529297,0.06892230667195341,18.33333396911621,247.6666717529297,0,1,1,1,-85312.0,2,9.006673149531963,9.006673149531963,5879.8998267976895,247.6666717529297
117162,3,1,2,729.3333530426025,435.3333435058594,243.11111768086752,14704.0,19.66666603088379,709.6666870117188,0.02696526348183476,19.66666603088379,435.3333435058594,0,1,1,1,-14704.0,3,6.0044,4.245751956956506,415.59778261312726,274.3333435058594
111974,2,1,1,387.6666564941406,368.6666564941406,193.8333282470703,18112.0,19.0,368.6666564941406,0.04901117927403482,19.0,368.6666564941406,0,1,1,1,-18112.0,2,4.5033,4.5033,887.6904790113186,368.6666564941406
136608,2,1,1,408.99999046325684,385.6666564941406,204.49999523162842,21952.0,23.33333396911621,385.6666564941406,0.057049717636148446,23.33333396911621,385.6666564941406,0,1,1,1,-21952.0,2,4.503324074780762,4.503324074780761,1252.3554015487307,385.6666564941406
158956,2,1,1,496.9999895095825,487.6666564941406,248.49999475479126,53232.0,9.333333015441895,487.6666564941406,0.018779342479768688,9.333333015441895,487.6666564941406,0,1,1,1,-53232.0,2,7.800001602563939,7.800001602563938,999.6619588830467,487.6666564941406
29975,2,1,1,219.3333339691162,191.0,109.6666669845581,85168.0,28.33333396911621,191.0,0.12917933383124408,28.33333396911621,191.0,0,1,1,1,-85168.0,2,4.5033,4.5033,11001.945503739396,191.0
91669,3,1,2,637.9999942779541,406.0,212.66666475931802,184800.0,26.66666603088379,611.3333282470703,0.04179728255493693,26.66666603088379,406.0,0,1,1,1,-184800.0,3,6.004466666666666,4.245799097408586,7729.228725288912,205.3333282470703
18921,5,2,3,858.6666870117188,524.6666870117188,171.73333740234375,149376.0,206.0,652.6666870117188,0.23990682661383902,184.0,524.6666870117188,0,1,1,1,-117352.0,2,0.0,0.0,39139.489755867675,524.6666870117188
21926,2,1,1,1768.3333740234375,1748.3333740234375,884.1666870117188,15544.0,20.0,1748.3333740234375,0.011310084565386323,20.0,1748.3333740234375,0,1,1,1,-15544.0,2,9.00665,9.006649999999999,175.803954484365,1748.3333740234375
85158,2,1,1,1009.6666669845581,995.0,504.83333349227905,199448.0,14.666666984558105,995.0,0.01452624659617729,14.666666984558105,995.0,0,1,1,1,-199448.0,2,7.800001602563938,7.800001602563937,2897.230831114368,995.0
65051,4,2,2,417.6666717529297,234.6666717529297,104.41666793823242,195104.0,93.33333587646484,324.33333587646484,0.22346369051844311,73.33333587646484,234.6666717529297,0,1,1,1,-175984.0,3,7.9431291825073576,6.713166348303905,77929.93361067795,234.6666717529297
123762,2,1,1,257.0000057220459,234.6666717529297,128.50000286102295,19736.0,22.33333396911621,234.6666717529297,0.08690013024073805,22.33333396911621,234.6666717529297,0,1,1,1,-19736.0,2,4.503350000000001,4.503349999999999,1715.060970431206,234.6666717529297
47352,3,1,2,610.6666622161865,378.0,203.55555407206217,14144.0,21.33333396911621,589.3333282470703,0.03493449911232233,21.33333396911621,378.0,0,1,1,1,-14144.0,3,6.004465433140388,4.245798225173788,558.4891017653783,211.3333282470703
101826,2,1,1,111.6666669845581,101.0,55.83333349227905,47584.0,10.666666984558105,101.0,0.0955223906345584,10.666666984558105,101.0,0,1,1,1,-47584.0,2,4.503324074780763,4.503324074780761,4545.337435954827,101.0
159168,2,1,1,271.3333377838135,248.6666717529297,135.66666889190674,55336.0,22.66666603088379,248.6666717529297,0.08353807982469001,22.66666603088379,248.6666717529297,0,1,1,1,-55336.0,2,7.8,7.8,4622.663185179046,248.6666717529297
85096,3,1,2,715.6666812896729,555.6666870117188,238.55556042989096,98792.0,23.66666603088379,692.0000152587891,0.03306939759754511,23.66666603088379,555.6666870117188,0,1,1,1,-98792.0,3,10.82466650700047,8.491572879953134,67021.39631258737,136.3333282470703
128926,2,1,1,593.000020980835,573.6666870117188,296.5000104904175,22176.0,19.33333396911621,573.6666870117188,0.03260258564095572,19.33333396911621,573.6666870117188,0,1,1,1,-22176.0,2,4.50335,4.50335,722.994939173834,573.6666870117188
67776,2,1,1,397.6666564941406,378.6666564941406,198.8333282470703,27792.0,19.0,378.6666564941406,0.04777871035883531,19.0,378.6666564941406,0,1,1,1,-27792.0,2,4.50334907485529,4.50334907485529,1327.865918292751,378.6666564941406
114597,4,2,2,443.6666660308838,228.3333282470703,110.91666650772095,146808.0,105.00000190734863,338.66666412353516,0.23666416692219908,87.33333587646484,228.3333282470703,0,1,1,1,-128224.0,4,11.914704971405081,7.800001068389349,96858.38537409986,110.33333587646484
163892,4,1,3,320.3333339691162,169.0,80.08333349227905,50008.0,22.66666603088379,297.6666679382324,0.07075962326502404,22.66666603088379,169.0,0,1,1,1,-50008.0,4,13.696351274062007,8.72067168671657,6861.702260302798,79.33333587646484
54759,2,1,1,473.99999046325684,454.6666564941406,236.99999523162842,73304.0,19.33333396911621,454.6666564941406,0.04078762522805341,19.33333396911621,454.6666564941406,0,1,1,1,-73304.0,2,7.800001602563939,7.800001602563938,2989.896079717227,454.6666564941406
107724,3,1,2,357.6666793823242,263.3333435058594,119.22222646077473,29040.0,20.0,337.6666793823242,0.05591798496449036,20.0,263.3333435058594,0,1,1,1,-29040.0,3,7.9431291825073576,6.713166348303906,8927.492975002371,74.33333587646484
13391,3,1,2,177.6666660308838,79.66666412353516,59.222222010294594,157408.0,21.66666603088379,156.0,0.12195121637008415,21.66666603088379,79.66666412353516,0,1,1,1,-157408.0,3,10.824666507000469,8.491572879953134,82116.32042370709,76.33333587646484
108455,2,1,1,700.6666460037231,688.3333129882812,350.3333230018616,45536.0,12.333333015441895,688.3333129882812,0.017602283604886138,12.333333015441895,688.3333129882812,0,1,1,1,-45536.0,2,4.503324074780762,4.503324074780761,801.5375862320951,688.3333129882812
30117,3,1,2,296.6666622161865,223.3333282470703,98.88888740539551,68256.0,22.33333396911621,274.3333282470703,0.07528090214882821,22.33333396911621,223.3333282470703,0,1,1,1,-68256.0,3,7.943149246433125,6.713167451773831,42206.687575691336,51.0
138425,3,1,2,124.66666603088379,72.0,41.55555534362793,180672.0,20.33333396911621,104.33333206176758,0.16310161020973332,20.33333396911621,72.0,0,1,1,1,-180672.0,3,13.086373077408084,9.957235157188745,80434.65373802518,32.33333206176758
141662,3,2,1,430.3333282470703,225.3333282470703,143.44444274902344,16632.0,246.3333282470703,184.0,0.572424472095829,225.3333282470703,184.0,0,1,1,1,-496.0,3,7.943149246433125,6.713167451773831,1071.3493483959212,184.0
87618,4,1,3,777.3333129882812,399.6666564941406,194.3333282470703,191496.0,21.0,756.3333129882812,0.027015438099867704,21.0,399.6666564941406,0,1,1,1,-191496.0,4,15.60002485576946,10.069773538261673,120840.85790724734,140.3333282470703
44034,2,1,1,145.66666412353516,122.66666412353516,72.83333206176758,35448.0,23.0,122.66666412353516,0.1578947395987214,23.0,122.66666412353516,0,1,1,1,-35448.0,2,0.0,0.0,5597.052729295477,122.66666412353516
18189,2,1,1,337.6666769981384,330.3333435058594,168.8333384990692,15208.0,7.333333492279053,330.3333435058594,0.02171767009250807,7.333333492279053,330.3333435058594,0,1,1,1,-15208.0,2,9.006673149531965,9.006673149531963,330.2823267668627,330.3333435058594
63353,2,1,1,485.3333435058594,463.3333435058594,242.6666717529297,15568.0,22.0,463.3333435058594,0.045329669379566125,22.0,463.3333435058594,0,1,1,1,-15568.0,2,0.0,0.0,705.6922929010854,463.3333435058594
71795,2,1,1,170.66666650772095,163.0,85.33333325386047,18120.0,7.666666507720947,163.0,0.04492187411051418,7.666666507720947,163.0,0,1,1,1,-18120.0,2,7.8,7.799999999999999,813.984358882517,163.0
94274,2,1,1,72.66666603088379,55.0,36.333333015441895,126704.0,17.66666603088379,55.0,0.24311925943286491,17.66666603088379,55.0,0,1,1,1,-126704.0,2,9.00665,9.00665,30804.18264718172,55.0
113327,2,1,1,226.6666717529297,215.6666717529297,113.33333587646484,107248.0,11.0,215.6666717529297,0.048529410675735234,11.0,215.6666717529297,0,1,1,1,-107248.0,2,7.800001602563938,7.800001602563938,5204.682236151252,215.6666717529297
161356,2,1,1,229.3333339691162,209.0,114.6666669845581,15584.0,20.33333396911621,209.0,0.08866279322418281,20.33333396911621,209.0,0,1,1,1,-15584.0,2,4.503324074780762,4.503324074780761,1381.720969605665,209.0
144175,2,1,1,144.33333587646484,122.33333587646484,72.16666793823242,18056.0,22.0,122.33333587646484,0.15242493957757505,22.0,122.33333587646484,0,1,1,1,-18056.0,2,4.503350000000001,4.50335,2752.1847090126953,122.33333587646484
159988,3,1,2,1396.0000305175781,1007.6666870117188,465.3333435058594,131696.0,25.0,1371.0000305175781,0.017908309064098696,25.0,1007.6666870117188,0,1,1,1,-131696.0,3,6.004432099707681,4.245774654877482,30325.74988130171,1007.6666870117188
124437,4,1,3,475.66666984558105,262.3333435058594,118.91666746139526,150128.0,22.66666603088379,453.00000381469727,0.04765241600434654,22.66666603088379,262.3333435058594,0,1,1,1,-150128.0,4,17.5860751227356,12.536748012243844,60323.95557692303,262.3333435058594
55715,4,1,3,664.3333330154419,482.0,166.08333325386047,138424.0,9.333333015441895,655.0,0.014049171630569,9.333333015441895,482.0,0,1,1,1,-138424.0,3,7.9431291825073576,6.713166348303906,11365.073697354323,482.0
83705,3,1,2,597.6666793823242,458.3333435058594,199.22222646077475,101008.0,20.0,577.6666793823242,0.03346346833433909,20.0,458.3333435058594,0,1,1,1,-101008.0,3,5.2000299359181055,5.200010334818789,19113.708796467465,458.3333435058594
136274,3,2,1,1155.9999904632568,634.3333129882812,385.33333015441895,134256.0,521.6666774749756,634.3333129882812,0.4512687558638493,501.3333435058594,634.3333129882812,1,1,0,1,117032.0,2,4.503300000000001,4.5033,66580.59602592062,501.3333435058594
66151,2,1,1,48.66666793823242,35.66666793823242,24.33333396911621,142768.0,13.0,35.66666793823242,0.26712328069181884,13.0,35.66666793823242,0,1,1,1,-142768.0,2,7.8,7.8,38136.65653780959,35.66666793823242
38218,3,1,2,591.3333339691162,520.0,197.11111132303873,199448.0,21.33333396911621,570.0,0.0360766639450608,21.33333396911621,520.0,0,1,1,1,-199448.0,2,7.800001602563938,7.800001602563937,160550.27738116772,50.0
40757,2,1,1,211.6666669845581,202.0,105.83333349227905,28896.0,9.666666984558105,202.0,0.045669292771843596,9.666666984558105,202.0,0,1,1,1,-28896.0,2,7.800001602563938,7.800001602563937,1319.6598839351925,202.0
107174,2,1,1,128.99999809265137,107.66666412353516,64.49999904632568,25736.0,21.33333396911621,107.66666412353516,0.16537468437630534,21.33333396911621,107.66666412353516,0,1,1,1,-25736.0,2,0.0,0.0,4256.082877108594,107.66666412353516
97532,2,1,1,131.0,110.0,65.5,196448.0,21.0,110.0,0.16030534351145037,21.0,110.0,0,1,1,1,-196448.0,2,7.800001602563937,7.8000016025639365,31491.664122137405,110.0
143122,2,1,1,360.3333225250244,339.6666564941406,180.1666612625122,33896.0,20.66666603088379,339.6666564941406,0.05735430152854801,20.66666603088379,339.6666564941406,0,1,1,1,-33896.0,2,4.503350000000001,4.50335,1944.0814046116632,339.6666564941406
111926,2,1,1,379.3333435058594,358.3333435058594,189.6666717529297,16040.0,21.0,358.3333435058594,0.05536027971049063,21.0,358.3333435058594,0,1,1,1,-16040.0,2,4.50335,4.50335,887.9788865562697,358.3333435058594
64045,2,1,1,480.3333225250244,461.6666564941406,240.1666612625122,16912.0,18.66666603088379,461.6666564941406,0.03886190100815105,18.66666603088379,461.6666564941406,0,1,1,1,-16912.0,2,0.0,0.0,657.2324698498505,461.6666564941406
121309,2,1,1,205.66666221618652,186.3333282470703,102.83333110809326,47752.0,19.33333396911621,186.3333282470703,0.09400324661657598,19.33333396911621,186.3333282470703,0,1,1,1,-47752.0,2,0.0,0.0,4488.843032434736,186.3333282470703
4729,3,2,1,876.9999904632568,573.3333129882812,292.33333015441895,197120.0,593.6666469573975,283.3333435058594,0.676928909250963,573.3333129882812,283.3333435058594,1,1,0,1,181352.0,3,7.943143646427262,6.713174905280577,63159.83569647198,573.3333129882812
84692,2,1,1,310.3333435058594,303.3333435058594,155.1666717529297,28712.0,7.0,303.3333435058594,0.02255639023805972,7.0,303.3333435058594,0,1,1,1,-28712.0,2,7.800001602563939,7.800001602563938,647.6390765151707,303.3333435058594
108202,2,1,1,102.3333330154419,89.0,51.16666650772095,53528.0,13.333333015441895,89.0,0.13029315690743623,13.333333015441895,89.0,0,1,1,1,-53528.0,2,0.0,0.0,6974.332102941246,89.0
42047,6,3,3,346.6666622161865,108.66666412353516,57.77777703603109,147840.0,149.6666660308838,196.99999618530273,0.4317307729393068,70.0,108.66666412353516,0,1,1,1,-480.0,5,14.410667039231738,9.18503650610056,24867.808224682914,108.66666412353516
82235,2,1,1,284.6666564941406,261.6666564941406,142.3333282470703,15744.0,23.0,261.6666564941406,0.08079625581464409,23.0,261.6666564941406,0,1,1,1,-15744.0,2,4.50334907485529,4.50334907485529,1272.0562515457566,261.6666564941406
152093,2,1,1,327.99999046325684,304.6666564941406,163.99999523162842,23104.0,23.33333396911621,304.6666564941406,0.07113821538885091,23.33333396911621,304.6666564941406,0,1,1,1,-23104.0,2,4.503350000000005,4.503350000000001,1643.5773283440114,304.6666564941406
658,2,1,1,285.6666660308838,262.0,142.8333330154419,63440.0,23.66666603088379,262.0,0.08284713914897286,23.66666603088379,262.0,0,1,1,1,-63440.0,2,0.0,0.0,5255.822507610838,262.0
71016,3,1,2,137.3333339691162,82.0,45.777777989705406,189616.0,17.33333396911621,120.0,0.12621359627819248,17.33333396911621,82.0,0,1,1,1,-189616.0,2,7.80000160256394,7.800001602563938,41275.61233722533,82.0
137156,2,1,1,360.6666774749756,341.3333435058594,180.3333387374878,20376.0,19.33333396911621,341.3333435058594,0.053604436385608786,19.33333396911621,341.3333435058594,0,1,1,1,-20376.0,2,7.800001602563938,7.800001602563937,1092.2439957931647,341.3333435058594
37571,3,1,2,436.00000953674316,346.3333435058594,145.3333365122477,112232.0,20.66666603088379,415.3333435058594,0.04740060912577145,20.66666603088379,346.3333435058594,0,1,1,1,-112232.0,3,13.086399842584667,9.95726028316357,20541.64464696734,346.3333435058594
161006,2,1,1,109.00000190734863,89.33333587646484,54.500000953674316,91664.0,19.66666603088379,89.33333587646484,0.18042812556646284,19.66666603088379,89.33333587646484,0,1,1,1,-91664.0,2,7.800000000000001,7.800000000000001,16538.76370192425,89.33333587646484
16191,2,1,1,537.000020980835,513.6666870117188,268.5000104904175,18240.0,23.33333396911621,513.6666870117188,0.04345127198784403,23.33333396911621,513.6666870117188,0,1,1,1,-18240.0,2,4.503350000000001,4.503349999999999,792.5512010582751,513.6666870117188
37735,2,1,1,89.99999713897705,77.66666412353516,44.999998569488525,143064.0,12.333333015441895,77.66666412353516,0.13703703786120006,12.333333015441895,77.66666412353516,0,1,1,1,-143064.0,2,4.50335,4.50335,19605.066784574723,77.66666412353516
145147,2,1,1,476.0,457.0,238.0,29176.0,19.0,457.0,0.03991596638655462,19.0,457.0,0,1,1,1,-29176.0,2,4.50335,4.50335,1164.5882352941176,457.0
7892,2,1,1,559.3333339691162,537.0,279.6666669845581,18448.0,22.33333396911621,537.0,0.03992848738450005,22.33333396911621,537.0,0,1,1,1,-18448.0,2,0.0,0.0,736.6007352692569,537.0
61025,2,1,1,219.6666612625122,207.3333282470703,109.8333306312561,162968.0,12.333333015441895,207.3333282470703,0.05614567519967433,12.333333015441895,207.3333282470703,0,1,1,1,-162968.0,2,7.800001602563938,7.800001602563937,9149.948395940526,207.3333282470703
127796,2,1,1,63.66666793823242,53.66666793823242,31.83333396911621,136064.0,10.0,53.66666793823242,0.1570680596902246,10.0,53.66666793823242,0,1,1,1,-136064.0,2,9.00665,9.006649999999999,21371.308473690722,53.66666793823242
62870,4,2,2,964.3333339691162,388.0,241.08333349227905,122736.0,413.3333339691162,551.0,0.4286208092256548,388.0,369.0,0,1,1,1,-3736.0,4,17.58607043744068,14.06164241089479,12368.20470463528,182.0
118124,2,1,1,537.3333129882812,515.3333129882812,268.6666564941406,17840.0,22.0,515.3333129882812,0.04094292958992438,22.0,515.3333129882812,0,1,1,1,-17840.0,2,4.503324074780764,4.503324074780761,730.421863884251,515.3333129882812
118204,3,1,2,887.9999904632568,549.3333129882812,295.99999682108563,165704.0,21.33333396911621,866.6666564941406,0.024024024998003567,21.33333396911621,549.3333129882812,0,1,1,1,-165704.0,3,9.006666666666668,7.353898930650477,94907.91368626167,317.3333435058594
138426,3,1,2,1840.9999980926514,1789.0,613.6666660308838,180856.0,19.66666603088379,1821.3333320617676,0.010682599701933315,19.66666603088379,1789.0,0,1,1,1,-180856.0,3,12.008866666666666,8.491551054365091,155166.03305140533,32.33333206176758
1225,5,1,4,378.66665840148926,213.3333282470703,75.73333168029785,79264.0,7.0,371.66665840148926,0.01848591589645081,7.0,213.3333282470703,0,1,1,1,-79264.0,5,14.410657039233152,10.80799339626001,2934.950732664927,31.33333396911621
123673,2,1,1,520.0,496.0,260.0,15552.0,24.0,496.0,0.046153846153846156,24.0,496.0,0,1,1,1,-15552.0,2,4.5033,4.5033,717.7846153846153,496.0
104984,5,2,3,705.6666717529297,389.0,141.13333435058593,129248.0,52.0,653.6666717529297,0.07368918227472476,30.66666603088379,389.0,0,1,1,1,-108872.0,5,10.808000000000002,6.7399543553350565,43000.503087699195,389.0
114070,4,2,2,661.9999923706055,386.6666564941406,165.49999809265137,31296.0,406.6666564941406,255.33333587646484,0.6143000924182453,386.6666564941406,182.6666717529297,0,1,1,1,-368.0,4,9.006675,7.800001068389349,1175.3716085770668,182.6666717529297
159838,2,1,1,96.66666412353516,74.66666412353516,48.33333206176758,40272.0,22.0,74.66666412353516,0.2275862128839483,22.0,74.66666412353516,0,1,1,1,-40272.0,2,7.800001602563939,7.800001602563938,9165.351965262365,74.66666412353516
107918,2,1,1,478.6666564941406,453.6666564941406,239.3333282470703,14728.0,25.0,453.6666564941406,0.05222841336621496,25.0,453.6666564941406,0,1,1,1,-14728.0,2,4.50335,4.50335,769.220072057614,453.6666564941406
148968,3,1,2,217.66666984558105,125.33333587646484,72.55555661519368,164800.0,17.33333396911621,200.33333587646484,0.07963246730155321,17.33333396911621,125.33333587646484,0,1,1,1,-164800.0,2,4.503324074780763,4.503324074780761,71698.81838695388,75.0
17385,3,2,1,324.99999237060547,228.3333282470703,108.33333079020183,82528.0,240.3333282470703,84.66666412353516,0.7394871811966455,228.3333282470703,84.66666412353516,0,1,1,1,-61632.0,3,6.0044320997076825,4.245774654877482,46347.61858500833,84.66666412353516
59101,3,1,2,586.6666622161865,383.6666564941406,195.55555407206217,71952.0,21.33333396911621,565.3333282470703,0.036363637723213396,21.33333396911621,383.6666564941406,0,1,1,1,-71952.0,3,10.400002136751922,7.353912035251866,34530.526766484094,181.6666717529297
7831,2,1,1,64.66666603088379,46.0,32.333333015441895,181560.0,18.66666603088379,46.0,0.2886597868207537,18.66666603088379,46.0,0,1,1,1,-181560.0,2,9.006648149561522,9.006648149561522,52409.07089517604,46.0
152371,2,1,1,297.3333435058594,275.3333435058594,148.6666717529297,16776.0,22.0,275.3333435058594,0.07399102885871413,22.0,275.3333435058594,0,1,1,1,-16776.0,2,4.50335,4.50335,1241.273500133788,275.3333435058594
59670,2,1,1,321.3333339691162,299.0,160.6666669845581,94400.0,22.33333396911621,299.0,0.06950207652985886,22.33333396911621,299.0,0,1,1,1,-94400.0,2,4.50334907485529,4.50334907485529,6560.996024418677,299.0
8834,2,1,1,535.6666469573975,517.3333129882812,267.83332347869873,120656.0,18.33333396911621,517.3333129882812,0.03422526691413418,18.33333396911621,517.3333129882812,0,1,1,1,-120656.0,2,4.503324074780761,4.503324074780761,4129.483804791774,517.3333129882812
5915,4,1,3,294.3333377838135,120.33333587646484,73.58333444595337,119544.0,20.66666603088379,273.6666717529297,0.07021517231616951,20.66666603088379,120.33333587646484,0,1,1,1,-119544.0,4,19.238269351493784,13.32105263715578,40135.41053985416,102.33333587646484
38364,2,1,1,203.0000057220459,181.6666717529297,101.50000286102295,15312.0,21.33333396911621,181.6666717529297,0.1050903121565745,21.33333396911621,181.6666717529297,0,1,1,1,-15312.0,2,4.503299999999999,4.503299999999999,1609.1428597414686,181.6666717529297
131540,2,1,1,351.6666660308838,332.0,175.8333330154419,29704.0,19.66666603088379,332.0,0.055924168909306404,19.66666603088379,332.0,0,1,1,1,-29704.0,2,4.5033,4.5033,1661.1715132820373,332.0
71152,2,1,1,349.6666564941406,338.6666564941406,174.8333282470703,13264.0,11.0,338.6666564941406,0.0314585328503701,11.0,338.6666564941406,0,1,1,1,-13264.0,2,7.800001602563937,7.800001602563937,417.265979727309,338.6666564941406
147855,3,1,2,550.0000019073486,441.0,183.3333339691162,107104.0,19.66666603088379,530.3333358764648,0.03575757447760296,19.66666603088379,441.0,0,1,1,1,-107104.0,3,9.006666666666668,7.353898930650476,73299.30628866263,89.33333587646484
42669,2,1,1,69.0,62.0,34.5,64384.0,7.0,62.0,0.10144927536231885,7.0,62.0,0,1,1,1,-64384.0,2,0.0,0.0,6531.710144927536,62.0
128154,4,2,2,850.6666622161865,544.0,212.66666555404663,177824.0,240.66666221618652,610.0,0.28291535674995577,218.3333282470703,544.0,0,1,1,1,-71160.0,4,10.318457388370849,7.467949399726472,127360.14143957612,66.0
86330,5,3,2,1306.6666793823242,666.0,261.33333587646484,154560.0,918.6666717529297,388.00000762939453,0.7030612215405949,666.0,317.3333435058594,0,1,1,1,-62872.0,3,5.2000299359181055,5.200010334818789,62477.58126048671,317.3333435058594
88748,2,1,1,262.3333282470703,240.3333282470703,131.16666412353516,18832.0,22.0,240.3333282470703,0.08386277163868404,22.0,240.3333282470703,0,1,1,1,-18832.0,2,4.50334907485529,4.50334907485529,1579.303715499698,240.3333282470703
35611,3,1,2,278.99999618530273,220.3333282470703,92.99999872843425,35160.0,11.0,267.99999618530273,0.03942652383656005,11.0,220.3333282470703,0,1,1,1,-35160.0,3,5.199999999999999,5.199981467274667,6491.020281542436,47.66666793823242
13409,2,1,1,495.3333435058594,474.3333435058594,247.6666717529297,23944.0,21.0,474.3333435058594,0.042395692265266585,21.0,474.3333435058594,0,1,1,1,-23944.0,2,0.0,0.0,1015.1224555995432,474.3333435058594
103916,2,1,1,295.99999046325684,273.6666564941406,147.99999523162842,15368.0,22.33333396911621,273.6666564941406,0.07545045502928319,22.33333396911621,273.6666564941406,0,1,1,1,-15368.0,2,4.50335,4.50335,1159.522592890024,273.6666564941406
126803,2,1,1,118.0,111.0,59.0,11248.0,7.0,111.0,0.059322033898305086,7.0,111.0,0,1,1,1,-11248.0,2,9.006673149531963,9.006673149531961,667.2542372881356,111.0
11712,2,1,1,656.3333129882812,633.3333129882812,328.1666564941406,13896.0,23.0,633.3333129882812,0.03504317020765128,23.0,633.3333129882812,0,1,1,1,-13896.0,2,4.503324074780761,4.503324074780761,486.9598932055222,633.3333129882812
65696,3,1,2,2462.3333282470703,2214.0,820.7777760823568,34816.0,7.0,2455.3333282470703,0.0028428320080381986,7.0,2214.0,0,1,1,1,-34816.0,3,13.086382284055606,11.233286131354836,225.99701958481796,2214.0
38901,2,1,1,65.33333396911621,41.66666793823242,32.666666984558105,21584.0,23.66666603088379,41.66666793823242,0.3622448847026739,23.66666603088379,41.66666793823242,0,1,1,1,-21584.0,2,4.503350000000001,4.503349999999999,7818.693591422513,41.66666793823242
156263,2,1,1,617.6666660308838,598.0,308.8333330154419,14560.0,19.66666603088379,598.0,0.03184025804283963,19.66666603088379,598.0,0,1,1,1,-14560.0,2,0.0,0.0,463.59415710374503,598.0
52212,3,1,2,676.3333320617676,624.0,225.4444440205892,56936.0,20.0,656.3333320617676,0.029571217404043983,20.0,624.0,0,1,1,1,-56936.0,3,13.086392902935476,9.957256001864502,38079.25881974413,32.33333206176758
160845,3,1,2,466.6666564941406,248.3333282470703,155.55555216471353,77192.0,21.0,445.6666564941406,0.045000000980922175,21.0,248.3333282470703,0,1,1,1,-77192.0,3,9.006666666666668,7.353898930650476,16210.097167927272,248.3333282470703
137605,4,1,3,505.6666774749756,389.3333435058594,126.4166693687439,151456.0,22.33333396911621,483.3333435058594,0.044166117650142056,22.33333396911621,389.3333435058594,0,1,1,1,-151456.0,4,10.318408289345067,7.4679267863895795,19870.713015539208,389.3333435058594
157498,2,1,1,174.6666717529297,151.6666717529297,87.33333587646484,47400.0,23.0,151.6666717529297,0.13167938547849625,23.0,151.6666717529297,0,1,1,1,-47400.0,2,0.0,0.0,6241.602871680722,151.6666717529297
140099,2,1,1,105.66666412353516,81.66666412353516,52.83333206176758,18832.0,24.0,81.66666412353516,0.2271293430058655,24.0,81.66666412353516,0,1,1,1,-18832.0,2,4.5033,4.5033,4277.2997874864595,81.66666412353516
78430,3,1,2,396.666654586792,316.6666564941406,132.22221819559732,119328.0,22.66666603088379,373.9999885559082,0.057142857280241204,22.66666603088379,316.6666564941406,0,1,1,1,-119328.0,3,10.824655205645636,8.491556510767362,80736.72594334866,57.33333206176758
154052,2,1,1,451.0,441.0,225.5,108704.0,10.0,441.0,0.022172949002217297,10.0,441.0,0,1,1,1,-108704.0,2,7.800001602563938,7.800001602563937,2410.288248337029,441.0
124300,2,1,1,122.33333587646484,113.33333587646484,61.16666793823242,105240.0,9.0,113.33333587646484,0.07356948075942617,9.0,113.33333587646484,0,1,1,1,-105240.0,2,7.800001602563938,7.800001602563937,7742.4521551220105,113.33333587646484
81335,2,1,1,153.99999809265137,127.66666412353516,76.99999904632568,18280.0,26.33333396911621,127.66666412353516,0.1709956772419778,26.33333396911621,127.66666412353516,0,1,1,1,-18280.0,2,0.0,0.0,3125.8009799833544,127.66666412353516
6570,2,1,1,150.66666412353516,124.66666412353516,75.33333206176758,65632.0,26.0,124.66666412353516,0.1725663745941968,26.0,124.66666412353516,0,1,1,1,-65632.0,2,4.503300000000001,4.5033,11325.876297366325,124.66666412353516
47713,2,1,1,326.00000953674316,303.3333435058594,163.00000476837158,102880.0,22.66666603088379,303.3333435058594,0.06952964836747666,22.66666603088379,303.3333435058594,0,1,1,1,-102880.0,2,4.503324074780762,4.503324074780761,7153.210224045998,303.3333435058594
19788,3,1,2,604.3333225250244,372.6666564941406,201.4444408416748,17424.0,21.66666603088379,582.6666564941406,0.035852178298486276,21.66666603088379,372.6666564941406,0,1,1,1,-17424.0,3,7.9431492464331255,6.713167451773832,669.0876923685665,210.0
696,2,1,1,255.9999942779541,237.3333282470703,127.99999713897705,151664.0,18.66666603088379,237.3333282470703,0.07291666581295429,18.66666603088379,237.3333282470703,0,1,1,1,-151664.0,2,4.503299999999999,4.503299999999999,11058.833203855898,237.3333282470703
55567,3,2,1,157.6666660308838,92.0,52.55555534362793,47600.0,65.66666603088379,92.0,0.4164904839049554,46.33333206176758,92.0,0,1,1,1,-576.0,2,4.50334907485529,4.50334907485529,6006.055179805857,92.0
101868,2,1,1,381.3333225250244,358.6666564941406,190.6666612625122,14536.0,22.66666603088379,358.6666564941406,0.059440559458048214,22.66666603088379,358.6666564941406,0,1,1,1,-14536.0,2,0.0,0.0,864.0279722821888,358.6666564941406
119936,3,2,1,822.3333187103271,563.3333129882812,274.1111062367757,183792.0,587.6666469573975,234.6666717529297,0.7146331464217459,563.3333129882812,234.6666717529297,1,1,0,1,167200.0,3,9.006681482901703,7.353917832164173,53151.85295238937,563.3333129882812
155205,2,1,1,238.66666221618652,217.3333282470703,119.33333110809326,19216.0,21.33333396911621,217.3333282470703,0.08938547919102449,21.33333396911621,217.3333282470703,0,1,1,1,-19216.0,2,4.503300000000001,4.5033,1717.6313681347265,217.3333282470703
117328,2,1,1,62.00000190734863,37.66666793823242,31.000000953674316,70512.0,24.33333396911621,37.66666793823242,0.3924731164602121,24.33333396911621,37.66666793823242,0,1,1,1,-70512.0,2,0.0,0.0,27674.064387842474,37.66666793823242
131466,2,1,1,419.3333225250244,396.6666564941406,209.6666612625122,23216.0,22.66666603088379,396.6666564941406,0.054054053931120914,22.66666603088379,396.6666564941406,0,1,1,1,-23216.0,2,4.503324074780763,4.503324074780761,1254.918916064903,396.6666564941406
46203,2,1,1,168.6666660308838,151.0,84.3333330154419,137232.0,17.66666603088379,151.0,0.1047430796293141,17.66666603088379,151.0,0,1,1,1,-137232.0,2,9.006673149531963,9.006673149531963,14374.102303690033,151.0
24763,2,1,1,44.66666507720947,35.33333206176758,22.333332538604736,197432.0,9.333333015441895,35.33333206176758,0.20895522419926743,9.333333015441895,35.33333206176758,0,1,1,1,-197432.0,2,7.800001602563938,7.800001602563937,41254.44782410977,35.33333206176758
157427,3,1,2,1146.000015258789,902.6666870117188,382.000005086263,105624.0,23.0,1123.000015258789,0.02006980776069724,23.0,902.6666870117188,0,1,1,1,-105624.0,3,6.004399999999999,4.245751956956506,16614.94068907439,902.6666870117188
17088,2,1,1,305.3333435058594,283.3333435058594,152.6666717529297,113192.0,22.0,283.3333435058594,0.07205239934621754,22.0,283.3333435058594,0,1,1,1,-113192.0,2,4.503300000000001,4.5033,8155.755186797057,283.3333435058594
155139,2,1,1,486.6666769981384,479.3333435058594,243.3333384990692,88648.0,7.333333492279053,479.3333435058594,0.015068493157395906,7.333333492279053,479.3333435058594,0,1,1,1,-88648.0,2,4.503324074780762,4.50332407478076,1335.7917814168322,479.3333435058594
66618,3,1,2,539.9999904632568,480.6666564941406,179.9999968210856,98392.0,19.66666603088379,520.333324432373,0.03641975255224003,19.66666603088379,480.6666564941406,0,1,1,1,-98392.0,3,13.757877719126757,10.399978436622945,71417.94045057545,39.66666793823242
104665,3,1,2,648.0000171661377,516.6666870117188,216.0000057220459,76816.0,19.66666603088379,628.3333511352539,0.030349792453541777,19.66666603088379,516.6666870117188,0,1,1,1,-76816.0,3,9.0067,7.35393975544175,4982.3989092226675,516.6666870117188
153858,2,1,1,219.6666660308838,202.0,109.8333330154419,14880.0,17.66666603088379,202.0,0.08042488352966565,17.66666603088379,202.0,0,1,1,1,-14880.0,2,4.503324074780763,4.503324074780761,1196.7222669214248,202.0
88423,2,1,1,263.0000057220459,237.6666717529297,131.50000286102295,27640.0,25.33333396911621,237.6666717529297,0.09632446166518335,25.33333396911621,237.6666717529297,0,1,1,1,-27640.0,2,4.503324074780761,4.503324074780761,2662.4081204256677,237.6666717529297
103958,2,1,1,416.3333435058594,396.3333435058594,208.1666717529297,14240.0,20.0,396.3333435058594,0.04803842957084345,20.0,396.3333435058594,0,1,1,1,-14240.0,2,0.0,0.0,684.0672370888108,396.3333435058594
70538,2,1,1,184.3333339691162,158.0,92.1666669845581,33800.0,26.33333396911621,158.0,0.14285714581350858,26.33333396911621,158.0,0,1,1,1,-33800.0,2,4.50334907485529,4.50334907485529,4828.57152849659,158.0
129550,3,1,2,302.3333320617676,227.0,100.77777735392253,31864.0,16.0,286.3333320617676,0.052921720178478876,16.0,227.0,0,1,1,1,-31864.0,3,5.200029935918105,5.200010334818789,1725.5479667249213,227.0
117144,2,1,1,69.33333396911621,47.0,34.666666984558105,23616.0,22.33333396911621,47.0,0.32211539083154944,22.33333396911621,47.0,0,1,1,1,-23616.0,2,4.503324074780762,4.50332407478076,7607.0770698778715,47.0
81219,2,1,1,584.3333530426025,561.6666870117188,292.16667652130127,21160.0,22.66666603088379,561.6666870117188,0.038790642212804184,22.66666603088379,561.6666870117188,0,1,1,1,-21160.0,2,4.503350000000001,4.50335,820.8099892229366,561.6666870117188
18164,2,1,1,276.3333282470703,254.3333282470703,138.16666412353516,15032.0,22.0,254.3333282470703,0.07961399422776012,22.0,254.3333282470703,0,1,1,1,-15032.0,2,4.503300000000001,4.5033,1196.7575612316903,254.3333282470703
11744,3,1,2,206.6666669845581,112.33333587646484,68.8888889948527,100872.0,8.666666984558105,198.0,0.04193548534464762,8.666666984558105,112.33333587646484,0,1,1,1,-100872.0,3,16.715635189978403,13.426326622307712,47744.426873298726,85.66666412353516
138888,2,1,1,197.0,175.0,98.5,22304.0,22.0,175.0,0.1116751269035533,22.0,175.0,0,1,1,1,-22304.0,2,4.503349074855292,4.503349074855291,2490.8020304568527,175.0
73854,2,1,1,170.0000057220459,147.6666717529297,85.00000286102295,24624.0,22.33333396911621,147.6666717529297,0.13137254833762624,22.33333396911621,147.6666717529297,0,1,1,1,-24624.0,2,4.503324074780762,4.50332407478076,3234.9176302657083,147.6666717529297
125119,2,1,1,335.00000953674316,312.3333435058594,167.50000476837158,33096.0,22.66666603088379,312.3333435058594,0.06766168771824374,22.66666603088379,312.3333435058594,0,1,1,1,-33096.0,2,4.503350000000001,4.503349999999999,2239.3312167229947,312.3333435058594
99735,3,1,2,772.0000152587891,528.6666870117188,257.3333384195964,24024.0,21.0,751.0000152587891,0.027202072001203784,21.0,528.6666870117188,0,1,1,1,-24024.0,3,7.943143646427262,6.713174905280576,1959.8548536576413,528.6666870117188
154154,4,2,2,299.33332920074463,126.66666412353516,74.83333230018616,50776.0,66.00000095367432,233.3333282470703,0.2204899839583588,55.66666793823242,126.66666412353516,0,1,1,1,-552.0,4,5.957357734820448,5.03489215245719,1872.605764512097,126.66666412353516
45720,4,2,2,1523.6666297912598,1366.6666259765625,380.91665744781494,181144.0,1387.6666259765625,136.00000381469727,0.9107416273641636,1366.6666259765625,75.33333587646484,0,1,1,1,-103304.0,3,9.006666666666668,9.006665433012499,100353.44373077502,60.66666793823242
115366,4,1,3,494.66666412353516,274.0,123.66666603088379,94872.0,20.0,474.66666412353516,0.04043126705422243,20.0,274.0,0,1,1,1,-94872.0,4,14.061651974430317,9.283850181632618,57280.3606849545,68.33333587646484
82483,2,1,1,145.6666660308838,126.0,72.8333330154419,18704.0,19.66666603088379,126.0,0.1350114378722317,19.66666603088379,126.0,0,1,1,1,-18704.0,2,4.50334907485529,4.50334907485529,2525.2539339622217,126.0
144671,3,1,2,608.3333148956299,534.3333129882812,202.77777163187662,88552.0,25.33333396911621,582.9999809265137,0.04164383792372539,25.33333396911621,534.3333129882812,0,1,1,1,-88552.0,3,12.008933333333333,8.49159819481717,65826.07314634153,48.66666793823242
104213,2,1,1,187.0,173.0,93.5,81264.0,14.0,173.0,0.0748663101604278,14.0,173.0,0,1,1,1,-81264.0,2,9.006673149531963,9.006673149531963,6083.935828877005,173.0
121917,2,1,1,210.6666660308838,188.0,105.3333330154419,16288.0,22.66666603088379,188.0,0.10759493401562091,22.66666603088379,188.0,0,1,1,1,-16288.0,2,4.503350000000001,4.503349999999999,1752.5062852464334,188.0
157525,2,1,1,567.0,551.0,283.5,99568.0,16.0,551.0,0.02821869488536155,16.0,551.0,0,1,1,1,-99568.0,2,4.503324074780762,4.50332407478076,2809.679012345679,551.0
76548,2,1,1,251.3333387374878,241.6666717529297,125.6666693687439,157848.0,9.666666984558105,241.6666717529297,0.03846153889936078,9.666666984558105,241.6666717529297,0,1,1,1,-157848.0,2,4.50334907485529,4.50334907485529,6071.0769921863,241.6666717529297
140849,2,1,1,52.66666507720947,44.33333206176758,26.333332538604736,26360.0,8.333333015441895,44.33333206176758,0.15822784684060032,8.333333015441895,44.33333206176758,0,1,1,1,-26360.0,2,7.800001602563938,7.800001602563937,4170.886042718224,44.33333206176758
99253,3,1,2,117.33333206176758,72.0,39.11111068725586,158104.0,10.0,107.33333206176758,0.08522727365089842,10.0,72.0,0,1,1,1,-158104.0,3,7.943143646427262,6.713174905280579,45678.40958593552,35.33333206176758
128489,3,1,2,586.9999904632568,503.6666564941406,195.6666634877523,186528.0,23.33333396911621,563.6666564941406,0.039750143693702084,23.33333396911621,503.6666564941406,0,1,1,1,-186528.0,2,4.503324074780764,4.503324074780762,8831.618744150235,503.6666564941406
157107,2,1,1,94.66666412353516,81.66666412353516,47.33333206176758,171848.0,13.0,81.66666412353516,0.1373239473510513,13.0,81.66666412353516,0,1,1,1,-171848.0,2,9.006673149531963,9.006673149531961,23598.845704383468,81.66666412353516
160345,3,1,2,141.33333683013916,93.33333587646484,47.11111227671305,27160.0,14.333333015441895,127.00000381469727,0.10141508958122418,14.333333015441895,93.33333587646484,0,1,1,1,-27160.0,3,10.82467232703964,8.491567423561381,2784.9243994610074,93.33333587646484
101417,2,1,1,303.6666564941406,283.6666564941406,151.8333282470703,24032.0,20.0,283.6666564941406,0.06586169265635494,20.0,283.6666564941406,0,1,1,1,-24032.0,2,4.503300000000001,4.5033,1582.788197917522,283.6666564941406
84155,2,1,1,554.3333129882812,530.3333129882812,277.1666564941406,16736.0,24.0,530.3333129882812,0.0432952511380231,24.0,530.3333129882812,0,1,1,1,-16736.0,2,4.503300000000001,4.5033,724.5893230459546,530.3333129882812
112658,3,1,2,286.3333263397217,222.3333282470703,95.44444211324056,92592.0,18.66666603088379,267.6666603088379,0.06519208319026275,18.66666603088379,222.3333282470703,0,1,1,1,-92592.0,3,7.943143646427263,6.713174905280577,57644.51690182155,45.33333206176758
27435,2,1,1,160.66666173934937,153.3333282470703,80.33333086967468,59160.0,7.333333492279053,153.3333282470703,0.04564315591604169,7.333333492279053,153.3333282470703,0,1,1,1,-59160.0,2,7.800001602563937,7.8000016025639365,2700.2491039930264,153.3333282470703
44677,3,1,2,468.6666736602783,378.3333435058594,156.22222455342612,75600.0,19.66666603088379,449.00000762939453,0.0419630136644611,19.66666603088379,378.3333435058594,0,1,1,1,-75600.0,3,5.200029935918103,5.200010334818789,50516.27353181064,70.66666412353516
66441,3,1,2,265.3333339691162,145.0,88.44444465637207,41488.0,22.33333396911621,243.0,0.08417085646583601,22.33333396911621,145.0,0,1,1,1,-41488.0,3,9.006666666666668,7.353898930650477,11860.000070993625,145.0
1076,2,1,1,96.66666412353516,77.66666412353516,48.33333206176758,90400.0,19.0,77.66666412353516,0.19655172930886444,19.0,77.66666412353516,0,1,1,1,-90400.0,2,4.503350000000001,4.503349999999999,17768.276329521344,77.66666412353516
90710,3,1,2,672.9999947547913,507.0,224.33333158493042,156320.0,7.666666507720947,665.3333282470703,0.01139177796058425,7.666666507720947,507.0,0,1,1,1,-156320.0,2,4.50334907485529,4.50334907485529,5185.517477084192,507.0
95857,3,2,1,703.6666469573975,406.6666564941406,234.55554898579916,14408.0,296.99999046325684,406.6666564941406,0.4220748443136574,273.6666564941406,406.6666564941406,0,1,1,1,-472.0,2,4.503349074855292,4.50334907485529,661.3320948270484,406.6666564941406
22851,2,1,1,161.6666669845581,153.0,80.83333349227905,180520.0,8.666666984558105,153.0,0.05360824928360723,8.666666984558105,153.0,0,1,1,1,-180520.0,2,7.800001602563938,7.800001602563937,9677.361160676777,153.0
49374,2,1,1,452.0,440.0,226.0,114976.0,12.0,440.0,0.02654867256637168,12.0,440.0,0,1,1,1,-114976.0,2,7.800000000000001,7.800000000000001,3052.4601769911505,440.0
67239,2,1,1,52.0,43.0,26.0,150272.0,9.0,43.0,0.17307692307692307,9.0,43.0,0,1,1,1,-150272.0,2,7.800001602563938,7.800001602563937,26008.615384615383,43.0
71882,4,2,2,775.6666669845581,399.6666564941406,193.91666674613953,192704.0,409.33332347869873,366.3333435058594,0.5277180790428986,399.6666564941406,226.6666717529297,0,1,1,1,-9856.0,4,15.761659261658494,11.699994296659934,7481.354480439579,226.6666717529297
110733,2,1,1,310.6666564941406,290.6666564941406,155.3333282470703,170040.0,20.0,290.6666564941406,0.06437768451142813,20.0,290.6666564941406,0,1,1,1,-170040.0,2,7.800000000000001,7.800000000000001,10946.78147432324,290.6666564941406
148572,2,1,1,336.0,316.0,168.0,29456.0,20.0,316.0,0.05952380952380952,20.0,316.0,0,1,1,1,-29456.0,2,4.50335,4.50335,1753.3333333333333,316.0
97415,2,1,1,95.99999809265137,77.66666412353516,47.999999046325684,165864.0,18.33333396911621,77.66666412353516,0.1909722326392379,18.33333396911621,77.66666412353516,0,1,1,1,-165864.0,2,7.800001602563938,7.800001602563937,31675.418394474553,77.66666412353516
3911,2,1,1,290.99999046325684,270.6666564941406,145.49999523162842,19128.0,20.33333396911621,270.6666564941406,0.06987400218380282,20.33333396911621,270.6666564941406,0,1,1,1,-19128.0,2,4.50335,4.50335,1336.5499137717804,270.6666564941406
41575,2,1,1,508.3333339691162,488.0,254.1666669845581,17248.0,20.33333396911621,488.0,0.040000001200691596,20.33333396911621,488.0,0,1,1,1,-17248.0,2,4.503350000000005,4.503350000000001,689.9200207095287,488.0
30838,2,1,1,419.99999046325684,398.6666564941406,209.99999523162842,37160.0,21.33333396911621,398.6666564941406,0.05079365346076723,21.33333396911621,398.6666564941406,0,1,1,1,-37160.0,2,0.0,0.0,1887.4921626021105,398.6666564941406
50961,2,1,1,329.6666564941406,313.6666564941406,164.8333282470703,77392.0,16.0,313.6666564941406,0.04853387409619443,16.0,313.6666564941406,0,1,1,1,-77392.0,2,7.800001602563937,7.800001602563937,3756.1335840526795,313.6666564941406
54503,4,1,3,566.6666584014893,271.6666564941406,141.66666460037231,102816.0,19.66666603088379,546.9999923706055,0.03470588173717775,19.66666603088379,271.6666564941406,0,1,1,1,-102816.0,4,14.061669988860677,9.283871403508076,50980.68673242561,168.0
1294,2,1,1,122.99999713897705,110.66666412353516,61.499998569488525,191384.0,12.333333015441895,110.66666412353516,0.10027100245788238,12.333333015441895,110.66666412353516,0,1,1,1,-191384.0,2,7.800001602563938,7.800001602563937,19190.265534399365,110.66666412353516
28685,2,1,1,143.3333339691162,124.0,71.6666669845581,16168.0,19.33333396911621,124.0,0.13488372476762406,19.33333396911621,124.0,0,1,1,1,-16168.0,2,4.503350000000001,4.503349999999999,2180.8000620429457,124.0
62707,2,1,1,155.66666221618652,134.3333282470703,77.83333110809326,21048.0,21.33333396911621,134.3333282470703,0.13704497588243356,21.33333396911621,134.3333282470703,0,1,1,1,-21048.0,2,7.800001602563939,7.800001602563938,2884.5226523734614,134.3333282470703
101041,2,1,1,137.00000524520874,129.6666717529297,68.50000262260437,70024.0,7.333333492279053,129.6666717529297,0.05352797964608486,7.333333492279053,129.6666717529297,0,1,1,1,-70024.0,2,4.503324074780764,4.503324074780762,3748.2432467374465,129.6666717529297
100763,2,1,1,737.3333530426025,717.6666870117188,368.66667652130127,15856.0,19.66666603088379,717.6666870117188,0.026672692818966327,19.66666603088379,717.6666870117188,0,1,1,1,-15856.0,2,0.0,0.0,422.92221733753007,717.6666870117188
146996,2,1,1,236.3333282470703,213.3333282470703,118.16666412353516,15560.0,23.0,213.3333282470703,0.09732017134695059,23.0,213.3333282470703,0,1,1,1,-15560.0,2,0.0,0.0,1514.301866158551,213.3333282470703
159700,3,1,2,423.666654586792,302.6666564941406,141.22221819559732,120656.0,21.33333396911621,402.3333206176758,0.0503540548640131,21.33333396911621,302.6666564941406,0,1,1,1,-120656.0,3,10.824657262010655,8.491549309754964,80070.01728635067,99.66666412353516
63799,2,1,1,133.0,109.0,66.5,17328.0,24.0,109.0,0.18045112781954886,24.0,109.0,0,1,1,1,-17328.0,2,4.50334907485529,4.50334907485529,3126.8571428571427,109.0
3425,4,3,1,1330.3333339691162,673.6666870117188,332.58333349227905,120736.0,656.6666469573975,673.6666870117188,0.49361060885259456,578.3333129882812,673.6666870117188,0,1,1,1,-89008.0,3,13.757896310482938,10.39999073364972,45107.45443533491,673.6666870117188
16719,2,1,1,179.9999942779541,158.3333282470703,89.99999713897705,19392.0,21.66666603088379,158.3333282470703,0.1203703706647143,21.66666603088379,158.3333282470703,0,1,1,1,-19392.0,2,4.5033,4.5033,2334.22222793014,158.3333282470703
82845,2,1,1,54.66666603088379,38.33333206176758,27.333333015441895,52120.0,16.33333396911621,38.33333206176758,0.29878050290992203,16.33333396911621,38.33333206176758,0,1,1,1,-52120.0,2,9.00665,9.00665,15572.439811665137,38.33333206176758
85081,2,1,1,283.3333225250244,259.6666564941406,141.6666612625122,14128.0,23.66666603088379,259.6666564941406,0.08352941270716054,23.66666603088379,259.6666564941406,0,1,1,1,-14128.0,2,4.503350000000001,4.50335,1180.103542726764,259.6666564941406
135968,2,1,1,125.33333110809326,114.66666412353516,62.66666555404663,29472.0,10.666666984558105,114.66666412353516,0.085106387026119,10.666666984558105,114.66666412353516,0,1,1,1,-29472.0,2,7.800001602563938,7.800001602563937,2508.255438433779,114.66666412353516
80019,2,1,1,50.66666793823242,35.66666793823242,25.33333396911621,107048.0,15.0,35.66666793823242,0.2960526241490057,15.0,35.66666793823242,0,1,1,1,-107048.0,2,4.503350000000001,4.50335,31691.84130990276,35.66666793823242
93430,2,1,1,646.0,624.0,323.0,17600.0,22.0,624.0,0.034055727554179564,22.0,624.0,0,1,1,1,-17600.0,2,0.0,0.0,599.3808049535604,624.0
54772,2,1,1,170.9999942779541,147.3333282470703,85.49999713897705,22968.0,23.66666603088379,147.3333282470703,0.13840156036739104,23.66666603088379,147.3333282470703,0,1,1,1,-22968.0,2,0.0,0.0,3178.8070385182377,147.3333282470703
61599,2,1,1,1395.0,1381.0,697.5,141272.0,14.0,1381.0,0.01003584229390681,14.0,1381.0,0,1,1,1,-141272.0,2,9.006673149531963,9.006673149531961,1417.7835125448028,1381.0
136367,3,1,2,717.3333225250244,486.6666564941406,239.11110750834146,125864.0,23.66666603088379,693.6666564941406,0.03299256466655802,23.66666603088379,486.6666564941406,0,1,1,1,-125864.0,3,5.2,5.199981467274667,75263.80251004938,207.0
19138,6,3,3,906.6666612625122,336.6666564941406,151.1111102104187,101496.0,388.9999895095825,517.6666717529297,0.42904410863404757,336.6666564941406,312.0,1,1,0,1,4552.0,4,13.696349219066553,8.72066200422164,16173.770945207549,336.6666564941406
94128,5,2,3,1035.9999923706055,505.6666564941406,207.1999984741211,177216.0,277.0,758.9999923706055,0.26737451934353834,253.0,505.6666564941406,0,1,1,1,-155528.0,4,5.957346886880516,5.034858611408566,68892.53408481005,74.66666412353516
48957,5,1,4,1104.0000076293945,386.3333435058594,220.8000015258789,118560.0,19.0,1085.0000076293945,0.01721014480860237,19.0,386.3333435058594,0,1,1,1,-118560.0,5,15.600003205127875,9.006669259831849,67100.89618474922,116.66666412353516
145829,4,1,3,803.0,288.6666564941406,200.75,71712.0,22.0,781.0,0.0273972602739726,22.0,288.6666564941406,0,1,1,1,-71712.0,4,9.814817618784367,8.118508353755633,34853.50538994396,257.3333435058594
69140,2,1,1,1291.9999589920044,1281.6666259765625,645.9999794960022,150080.0,10.333333015441895,1281.6666259765625,0.00799793602431983,10.333333015441895,1281.6666259765625,0,1,1,1,-150080.0,2,9.006673149531963,9.006673149531961,1200.33023852992,1281.6666259765625
80977,3,1,2,1185.9999752044678,1007.3333129882812,395.33332506815594,192104.0,19.33333396911621,1166.6666412353516,0.016301293738040023,19.33333396911621,1007.3333129882812,0,1,1,1,-192104.0,3,10.400002136751915,10.399991802026683,14837.841523483978,1007.3333129882812
59367,2,1,1,164.6666660308838,146.0,82.3333330154419,137304.0,18.66666603088379,146.0,0.11336032046329761,18.66666603088379,146.0,0,1,1,1,-137304.0,2,4.50335,4.50335,15564.825440892615,146.0
136640,2,1,1,45.66666507720947,33.33333206176758,22.833332538604736,132488.0,12.333333015441895,33.33333206176758,0.2700729951396648,12.333333015441895,33.33333206176758,0,1,1,1,-132488.0,2,4.503349074855292,4.503349074855291,35781.43098006391,33.33333206176758
110597,2,1,1,62.0,41.0,31.0,18872.0,21.0,41.0,0.3387096774193548,21.0,41.0,0,1,1,1,-18872.0,2,4.50335,4.50335,6392.129032258064,41.0
123301,2,1,1,161.6666717529297,139.6666717529297,80.83333587646484,20440.0,22.0,139.6666717529297,0.13608246994545628,22.0,139.6666717529297,0,1,1,1,-20440.0,2,4.503350000000001,4.503349999999999,2781.5256856851265,139.6666717529297
85110,2,1,1,394.33332347869873,385.6666564941406,197.16666173934937,157088.0,8.666666984558105,385.6666564941406,0.021978023333415454,8.666666984558105,385.6666564941406,0,1,1,1,-157088.0,2,7.800001602563939,7.800001602563938,3452.483729399567,385.6666564941406
77430,3,1,2,679.6666564941406,480.6666564941406,226.55555216471353,22976.0,21.0,658.6666564941406,0.030897499236349605,21.0,480.6666564941406,0,1,1,1,-22976.0,3,10.824666507000469,8.491572879953132,3247.1211864121015,480.6666564941406
53285,4,1,3,1073.6666774749756,594.6666870117188,268.4166693687439,52344.0,19.33333396911621,1054.3333435058594,0.01800683058785423,19.33333396911621,594.6666870117188,0,1,1,1,-52344.0,4,13.696351274062007,9.81478734983596,5381.916228321567,381.6666564941406
135452,3,1,2,647.0000057220459,387.3333435058594,215.6666685740153,168984.0,23.33333396911621,623.6666717529297,0.036063885259284396,23.33333396911621,387.3333435058594,0,1,1,1,-168984.0,3,9.006666666666671,7.353898930650477,80701.68507995766,236.3333282470703
149366,2,1,1,361.6666564941406,354.6666564941406,180.8333282470703,12592.0,7.0,354.6666564941406,0.019354839254067113,7.0,354.6666564941406,0,1,1,1,-12592.0,2,9.006673149531961,9.006673149531961,243.7161358872131,354.6666564941406
54450,2,1,1,220.0000057220459,199.6666717529297,110.00000286102295,37640.0,20.33333396911621,199.6666717529297,0.09242424291027478,20.33333396911621,199.6666717529297,0,1,1,1,-37640.0,2,4.5033,4.5033,3478.8485031427426,199.6666717529297
164156,2,1,1,158.3333339691162,135.0,79.1666669845581,18832.0,23.33333396911621,135.0,0.1473684244763488,23.33333396911621,135.0,0,1,1,1,-18832.0,2,0.0,0.0,2775.2421697386003,135.0
86444,4,2,2,408.99999809265137,155.0,102.24999952316284,193456.0,177.3333339691162,231.66666412353516,0.4335778356872868,155.0,133.3333282470703,0,1,1,1,-169096.0,3,7.943143646427262,6.713174905280579,129591.51633149087,98.33333587646484
119190,2,1,1,313.6666564941406,291.6666564941406,156.8333282470703,29416.0,22.0,291.6666564941406,0.07013815317794535,22.0,291.6666564941406,0,1,1,1,-29416.0,2,4.503324074780761,4.503324074780761,2063.1839138824403,291.6666564941406
58926,2,1,1,330.6666774749756,311.3333435058594,165.3333387374878,18840.0,19.33333396911621,311.3333435058594,0.05846774194711329,19.33333396911621,311.3333435058594,0,1,1,1,-18840.0,2,4.50335,4.50335,1101.5322582836143,311.3333435058594
116223,2,1,1,117.00000190734863,94.33333587646484,58.500000953674316,24608.0,22.66666603088379,94.33333587646484,0.19373218513990573,22.66666603088379,94.33333587646484,0,1,1,1,-24608.0,2,7.800001602563938,7.800001602563938,4767.3616119228,94.33333587646484
9302,2,1,1,81.33333396911621,63.0,40.666666984558105,168872.0,18.33333396911621,63.0,0.22540984212054704,18.33333396911621,63.0,0,1,1,1,-168872.0,2,4.503350000000001,4.50335,38065.41085858102,63.0
98399,2,1,1,125.33333587646484,104.33333587646484,62.66666793823242,20040.0,21.0,104.33333587646484,0.16755318808954953,21.0,104.33333587646484,0,1,1,1,-20040.0,2,0.0,0.0,3357.7658893145726,104.33333587646484
122430,2,1,1,386.3333339691162,366.0,193.1666669845581,27688.0,20.33333396911621,366.0,0.05263158050643819,20.33333396911621,366.0,0,1,1,1,-27688.0,2,4.50335,4.50335,1457.2632010622606,366.0
127261,2,1,1,415.3333435058594,407.3333435058594,207.6666717529297,41944.0,8.0,407.3333435058594,0.019261636767400878,8.0,407.3333435058594,0,1,1,1,-41944.0,2,9.006673149531965,9.006673149531963,807.9100925718625,407.3333435058594
107401,3,1,2,1532.6666259765625,1378.6666259765625,510.8888753255208,153544.0,7.0,1525.6666259765625,0.004567203253049136,7.0,1378.6666259765625,0,1,1,1,-153544.0,3,5.200029935918105,5.200010334818789,708.4628285136399,147.0
65157,2,1,1,140.99999809265137,122.66666412353516,70.49999904632568,141696.0,18.33333396911621,122.66666412353516,0.13002364692990523,18.33333396911621,122.66666412353516,0,1,1,1,-141696.0,2,7.800001602563938,7.800001602563937,18423.83067537985,122.66666412353516
104101,2,1,1,320.3333339691162,296.0,160.1666669845581,47952.0,24.33333396911621,296.0,0.07596254085583931,24.33333396911621,296.0,0,1,1,1,-47952.0,2,4.503324074780764,4.503324074780762,3642.555759119207,296.0
89162,2,1,1,274.6666622161865,252.3333282470703,137.33333110809326,30488.0,22.33333396911621,252.3333282470703,0.0813106832438876,22.33333396911621,252.3333282470703,0,1,1,1,-30488.0,2,4.503324074780764,4.503324074780762,2479.000110739645,252.3333282470703
102276,2,1,1,98.66666603088379,76.0,49.333333015441895,18304.0,22.66666603088379,76.0,0.2297297247663042,22.66666603088379,76.0,0,1,1,1,-18304.0,2,0.0,0.0,4204.972882122432,76.0
137032,2,1,1,125.33333396911621,103.0,62.666666984558105,16856.0,22.33333396911621,103.0,0.1781914935305195,22.33333396911621,103.0,0,1,1,1,-16856.0,2,4.503300000000001,4.5033,3003.5958149504368,103.0
160271,2,1,1,613.3333339691162,596.0,306.6666669845581,63192.0,17.33333396911621,596.0,0.02826087057252462,17.33333396911621,596.0,0,1,1,1,-63192.0,2,4.50332407478076,4.50332407478076,1785.8609332189758,596.0
134995,4,1,3,670.3333520889282,536.6666870117188,167.58333802223206,57520.0,8.333333015441895,662.0000190734863,0.012431625234628594,8.333333015441895,536.6666870117188,0,1,1,1,-57520.0,4,17.58604963145504,12.536726891019043,8343.828626295091,536.6666870117188
39278,2,1,1,929.3333339691162,909.0,464.6666669845581,149448.0,20.33333396911621,909.0,0.021879484169876912,20.33333396911621,909.0,0,1,1,1,-149448.0,2,7.800000000000001,7.8,3269.8451502197645,909.0
43268,2,1,1,64.66666603088379,43.33333206176758,32.333333015441895,17568.0,21.33333396911621,43.33333206176758,0.3298969202916344,21.33333396911621,43.33333206176758,0,1,1,1,-17568.0,2,4.503299999999999,4.503299999999999,5795.629095683433,43.33333206176758
13356,2,1,1,2073.333415031433,2061.666748046875,1036.6667075157166,21784.0,11.666666984558105,2061.666748046875,0.005627009577898127,11.666666984558105,2061.666748046875,0,1,1,1,-21784.0,2,7.800001602563937,7.8000016025639365,122.57877664493279,2061.666748046875
2097,2,1,1,66.33333492279053,57.66666793823242,33.166667461395264,75472.0,8.666666984558105,57.66666793823242,0.13065326799332153,8.666666984558105,57.66666793823242,0,1,1,1,-75472.0,2,4.503324074780761,4.503324074780761,9860.663441991963,57.66666793823242
79214,2,1,1,641.6666660308838,621.0,320.8333330154419,13848.0,20.66666603088379,621.0,0.03220779124887421,20.66666603088379,621.0,0,1,1,1,-13848.0,2,4.503350000000001,4.503349999999999,446.01349321441006,621.0
116024,2,1,1,406.66667652130127,396.3333435058594,203.33333826065063,131504.0,10.333333015441895,396.3333435058594,0.025409834668124406,10.333333015441895,396.3333435058594,0,1,1,1,-131504.0,2,0.0,0.0,3341.494898197032,396.3333435058594
94083,2,1,1,86.00000238418579,78.33333587646484,43.000001192092896,128528.0,7.666666507720947,78.33333587646484,0.08914728250206119,7.666666507720947,78.33333587646484,0,1,1,1,-128528.0,2,4.50335,4.50335,11457.921925424922,78.33333587646484
159441,2,1,1,130.66666984558105,109.33333587646484,65.33333492279053,15312.0,21.33333396911621,109.33333587646484,0.16326530701614625,21.33333396911621,109.33333587646484,0,1,1,1,-15312.0,2,4.503299999999999,4.503299999999999,2499.9183810312315,109.33333587646484
78764,3,1,2,327.0000057220459,225.6666717529297,109.00000190734863,80008.0,23.33333396911621,303.6666717529297,0.07135576012481736,23.33333396911621,225.6666717529297,0,1,1,1,-80008.0,3,5.200029935918103,5.200010334818789,43400.195964284845,78.0
31250,2,1,1,146.3333387374878,135.6666717529297,73.1666693687439,92896.0,10.666666984558105,135.6666717529297,0.07289293797699369,10.666666984558105,135.6666717529297,0,1,1,1,-92896.0,2,4.503324074780762,4.503324074780761,6771.462366310806,135.6666717529297
46918,2,1,1,259.6666717529297,245.6666717529297,129.83333587646484,29440.0,14.0,245.6666717529297,0.053915274938791,14.0,245.6666717529297,0,1,1,1,-29440.0,2,7.800000000000001,7.800000000000001,1587.2656941980072,245.6666717529297
30993,4,1,3,664.6666622161865,409.6666564941406,166.16666555404663,80040.0,20.0,644.6666622161865,0.030090271013915978,20.0,409.6666564941406,0,1,1,1,-80040.0,4,9.814780977688702,8.118493588098717,45194.56767912109,31.33333396911621
37595,3,1,2,520.0,260.0,173.33333333333334,199664.0,22.0,498.0,0.04230769230769231,22.0,260.0,0,1,1,1,-199664.0,3,10.4,7.353910524340095,100443.32307692307,238.0
101354,2,1,1,649.999979019165,627.3333129882812,324.9999895095825,15864.0,22.66666603088379,627.3333129882812,0.034871795019266405,22.66666603088379,627.3333129882812,0,1,1,1,-15864.0,2,4.503300000000001,4.5033,553.2061561856423,627.3333129882812
7224,4,1,3,1359.3333492279053,602.0,339.8333373069763,196640.0,21.33333396911621,1338.000015258789,0.01569396791540018,21.33333396911621,602.0,0,1,1,1,-196640.0,3,9.006666666666666,7.353898930650476,133503.30874170622,218.3333282470703
151049,2,1,1,150.66666412353516,125.66666412353516,75.33333206176758,27376.0,25.0,125.66666412353516,0.16592920634057384,25.0,125.66666412353516,0,1,1,1,-27376.0,2,9.006673149531963,9.006673149531961,4542.47795277955,125.66666412353516
145619,2,1,1,95.0,65.0,47.5,173896.0,30.0,65.0,0.3157894736842105,30.0,65.0,0,1,1,1,-173896.0,2,9.006673149531963,9.006673149531963,54914.52631578947,65.0
39345,2,1,1,119.66666412353516,111.66666412353516,59.83333206176758,24696.0,8.0,111.66666412353516,0.06685236910875515,8.0,111.66666412353516,0,1,1,1,-24696.0,2,9.0067,9.0067,1650.9861075098172,111.66666412353516
29281,2,1,1,80.99999713897705,71.66666412353516,40.499998569488525,15976.0,9.333333015441895,71.66666412353516,0.11522633759391471,9.333333015441895,71.66666412353516,0,1,1,1,-15976.0,2,9.006673149531963,9.006673149531963,1840.8559694003814,71.66666412353516
49263,3,1,2,582.666654586792,463.6666564941406,194.22221819559732,17104.0,22.33333396911621,560.3333206176758,0.03832952133661103,22.33333396911621,463.6666564941406,0,1,1,1,-17104.0,3,7.943143646427264,6.713174905280577,672.8421374218422,463.6666564941406
24302,2,1,1,80.33333396911621,54.66666793823242,40.166666984558105,30000.0,25.66666603088379,54.66666793823242,0.3195020642458487,25.66666603088379,54.66666793823242,0,1,1,1,-30000.0,2,7.80000160256394,7.800001602563938,9585.061927375462,54.66666793823242
147465,2,1,1,278.6666660308838,257.0,139.3333330154419,36768.0,21.66666603088379,257.0,0.077751194068122,21.66666603088379,257.0,0,1,1,1,-36768.0,2,4.503350000000001,4.503349999999999,2858.7559034967103,257.0
75383,4,1,3,789.0000019073486,341.6666564941406,197.25000047683716,17016.0,20.66666603088379,768.3333358764648,0.02619349300497296,20.66666603088379,341.6666564941406,0,1,1,1,-17016.0,4,12.536752419287062,8.118507327243105,3086.5399832331727,106.33333587646484
77048,2,1,1,2198.666666030884,2182.0,1099.333333015442,28392.0,16.66666603088379,2182.0,0.007580351441344715,16.66666603088379,2182.0,0,1,1,1,-28392.0,2,9.0067,9.0067,215.22133812265915,2182.0
69669,3,1,2,532.6666507720947,298.6666564941406,177.5555502573649,157344.0,24.66666603088379,507.99998474121094,0.04630788504429499,24.66666603088379,298.6666564941406,0,1,1,1,-157344.0,3,7.943143646427262,6.713174905280579,60679.62986245322,298.6666564941406
6628,2,1,1,186.3333339691162,166.0,93.1666669845581,21920.0,20.33333396911621,166.0,0.10912343774456564,20.33333396911621,166.0,0,1,1,1,-21920.0,2,4.50334907485529,4.50334907485529,2391.985755360879,166.0
121150,2,1,1,755.6666660308838,733.0,377.8333330154419,15344.0,22.66666603088379,733.0,0.029995588067870935,22.66666603088379,733.0,0,1,1,1,-15344.0,2,4.50334907485529,4.50334907485529,460.25230331341163,733.0
161988,2,1,1,335.3333339691162,312.0,167.6666669845581,19864.0,23.33333396911621,312.0,0.06958250673422518,23.33333396911621,312.0,0,1,1,1,-19864.0,2,4.50334907485529,4.50334907485529,1382.186913768649,312.0
12748,2,1,1,147.6666660308838,129.0,73.8333330154419,121976.0,18.66666603088379,129.0,0.12641083145318485,18.66666603088379,129.0,0,1,1,1,-121976.0,2,7.800001602563938,7.800001602563938,15419.087577333677,129.0
52909,2,1,1,545.6666469573975,522.3333129882812,272.83332347869873,25304.0,23.33333396911621,522.3333129882812,0.042761151151937536,23.33333396911621,522.3333129882812,0,1,1,1,-25304.0,2,4.50334907485529,4.50334907485529,1082.0281687486274,522.3333129882812
62997,2,1,1,336.3333330154419,323.0,168.16666650772095,27784.0,13.333333015441895,323.0,0.03964321019240079,13.333333015441895,323.0,0,1,1,1,-27784.0,2,4.503349074855292,4.503349074855291,1101.4469519856634,323.0
135368,2,1,1,53.66666793823242,32.66666793823242,26.83333396911621,78744.0,21.0,32.66666793823242,0.3913043385546112,21.0,32.66666793823242,0,1,1,1,-78744.0,2,7.800001602563939,7.800001602563938,30812.86883514431,32.66666793823242
72049,2,1,1,145.3333339691162,124.0,72.6666669845581,40224.0,21.33333396911621,124.0,0.14678899455819,21.33333396911621,124.0,0,1,1,1,-40224.0,2,4.50334907485529,4.50334907485529,5904.440517108635,124.0
80768,2,1,1,94.00000286102295,85.33333587646484,47.000001430511475,60256.0,8.666666984558105,85.33333587646484,0.09219858213591325,8.666666984558105,85.33333587646484,0,1,1,1,-60256.0,2,0.0,0.0,5555.517765181589,85.33333587646484
22785,2,1,1,83.33333206176758,63.33333206176758,41.66666603088379,44872.0,20.0,63.33333206176758,0.24000000366210944,20.0,63.33333206176758,0,1,1,1,-44872.0,2,0.0,0.0,10769.280164326174,63.33333206176758
104502,2,1,1,43.66666650772095,36.0,21.833333253860474,12616.0,7.666666507720947,36.0,0.1755725160830713,7.666666507720947,36.0,0,1,1,1,-12616.0,2,7.800000000000001,7.8,2215.0228629040275,36.0
158762,3,1,2,283.6666593551636,190.3333282470703,94.55555311838786,35112.0,12.666666984558105,270.99999237060547,0.04465335127276576,12.666666984558105,190.3333282470703,0,1,1,1,-35112.0,2,4.503324074780761,4.503324074780761,7091.497110270931,190.3333282470703
128713,2,1,1,358.6666774749756,332.3333435058594,179.3333387374878,23944.0,26.33333396911621,332.3333435058594,0.07342007390958002,26.33333396911621,332.3333435058594,0,1,1,1,-23944.0,2,4.503324074780763,4.503324074780761,1757.9702496909842,332.3333435058594
134877,4,1,3,669.3333435058594,357.3333435058594,167.33333587646484,69936.0,19.0,650.3333435058594,0.028386453751849693,19.0,357.3333435058594,0,1,1,1,-69936.0,4,5.957381357610071,5.034886562277247,9768.167182585466,193.0
32259,3,1,2,412.3333377838135,203.6666717529297,137.44444592793783,15704.0,21.66666603088379,390.6666717529297,0.05254648131857732,21.66666603088379,203.6666717529297,0,1,1,1,-15704.0,3,7.943143646427262,6.713174905280576,1362.1535584965925,203.6666717529297
89224,3,2,1,134.33333015441895,81.66666412353516,44.77777671813965,168200.0,102.33333015441895,32.0,0.7617865948591065,81.66666412353516,32.0,0,1,1,1,-152048.0,3,10.824666507000469,8.491572879953134,118313.05123441927,32.0
153801,4,1,3,937.6666564941406,574.3333129882812,234.41666412353516,123696.0,16.33333396911621,921.3333225250244,0.017419126355825872,16.33333396911621,574.3333129882812,0,1,1,1,-123696.0,4,10.318432838856877,7.4679230174794915,69305.66220832293,316.3333435058594
158594,2,1,1,465.3333330154419,454.0,232.66666650772095,192032.0,11.333333015441895,454.0,0.024355300193089333,11.333333015441895,454.0,0,1,1,1,-192032.0,2,7.800001602563939,7.800001602563938,4676.99700667933,454.0
147752,2,1,1,80.00000286102295,71.33333587646484,40.000001430511475,34840.0,8.666666984558105,71.33333587646484,0.1083333334326744,8.666666984558105,71.33333587646484,0,1,1,1,-34840.0,2,4.50335,4.50335,3774.3333367943765,71.33333587646484
134417,2,1,1,443.0,421.0,221.5,17120.0,22.0,421.0,0.04966139954853273,22.0,421.0,0,1,1,1,-17120.0,2,4.50335,4.50335,850.2031602708804,421.0
66980,4,3,1,602.3333435058594,314.3333435058594,150.58333587646484,70056.0,469.00001525878906,133.3333282470703,0.7786386397422256,314.3333435058594,133.3333282470703,1,1,0,1,8168.0,4,16.236985893015984,10.06974952245586,6384.053023370671,314.3333435058594
26814,2,1,1,75.00000095367432,63.66666793823242,37.50000047683716,152320.0,11.333333015441895,63.66666793823242,0.15111110495108154,11.333333015441895,63.66666793823242,0,1,1,1,-152320.0,2,4.50335,4.50335,23017.243506148738,63.66666793823242
114275,2,1,1,606.6666669845581,597.0,303.33333349227905,129832.0,9.666666984558105,597.0,0.01593406644971341,9.666666984558105,597.0,0,1,1,1,-129832.0,2,7.8,7.8,2068.7517152991913,597.0
26478,3,1,2,256.0,140.0,85.33333333333333,50304.0,11.0,245.0,0.04296875,11.0,140.0,0,1,1,1,-50304.0,3,15.011099999999999,11.233283984955898,20050.875,105.0
75039,5,2,3,570.3333377838135,218.6666717529297,114.0666675567627,39824.0,102.66666984558105,467.6666679382324,0.1800116932398175,83.33333587646484,218.6666717529297,0,1,1,1,-544.0,4,8.118521579696635,5.95734321153314,4809.9638525554865,195.3333282470703
84245,3,1,2,628.6666469573975,553.3333129882812,209.55554898579916,44928.0,26.33333396911621,602.3333129882812,0.04188759511350493,26.33333396911621,553.3333129882812,0,1,1,1,-44928.0,3,9.006681482901705,7.353917832164173,3452.0043954415755,553.3333129882812
121433,2,1,1,598.000020980835,577.6666870117188,299.0000104904175,16936.0,20.33333396911621,577.6666870117188,0.03400222952461713,20.33333396911621,577.6666870117188,0,1,1,1,-16936.0,2,4.503299999999999,4.503299999999999,575.8617592289157,577.6666870117188
33703,3,1,2,602.6666793823242,509.3333435058594,200.8888931274414,75008.0,23.0,579.6666793823242,0.03816371600894346,23.0,509.3333435058594,0,1,1,1,-75008.0,3,10.400002136751917,7.353912035251865,52542.86714026217,70.33333587646484
108403,2,1,1,67.66666603088379,40.0,33.833333015441895,18872.0,27.66666603088379,40.0,0.4088669895197205,27.66666603088379,40.0,0,1,1,1,-18872.0,2,4.50335,4.50335,7716.137826216165,40.0
1602,3,1,2,1051.0,553.0,350.3333333333333,118512.0,24.0,1027.0,0.022835394862036156,24.0,553.0,0,1,1,1,-118512.0,3,5.2000299359181055,5.200010334818789,49418.945765937206,553.0
53784,4,1,3,1980.6666564941406,989.0,495.16666412353516,142560.0,23.0,1957.6666564941406,0.011612251826721274,23.0,989.0,0,1,1,1,-142560.0,4,5.957346886880519,5.034858611408566,22165.421280618146,989.0
102954,3,1,2,369.0000057220459,195.6666717529297,123.00000190734863,182872.0,25.33333396911621,343.6666717529297,0.0686540205319099,25.33333396911621,195.6666717529297,0,1,1,1,-182872.0,3,7.943135481939389,6.713181255477084,95127.29276597207,148.0
148687,3,1,2,82.33333206176758,32.33333206176758,27.44444402058919,192576.0,19.66666603088379,62.66666603088379,0.23886639272815524,19.66666603088379,32.33333206176758,0,1,1,1,-192576.0,3,10.82466650700047,8.491572879953134,46034.49314964531,30.33333396911621
62269,3,1,2,1276.6666660308838,638.6666870117188,425.55555534362793,147544.0,19.66666603088379,1257.0,0.015404699248572715,19.66666603088379,638.6666870117188,0,1,1,1,-147544.0,3,10.824666507000469,8.491572879953134,64473.00470056808,638.6666870117188
120917,3,1,2,78.0,36.33333206176758,26.0,35144.0,8.0,70.0,0.10256410256410256,8.0,36.33333206176758,0,1,1,1,-35144.0,3,9.006681482901701,7.353917832164173,3835.5555474697017,33.66666793823242
113299,2,1,1,73.6666669845581,65.0,36.83333349227905,69912.0,8.666666984558105,65.0,0.11764706263111915,8.666666984558105,65.0,0,1,1,1,-69912.0,2,7.800001602563938,7.800001602563938,8224.941442666803,65.0
23186,2,1,1,549.3333339691162,527.0,274.6666669845581,20536.0,22.33333396911621,527.0,0.040655340916143645,22.33333396911621,527.0,0,1,1,1,-20536.0,2,0.0,0.0,834.8980810539258,527.0
110580,2,1,1,61.00000190734863,36.66666793823242,30.500000953674316,139632.0,24.33333396911621,36.66666793823242,0.39890710177477534,24.33333396911621,36.66666793823242,0,1,1,1,-139632.0,2,9.006673149531961,9.006673149531961,55700.19643501543,36.66666793823242
123825,6,2,4,1075.3333187103271,631.3333129882812,179.22221978505453,54800.0,225.33333778381348,849.9999809265137,0.20954743414261645,204.6666717529297,631.3333129882812,0,1,1,1,-14832.0,6,13.086399842584667,8.4915733161372,28317.140433313372,33.66666793823242
50117,3,1,2,254.0,154.0,84.66666666666667,110464.0,25.0,229.0,0.0984251968503937,25.0,154.0,0,1,1,1,-110464.0,3,13.757908432768565,11.627554438583472,11022.8031496063,75.0
68143,2,1,1,77.33333587646484,65.33333587646484,38.66666793823242,177072.0,12.0,65.33333587646484,0.15517240869020893,12.0,65.33333587646484,0,1,1,1,-177072.0,2,7.800001602563938,7.800001602563937,27476.688751592676,65.33333587646484
124050,3,2,1,343.0,274.0,114.33333333333333,20824.0,294.0,49.0,0.8571428571428571,274.0,49.0,0,1,1,1,-376.0,2,4.503324074780762,4.503324074780761,1514.5889212827988,49.0
164160,2,1,1,146.33333015441895,126.66666412353516,73.16666507720947,64864.0,19.66666603088379,126.66666412353516,0.13439635392791544,19.66666603088379,126.66666412353516,0,1,1,1,-64864.0,2,9.006673149531963,9.006673149531963,8717.485101180308,126.66666412353516
159670,2,1,1,52.000000953674316,41.66666793823242,26.000000476837158,147976.0,10.333333015441895,41.66666793823242,0.19871793896018652,10.333333015441895,41.66666793823242,0,1,1,1,-147976.0,2,9.006673149531961,9.006673149531961,29405.48573557256,41.66666793823242
12181,2,1,1,207.6666717529297,184.6666717529297,103.83333587646484,15704.0,23.0,184.6666717529297,0.11075441141255506,23.0,184.6666717529297,0,1,1,1,-15704.0,2,0.0,0.0,1739.2872768227646,184.6666717529297
153962,3,1,2,515.6666774749756,308.3333435058594,171.88889249165854,176936.0,22.33333396911621,493.3333435058594,0.04330963187009502,22.33333396911621,308.3333435058594,0,1,1,1,-176936.0,3,10.4,7.353910524340095,102265.36124751192,185.0
80694,2,1,1,87.3333330154419,79.0,43.66666650772095,11376.0,8.333333015441895,79.0,0.09541984403559213,8.333333015441895,79.0,0,1,1,1,-11376.0,2,7.8,7.8,1085.496145748896,79.0
58766,2,1,1,147.66666984558105,126.33333587646484,73.83333492279053,18232.0,21.33333396911621,126.33333587646484,0.1444695271548078,21.33333396911621,126.33333587646484,0,1,1,1,-18232.0,2,0.0,0.0,2633.968419086456,126.33333587646484
81702,2,1,1,357.3333339691162,336.0,178.6666669845581,18616.0,21.33333396911621,336.0,0.059701494210333085,21.33333396911621,336.0,0,1,1,1,-18616.0,2,4.503350000000001,4.50335,1111.4030162195606,336.0
19117,2,1,1,130.99999809265137,107.66666412353516,65.49999904632568,37928.0,23.33333396911621,107.66666412353516,0.17811705579272927,23.33333396911621,107.66666412353516,0,1,1,1,-37928.0,2,0.0,0.0,6755.623692106636,107.66666412353516
107324,2,1,1,501.6666564941406,479.6666564941406,250.8333282470703,15064.0,22.0,479.6666564941406,0.04385382148725078,22.0,479.6666564941406,0,1,1,1,-15064.0,2,4.503350000000001,4.503349999999999,660.6139668839457,479.6666564941406
96539,4,2,2,1423.9999799728394,632.0,355.99999499320984,91832.0,623.9999799728394,800.0,0.4382022392898778,615.3333129882812,632.0,1,1,0,1,24392.0,4,13.50995,11.030847640480761,36218.94809542741,615.3333129882812
38704,2,1,1,276.0,255.0,138.0,34840.0,21.0,255.0,0.07608695652173914,21.0,255.0,0,1,1,1,-34840.0,2,4.503350000000001,4.503349999999999,2650.8695652173915,255.0
24813,3,2,1,572.3333129882812,519.3333129882812,190.77777099609375,15472.0,53.0,519.3333129882812,0.09260338127668133,32.0,519.3333129882812,0,1,1,1,-488.0,2,4.503300000000001,4.5033,594.9819664035045,519.3333129882812
114025,2,1,1,335.99999046325684,314.6666564941406,167.99999523162842,14368.0,21.33333396911621,314.6666564941406,0.0634920671863802,21.33333396911621,314.6666564941406,0,1,1,1,-14368.0,2,0.0,0.0,912.2540213339108,314.6666564941406
59932,2,1,1,743.0,714.0,371.5,153320.0,29.0,714.0,0.039030955585464336,29.0,714.0,0,1,1,1,-153320.0,2,0.0,0.0,5984.226110363392,714.0
66634,2,1,1,48.66666793823242,31.33333396911621,24.33333396911621,135272.0,17.33333396911621,31.33333396911621,0.35616438731978983,17.33333396911621,31.33333396911621,0,1,1,1,-135272.0,2,9.006673149531963,9.006673149531961,48179.069001522614,31.33333396911621
137737,3,1,2,605.9999952316284,435.0,201.99999841054282,151224.0,8.666666984558105,597.3333282470703,0.01430143078011987,8.666666984558105,435.0,0,1,1,1,-151224.0,3,10.824655205645636,8.49155651076736,2194.8647820600563,435.0
113510,2,1,1,223.3333339691162,201.0,111.6666669845581,20632.0,22.33333396911621,201.0,0.1000000025621101,22.33333396911621,201.0,0,1,1,1,-20632.0,2,4.503350000000001,4.503349999999999,2063.2000528614553,201.0
133041,2,1,1,399.99999046325684,381.6666564941406,199.99999523162842,22768.0,18.33333396911621,381.6666564941406,0.04583333601554241,18.33333396911621,381.6666564941406,0,1,1,1,-22768.0,2,0.0,0.0,1043.5333944018696,381.6666564941406
70255,2,1,1,72.66666793823242,61.66666793823242,36.33333396911621,29408.0,11.0,61.66666793823242,0.15137614414011852,11.0,61.66666793823242,0,1,1,1,-29408.0,2,9.0067,9.0067,4451.669646872605,61.66666793823242
2230,2,1,1,184.0000057220459,162.6666717529297,92.00000286102295,22592.0,21.33333396911621,162.6666717529297,0.115942028835275,21.33333396911621,162.6666717529297,0,1,1,1,-22592.0,2,4.503324074780762,4.503324074780761,2619.3623154465326,162.6666717529297
145190,2,1,1,412.3333225250244,391.6666564941406,206.1666612625122,18872.0,20.66666603088379,391.6666564941406,0.0501212608874936,20.66666603088379,391.6666564941406,0,1,1,1,-18872.0,2,4.503300000000001,4.5033,945.8884354687792,391.6666564941406
119300,4,2,2,291.0000057220459,138.6666717529297,72.75000143051147,53160.0,71.99999809265137,219.00000762939453,0.24742266899274054,50.33333206176758,138.6666717529297,0,1,1,1,-560.0,4,5.957380833103167,5.034886355408133,4066.373226840097,80.33333587646484
10621,2,1,1,137.66666412353516,113.66666412353516,68.83333206176758,19896.0,24.0,113.66666412353516,0.1743341436563292,24.0,113.66666412353516,0,1,1,1,-19896.0,2,4.50335,4.50335,3468.552122186326,113.66666412353516
50695,2,1,1,648.6666870117188,631.6666870117188,324.3333435058594,100464.0,17.0,631.6666870117188,0.026207604522309743,17.0,631.6666870117188,0,1,1,1,-100464.0,2,7.800001602563937,7.800001602563937,2632.920780729326,631.6666870117188
117387,3,1,2,143.00000190734863,79.0,47.66666730244955,82840.0,19.33333396911621,123.66666793823242,0.13519813784088272,19.33333396911621,79.0,0,1,1,1,-82840.0,3,12.008897532709282,8.491572879953134,41549.07207519595,44.66666793823242
27973,2,1,1,235.3333339691162,213.0,117.6666669845581,22544.0,22.33333396911621,213.0,0.0949008523035972,22.33333396911621,213.0,0,1,1,1,-22544.0,2,0.0,0.0,2139.444814332295,213.0
78467,3,1,2,850.9999942779541,588.0,283.66666475931805,153152.0,20.66666603088379,830.3333282470703,0.024285154136127564,20.66666603088379,588.0,0,1,1,1,-153152.0,3,13.757930254584082,10.400020669530742,95654.60609083662,242.3333282470703
53937,2,1,1,701.000020980835,674.6666870117188,350.5000104904175,93512.0,26.33333396911621,674.6666870117188,0.03756538256913426,26.33333396911621,674.6666870117188,0,1,1,1,-93512.0,2,7.8,7.799999999999999,3512.814054804883,674.6666870117188
90861,3,1,2,506.33333015441895,398.0,168.77777671813965,24072.0,21.66666603088379,484.66666412353516,0.04279130908541218,21.66666603088379,398.0,0,1,1,1,-24072.0,3,9.006666666666666,7.353898930650476,1620.2501272100465,398.0
163197,2,1,1,537.0,524.0,268.5,198496.0,13.0,524.0,0.024208566108007448,13.0,524.0,0,1,1,1,-198496.0,2,9.006673149531963,9.006673149531961,4805.303538175047,524.0
12377,2,1,1,109.99999809265137,81.66666412353516,54.999999046325684,165840.0,28.33333396911621,81.66666412353516,0.25757576782184544,28.33333396911621,81.66666412353516,0,1,1,1,-165840.0,2,9.00665,9.00665,42716.36533557485,81.66666412353516
8938,3,1,2,189.6666660308838,111.0,63.222222010294594,104960.0,23.33333396911621,166.33333206176758,0.123022850864668,23.33333396911621,111.0,0,1,1,1,-104960.0,3,5.200029935918105,5.200010334818789,35796.55530623369,111.0
132138,2,1,1,128.0,115.0,64.0,90040.0,13.0,115.0,0.1015625,13.0,115.0,0,1,1,1,-90040.0,2,7.800000000000001,7.8,9144.6875,115.0
135433,3,1,2,719.9999847412109,562.3333129882812,239.99999491373697,130416.0,22.0,697.9999847412109,0.030555556203112205,22.0,562.3333129882812,0,1,1,1,-130416.0,3,10.824657262010653,8.491549309754964,25415.745786534328,562.3333129882812
139733,3,1,2,405.99999046325684,343.6666564941406,135.33333015441895,169344.0,20.66666603088379,385.33332443237305,0.05090311949835903,20.66666603088379,343.6666564941406,0,1,1,1,-169344.0,3,7.9431291825073576,6.713166348303906,135042.06813031624,41.66666793823242
11485,2,1,1,233.0,213.0,116.5,26176.0,20.0,213.0,0.08583690987124463,20.0,213.0,0,1,1,1,-26176.0,2,4.50335,4.50335,2246.8669527896996,213.0
9003,3,1,2,404.33333015441895,299.0,134.77777671813965,54160.0,18.66666603088379,385.66666412353516,0.04616652805682579,18.66666603088379,299.0,0,1,1,1,-54160.0,3,13.086399842584667,9.95726028316357,11526.85876779689,299.0
18503,2,1,1,151.0,127.0,75.5,23824.0,24.0,127.0,0.15894039735099338,24.0,127.0,0,1,1,1,-23824.0,2,4.503350000000001,4.50335,3786.5960264900664,127.0
6692,3,2,1,536.3333225250244,368.6666564941406,178.77777417500815,93736.0,167.6666660308838,368.6666564941406,0.3126165371219513,147.0,368.6666564941406,1,1,0,1,62112.0,3,9.006681482901703,7.353917832164173,46306.714373646224,147.0
79553,3,1,2,590.3333225250244,456.6666564941406,196.77777417500815,163688.0,20.66666603088379,569.6666564941406,0.03500846935505275,20.66666603088379,456.6666564941406,0,1,1,1,-163688.0,3,10.824649214537061,8.4915615310469,20144.95332636282,456.6666564941406
61762,3,1,2,406.99999046325684,258.6666564941406,135.6666634877523,15808.0,19.33333396911621,387.6666564941406,0.0475020501772262,19.33333396911621,258.6666564941406,0,1,1,1,-15808.0,3,5.200029935918103,5.200010334818789,1010.2146163822009,129.0
134810,3,1,2,591.6666460037231,294.6666564941406,197.22221533457437,171528.0,9.333333015441895,582.3333129882812,0.01577464790094516,9.333333015441895,294.6666564941406,0,1,1,1,-171528.0,3,7.943143646427262,6.713174905280577,2709.683382616403,294.6666564941406
83469,4,1,3,567.6666584014893,227.3333282470703,141.91666460037231,138184.0,21.66666603088379,545.9999923706055,0.038167938367026255,21.66666603088379,227.3333282470703,0,1,1,1,-138184.0,4,11.914691846859698,7.7999943856950935,45735.50206816346,227.3333282470703
50780,4,1,3,323.6666603088379,245.3333282470703,80.91666507720947,121264.0,13.0,310.6666603088379,0.04016477936774703,13.0,245.3333282470703,0,1,1,1,-121264.0,3,13.757908432768565,10.399991802026683,34669.89101059265,33.33333206176758
39640,3,1,2,907.6666564941406,480.6666564941406,302.55555216471356,199728.0,23.0,884.6666564941406,0.025339699145540306,23.0,480.6666564941406,0,1,1,1,-199728.0,3,7.943143646427262,6.713174905280577,87008.80596962836,480.6666564941406
128660,2,1,1,365.00000953674316,343.3333435058594,182.50000476837158,19792.0,21.66666603088379,343.3333435058594,0.05936072730075556,21.66666603088379,343.3333435058594,0,1,1,1,-19792.0,2,4.503299999999999,4.503299999999999,1174.867514736554,343.3333435058594
43383,3,1,2,631.0,576.0,210.33333333333334,115528.0,22.0,609.0,0.03486529318541997,22.0,576.0,0,1,1,1,-115528.0,3,6.0044,4.245751956956505,91842.8145800317,33.0
83669,3,1,2,589.333345413208,493.3333435058594,196.44444847106934,57944.0,18.66666603088379,570.6666793823242,0.03167420641673645,18.66666603088379,493.3333435058594,0,1,1,1,-57944.0,3,10.82465520564563,8.49155651076736,38386.64243828203,77.33333587646484
117890,2,1,1,122.0,99.0,61.0,22872.0,23.0,99.0,0.1885245901639344,23.0,99.0,0,1,1,1,-22872.0,2,4.5033,4.5033,4311.934426229508,99.0
81065,2,1,1,524.3333339691162,503.0,262.1666669845581,20384.0,21.33333396911621,503.0,0.04068658730435164,21.33333396911621,503.0,0,1,1,1,-20384.0,2,4.50334907485529,4.50334907485529,829.3553956119038,503.0
136822,2,1,1,229.3333339691162,212.0,114.6666669845581,41856.0,17.33333396911621,212.0,0.07558139791161128,17.33333396911621,212.0,0,1,1,1,-41856.0,2,4.503299999999999,4.503299999999999,3163.5349909884017,212.0
148139,2,1,1,107.33333110809326,94.66666412353516,53.66666555404663,59728.0,12.666666984558105,94.66666412353516,0.11801242776860953,12.666666984558105,94.66666412353516,0,1,1,1,-59728.0,2,7.800001602563937,7.8000016025639365,7048.64628576351,94.66666412353516
20659,2,1,1,269.6666660308838,250.0,134.8333330154419,19088.0,19.66666603088379,250.0,0.07292954045952216,19.66666603088379,250.0,0,1,1,1,-19088.0,2,4.50334907485529,4.50334907485529,1392.079068291359,250.0
142647,2,1,1,347.6666564941406,330.6666564941406,173.8333282470703,158984.0,17.0,330.6666564941406,0.04889741274422878,17.0,330.6666564941406,0,1,1,1,-158984.0,2,9.006648149561522,9.006648149561522,7773.906267728467,330.6666564941406
89770,4,2,2,580.0000133514404,234.6666717529297,145.0000033378601,21104.0,256.0000057220459,324.00000762939453,0.4413793100499937,234.6666717529297,222.6666717529297,0,1,1,1,-624.0,3,6.004466666666667,4.245799097408585,1062.4919589422695,101.33333587646484
118450,2,1,1,179.6666717529297,158.6666717529297,89.83333587646484,48288.0,21.0,158.6666717529297,0.1168831135742212,21.0,158.6666717529297,0,1,1,1,-48288.0,2,4.50335,4.50335,5644.051788271993,158.6666717529297
130056,2,1,1,493.6666660308838,474.0,246.8333330154419,19760.0,19.66666603088379,474.0,0.03983794609631075,19.66666603088379,474.0,0,1,1,1,-19760.0,2,4.50334907485529,4.50334907485529,787.1978148631003,474.0
82489,2,1,1,148.6666660308838,128.0,74.3333330154419,21032.0,20.66666603088379,128.0,0.139013449232732,20.66666603088379,128.0,0,1,1,1,-21032.0,2,4.503324074780762,4.503324074780761,2923.73086426282,128.0
154639,2,1,1,465.00000953674316,444.3333435058594,232.50000476837158,57560.0,20.66666603088379,444.3333435058594,0.04444444216565282,20.66666603088379,444.3333435058594,0,1,1,1,-57560.0,2,4.50335,4.50335,2558.222091054976,444.3333435058594
58162,3,1,2,989.6666965484619,547.6666870117188,329.8888988494873,61688.0,21.66666603088379,968.0000305175781,0.021892891926593,21.66666603088379,547.6666870117188,0,1,1,1,-61688.0,3,6.004432099707682,4.245774654877481,20235.37333286131,547.6666870117188
84578,2,1,1,187.3333282470703,162.3333282470703,93.66666412353516,17592.0,25.0,162.3333282470703,0.13345196091871053,25.0,162.3333282470703,0,1,1,1,-17592.0,2,4.50334907485529,4.50334907485529,2347.686896481956,162.3333282470703
100696,3,2,1,427.6666622161865,221.0,142.55555407206217,191936.0,206.66666221618652,221.0,0.4832423952459405,178.3333282470703,221.0,0,1,1,1,-488.0,3,10.399999999999999,7.353910524340094,12919.439229256197,221.0
85140,2,1,1,115.99999809265137,92.66666412353516,57.999999046325684,36360.0,23.33333396911621,92.66666412353516,0.20114943407567507,23.33333396911621,92.66666412353516,0,1,1,1,-36360.0,2,4.503324074780764,4.503324074780761,7313.793422991545,92.66666412353516
69481,2,1,1,99.33333587646484,92.33333587646484,49.66666793823242,18880.0,7.0,92.33333587646484,0.07046979685355073,7.0,92.33333587646484,0,1,1,1,-18880.0,2,4.503299999999999,4.503299999999999,1330.4697645950378,92.33333587646484
31765,2,1,1,71.66666793823242,59.66666793823242,35.83333396911621,182152.0,12.0,59.66666793823242,0.16744185749423257,12.0,59.66666793823242,0,1,1,1,-182152.0,2,7.800001602563938,7.800001602563938,30499.86922628945,59.66666793823242
88273,2,1,1,287.3333339691162,265.0,143.6666669845581,20440.0,22.33333396911621,265.0,0.07772622013816431,22.33333396911621,265.0,0,1,1,1,-20440.0,2,4.503324074780762,4.503324074780761,1588.7239396240784,265.0
55268,4,1,3,604.6666774749756,279.3333435058594,151.1666693687439,176768.0,23.33333396911621,581.3333435058594,0.03858875449620237,23.33333396911621,279.3333435058594,0,1,1,1,-176768.0,4,11.914698498309765,7.800007751077878,94118.33022555272,158.3333282470703
126597,2,1,1,542.6666870117188,518.6666870117188,271.3333435058594,17952.0,24.0,518.6666870117188,0.04422604256797087,24.0,518.6666870117188,0,1,1,1,-17952.0,2,4.503299999999999,4.503299999999999,793.9459161802131,518.6666870117188
39705,3,1,2,175.33333015441895,113.66666412353516,58.44444338480631,58344.0,23.33333396911621,151.99999618530273,0.13307985394771296,23.33333396911621,113.66666412353516,0,1,1,1,-58344.0,3,13.086373077408085,9.957235157188745,35713.44510067271,38.33333206176758
51076,2,1,1,404.99999046325684,381.6666564941406,202.49999523162842,16664.0,23.33333396911621,381.6666564941406,0.05761317165076107,23.33333396911621,381.6666564941406,0,1,1,1,-16664.0,2,7.80000160256394,7.8000016025639365,960.0658923882825,381.6666564941406
99148,3,1,2,472.6666774749756,395.3333435058594,157.5555591583252,191112.0,24.66666603088379,448.0000114440918,0.052186175176670284,24.66666603088379,395.3333435058594,0,1,1,1,-191112.0,2,4.503300000000001,4.5033,154956.46819539473,52.66666793823242
104969,2,1,1,450.3333339691162,427.0,225.1666669845581,21024.0,23.33333396911621,427.0,0.051813472841245205,23.33333396911621,427.0,0,1,1,1,-21024.0,2,4.503299999999999,4.503299999999999,1089.3264530143392,427.0
94499,2,1,1,425.3333435058594,413.3333435058594,212.6666717529297,107936.0,12.0,413.3333435058594,0.02821316546943771,12.0,413.3333435058594,0,1,1,1,-107936.0,2,4.503324074780761,4.503324074780761,3045.2162281092287,413.3333435058594
104263,2,1,1,208.3333282470703,185.3333282470703,104.16666412353516,31144.0,23.0,185.3333282470703,0.11040000269531257,23.0,185.3333282470703,0,1,1,1,-31144.0,2,4.503350000000001,4.50335,3438.2976839428147,185.3333282470703
87880,3,1,2,374.3333263397217,247.3333282470703,124.7777754465739,115416.0,20.33333396911621,353.99999237060547,0.05431879167141784,20.33333396911621,247.3333282470703,0,1,1,1,-115416.0,3,7.9431291825073576,6.713166348303906,31014.4044597596,247.3333282470703
113021,2,1,1,120.33333587646484,98.33333587646484,60.16666793823242,87160.0,22.0,98.33333587646484,0.18282548090069883,22.0,98.33333587646484,0,1,1,1,-87160.0,2,9.00665,9.006649999999999,15935.06891530491,98.33333587646484
94918,2,1,1,177.3333282470703,153.3333282470703,88.66666412353516,46456.0,24.0,153.3333282470703,0.1353383497464273,24.0,153.3333282470703,0,1,1,1,-46456.0,2,4.50334907485529,4.50334907485529,6287.278375820028,153.3333282470703
91030,3,1,2,261.99999618530273,198.3333282470703,87.33333206176758,146400.0,8.0,253.99999618530273,0.030534351589615677,8.0,198.3333282470703,0,1,1,1,-146400.0,3,10.824655205645634,8.49155651076736,6375.643902256564,198.3333282470703
56570,4,2,2,826.0000057220459,516.0,206.50000143051147,18712.0,274.3333377838135,551.6666679382324,0.3321226826675451,252.6666717529297,516.0,0,1,1,1,-5088.0,4,13.69636611377266,9.814794252683038,4895.828877281654,35.66666793823242
92122,2,1,1,136.33333587646484,127.33333587646484,68.16666793823242,22408.0,9.0,127.33333587646484,0.0660146686952275,9.0,127.33333587646484,0,1,1,1,-22408.0,2,9.006648149561522,9.006648149561522,1479.2566961226578,127.33333587646484
15188,2,1,1,233.33333349227905,226.0,116.66666674613953,95584.0,7.333333492279053,226.0,0.03142857208835835,7.333333492279053,226.0,0,1,1,1,-95584.0,2,7.800001602563937,7.800001602563937,3004.068634493645,226.0
36461,2,1,1,288.3333339691162,265.0,144.1666669845581,81968.0,23.33333396911621,265.0,0.08092485751791528,23.33333396911621,265.0,0,1,1,1,-81968.0,2,9.006673149531963,9.006673149531961,6633.24872102848,265.0
23945,2,1,1,1079.6666259765625,1070.6666259765625,539.8333129882812,164992.0,9.0,1070.6666259765625,0.008335906458032326,9.0,1070.6666259765625,0,1,1,1,-164992.0,2,9.006648149561522,9.006648149561522,1375.3578783236696,1070.6666259765625
76389,2,1,1,166.6666717529297,157.6666717529297,83.33333587646484,159176.0,9.0,157.6666717529297,0.05399999835205083,9.0,157.6666717529297,0,1,1,1,-159176.0,2,4.503350000000001,4.50335,8595.503737686044,157.6666717529297
76881,2,1,1,262.3333339691162,238.0,131.1666669845581,17264.0,24.33333396911621,238.0,0.09275730842494041,24.33333396911621,238.0,0,1,1,1,-17264.0,2,7.800001602563939,7.800001602563938,1601.3621726481713,238.0
67278,3,1,2,277.33333110809326,149.3333282470703,92.44444370269775,131200.0,14.666666984558105,262.66666412353516,0.05288461695518897,14.666666984558105,149.3333282470703,0,1,1,1,-131200.0,3,10.400002136751914,7.353912035251865,47454.03990182771,149.3333282470703
48168,2,1,1,217.3333282470703,195.3333282470703,108.66666412353516,26744.0,22.0,195.3333282470703,0.1012269962340512,22.0,195.3333282470703,0,1,1,1,-26744.0,2,4.503324074780762,4.503324074780761,2707.2147872834653,195.3333282470703
5778,2,1,1,151.6666717529297,143.6666717529297,75.83333587646484,143224.0,8.0,143.6666717529297,0.05274725097833148,8.0,143.6666717529297,0,1,1,1,-143224.0,2,4.503324074780762,4.503324074780761,7554.672274120548,143.6666717529297
148176,4,2,2,2456.6666049957275,1433.6666259765625,614.1666512489319,96032.0,1458.9999599456787,997.6666450500488,0.5938941641404435,1433.6666259765625,955.3333129882812,0,1,1,1,-35376.0,4,13.696351274062007,9.81478734983596,23784.78370799113,42.33333206176758
51237,2,1,1,83.33333396911621,58.0,41.666666984558105,59264.0,25.33333396911621,58.0,0.30400000531005855,25.33333396911621,58.0,0,1,1,1,-59264.0,2,4.50334907485529,4.50334907485529,18016.25631469531,58.0
96866,4,1,3,774.3333306312561,525.0,193.58333265781403,80096.0,7.666666507720947,766.6666641235352,0.009900989928292105,7.666666507720947,525.0,0,1,1,1,-80096.0,3,15.600003205127875,12.737349279448477,38448.296286473545,95.66666412353516
94730,2,1,1,305.6666669845581,297.0,152.83333349227905,72160.0,8.666666984558105,297.0,0.028353327073756245,8.666666984558105,297.0,0,1,1,1,-72160.0,2,7.800001602563938,7.800001602563937,2045.9760816422506,297.0
152793,2,1,1,107.33333396911621,88.0,53.666666984558105,19560.0,19.33333396911621,88.0,0.18012422845897183,19.33333396911621,88.0,0,1,1,1,-19560.0,2,4.50335,4.50335,3523.229908657489,88.0
35155,2,1,1,445.3333339691162,423.0,222.6666669845581,14976.0,22.33333396911621,423.0,0.05014970195486203,22.33333396911621,423.0,0,1,1,1,-14976.0,2,4.503324074780762,4.503324074780761,751.0419364760137,423.0
135336,2,1,1,572.6666870117188,560.6666870117188,286.3333435058594,134912.0,12.0,560.6666870117188,0.020954597625746717,12.0,560.6666870117188,0,1,1,1,-134912.0,2,7.800001602563938,7.800001602563937,2827.026674884741,560.6666870117188
65694,3,1,2,1249.6666660308838,634.0,416.55555534362793,130952.0,22.66666603088379,1227.0,0.018138169679180364,22.66666603088379,634.0,0,1,1,1,-130952.0,3,5.200029935918103,5.200010334818789,56873.65373665158,634.0
24823,3,2,1,241.66666412353516,146.3333282470703,80.55555470784505,17504.0,95.33333587646484,146.3333282470703,0.3944827732952541,73.33333587646484,146.3333282470703,0,1,1,1,-464.0,2,4.50335,4.50335,1734.2676093399323,146.3333282470703
66163,2,1,1,213.6666717529297,206.6666717529297,106.83333587646484,164104.0,7.0,206.6666717529297,0.03276130967254615,7.0,206.6666717529297,0,1,1,1,-164104.0,2,4.503324074780762,4.503324074780761,5376.261962503514,206.6666717529297
156284,3,1,2,286.66666984558105,197.0,95.55555661519368,133536.0,23.33333396911621,263.33333587646484,0.08139535015244428,23.33333396911621,197.0,0,1,1,1,-133536.0,3,9.006681482901707,7.353917832164173,37955.42416952905,197.0
102182,2,1,1,112.33333015441895,95.66666412353516,56.16666507720947,183040.0,16.66666603088379,95.66666412353516,0.14836795106112288,16.66666603088379,95.66666412353516,0,1,1,1,-183040.0,2,4.503324074780762,4.50332407478076,27157.26976222793,95.66666412353516
64436,3,1,2,102.66666507720947,52.0,34.22222169240316,161776.0,9.333333015441895,93.33333206176758,0.09090908922017533,9.333333015441895,52.0,0,1,1,1,-161776.0,3,12.008864199415365,8.491549309754964,62159.27318869122,41.33333206176758
98340,2,1,1,279.3333330154419,267.0,139.66666650772095,119144.0,12.333333015441895,267.0,0.044152743542282845,12.333333015441895,267.0,0,1,1,1,-119144.0,2,4.503324074780761,4.503324074780761,5260.534476601747,267.0
126406,2,1,1,470.3333339691162,448.0,235.1666669845581,21432.0,22.33333396911621,448.0,0.04748405515009212,22.33333396911621,448.0,0,1,1,1,-21432.0,2,0.0,0.0,1017.6782699767743,448.0
68981,6,1,5,1331.3333072662354,857.3333129882812,221.88888454437256,81120.0,21.33333396911621,1309.9999732971191,0.016024036845380334,21.33333396911621,857.3333129882812,0,1,1,1,-81120.0,5,14.744522549394404,10.347868312575299,16208.929378690087,228.0
98909,2,1,1,644.0,623.0,322.0,19368.0,21.0,623.0,0.03260869565217391,21.0,623.0,0,1,1,1,-19368.0,2,4.503350000000001,4.50335,631.5652173913044,623.0
49153,3,1,2,487.3333339691162,425.0,162.44444465637207,89192.0,22.33333396911621,465.0,0.04582763462376153,22.33333396911621,425.0,0,1,1,1,-89192.0,3,5.2000299359181055,5.200010334818789,64171.17923920891,40.0
14897,2,1,1,461.0000104904175,445.3333435058594,230.50000524520874,16264.0,15.666666984558105,445.3333435058594,0.03398409246865681,15.666666984558105,445.3333435058594,0,1,1,1,-16264.0,2,4.503350000000001,4.503349999999999,552.7172799102343,445.3333435058594
44874,2,1,1,117.99999809265137,96.66666412353516,58.999999046325684,17448.0,21.33333396911621,96.66666412353516,0.18079096876226794,21.33333396911621,96.66666412353516,0,1,1,1,-17448.0,2,4.503324074780764,4.503324074780762,3154.440822964051,96.66666412353516
152640,2,1,1,98.00000190734863,80.33333587646484,49.000000953674316,184144.0,17.66666603088379,80.33333587646484,0.18027209884736783,17.66666603088379,80.33333587646484,0,1,1,1,-184144.0,2,4.503350000000001,4.503349999999999,33196.025370149706,80.33333587646484
21674,3,2,1,258.99999237060547,161.3333282470703,86.33333079020183,20072.0,183.3333282470703,75.66666412353516,0.7078507090638712,161.3333282470703,75.66666412353516,0,1,1,1,-376.0,2,4.50334907485529,4.50334907485529,1939.1712209096554,75.66666412353516
156689,2,1,1,274.3333282470703,246.3333282470703,137.16666412353516,112800.0,28.0,246.3333282470703,0.10206561550109076,28.0,246.3333282470703,0,1,1,1,-112800.0,2,7.800001602563939,7.800001602563937,11513.001428523037,246.3333282470703
19079,2,1,1,233.33333778381348,209.6666717529297,116.66666889190674,19128.0,23.66666603088379,209.6666717529297,0.10142856676919129,23.66666603088379,209.6666717529297,0,1,1,1,-19128.0,2,4.50334907485529,4.50334907485529,1940.125625161091,209.6666717529297
20863,5,1,4,1753.6666660308838,732.3333129882812,350.7333332061768,193304.0,20.66666603088379,1733.0,0.01178483142275787,20.66666603088379,732.3333129882812,0,1,1,1,-193304.0,5,15.703679811101601,11.948694249096846,91882.98366472055,732.3333129882812
76444,3,2,1,259.9999942779541,131.3333282470703,86.66666475931804,18232.0,128.6666660308838,131.3333282470703,0.4948718033175499,106.0,131.3333282470703,0,1,1,1,-440.0,2,4.503324074780763,4.503324074780761,1768.8410199863952,131.3333282470703
147158,2,1,1,445.6666660308838,424.0,222.8333330154419,22760.0,21.66666603088379,424.0,0.04861630380357487,21.66666603088379,424.0,0,1,1,1,-22760.0,2,0.0,0.0,1106.5070745693642,424.0
65023,4,2,2,392.99999237060547,143.3333282470703,98.24999809265137,186168.0,162.0,230.99999237060547,0.4122137484604105,141.0,143.3333282470703,0,1,1,1,-27528.0,4,9.006675000000001,7.80000106838935,57278.77865140063,143.3333282470703
111453,4,2,2,333.6666660308838,115.33333587646484,83.41666650772095,175744.0,137.00000190734863,196.66666412353516,0.410589417088095,115.33333587646484,112.0,0,1,1,1,-132760.0,4,11.699980753216005,9.283853213341699,90872.66317842135,112.0
81903,2,1,1,80.0,73.0,40.0,157824.0,7.0,73.0,0.0875,7.0,73.0,0,1,1,1,-157824.0,2,9.00665,9.00665,13809.6,73.0
74485,2,1,1,241.0,218.0,120.5,122592.0,23.0,218.0,0.0954356846473029,23.0,218.0,0,1,1,1,-122592.0,2,4.50334907485529,4.50334907485529,11699.651452282158,218.0
24034,3,1,2,304.0,190.0,101.33333333333333,67776.0,21.0,283.0,0.06907894736842106,21.0,190.0,0,1,1,1,-67776.0,3,10.399999999999999,7.353910524340094,31861.894736842107,93.0
25650,3,1,2,223.3333282470703,158.3333282470703,74.44444274902344,103536.0,23.0,200.3333282470703,0.10298507697227995,23.0,158.3333282470703,0,1,1,1,-103536.0,3,5.200029935918104,5.200010334818789,70464.45341506397,42.0
151638,3,1,2,589.9999895095825,346.6666564941406,196.66666316986084,64984.0,13.333333015441895,576.6666564941406,0.022598869919514365,13.333333015441895,346.6666564941406,0,1,1,1,-64984.0,3,10.400002136751917,7.353912035251865,30043.299095703853,230.0
71409,2,1,1,148.33333778381348,128.6666717529297,74.16666889190674,20072.0,19.66666603088379,128.6666717529297,0.13258426139878765,19.66666603088379,128.6666717529297,0,1,1,1,-20072.0,2,4.50334907485529,4.50334907485529,2661.2312947964656,128.6666717529297
104585,2,1,1,122.33333587646484,102.33333587646484,61.16666793823242,23224.0,20.0,102.33333587646484,0.16348773502094704,20.0,102.33333587646484,0,1,1,1,-23224.0,2,4.50335,4.50335,3796.8391581264746,102.33333587646484
41548,3,1,2,825.0000228881836,674.6666870117188,275.00000762939453,92560.0,24.0,801.0000228881836,0.029090908283832668,24.0,674.6666870117188,0,1,1,1,-92560.0,3,6.004465433140386,4.245798225173788,65798.93017854827,126.33333587646484
112804,2,1,1,314.6666564941406,293.6666564941406,157.3333282470703,39496.0,21.0,293.6666564941406,0.06673729029307253,21.0,293.6666564941406,0,1,1,1,-39496.0,2,4.503350000000001,4.503349999999999,2635.8560174151926,293.6666564941406
86527,3,1,2,276.33333110809326,167.0,92.11111036936443,113608.0,9.666666984558105,266.66666412353516,0.03498190734282719,9.666666984558105,167.0,0,1,1,1,-113608.0,3,10.82466650700047,8.491572879953134,9182.378841345677,167.0
93153,2,1,1,137.00000190734863,116.33333587646484,68.50000095367432,19808.0,20.66666603088379,116.33333587646484,0.15085157476757113,20.66666603088379,116.33333587646484,0,1,1,1,-19808.0,2,4.50335,4.50335,2988.067992996049,116.33333587646484
67358,3,2,1,222.33332920074463,165.3333282470703,74.11110973358154,171720.0,57.000000953674316,165.3333282470703,0.2563718231476175,43.66666793823242,165.3333282470703,0,1,1,1,-336.0,2,0.0,0.0,10364.041928047605,165.3333282470703
48660,3,1,2,353.66665840148926,285.6666564941406,117.88888613382976,116040.0,22.33333396911621,331.33332443237305,0.06314797688325761,22.33333396911621,285.6666564941406,0,1,1,1,-116040.0,3,9.006666666666668,7.353898930650476,87260.50835530627,45.66666793823242
87152,2,1,1,496.6666774749756,471.3333435058594,248.3333387374878,20920.0,25.33333396911621,471.3333435058594,0.051006711579503185,25.33333396911621,471.3333435058594,0,1,1,1,-20920.0,2,0.0,0.0,1067.0604062432067,471.3333435058594
152420,2,1,1,348.3333225250244,325.6666564941406,174.1666612625122,21288.0,22.66666603088379,325.6666564941406,0.06507177052880264,22.66666603088379,325.6666564941406,0,1,1,1,-21288.0,2,4.50335,4.50335,1385.2478510171507,325.6666564941406
40079,2,1,1,127.00000190734863,106.33333587646484,63.500000953674316,17360.0,20.66666603088379,106.33333587646484,0.16272965134253237,20.66666603088379,106.33333587646484,0,1,1,1,-17360.0,2,0.0,0.0,2824.986747306362,106.33333587646484
23464,3,2,1,562.0000057220459,312.3333435058594,187.33333524068198,133208.0,249.66666221618652,312.3333435058594,0.44424672539890814,228.3333282470703,312.3333435058594,0,1,1,1,-488.0,3,9.006681482901705,7.353917832164173,5254.799618281847,312.3333435058594
72054,3,1,2,903.0000171661377,807.6666870117188,301.0000057220459,195176.0,25.66666603088379,877.3333511352539,0.028423771365401345,25.66666603088379,807.6666870117188,0,1,1,1,-195176.0,3,9.0067,7.35393975544175,5590.57044767645,69.66666412353516
92240,2,1,1,695.000020980835,673.6666870117188,347.5000104904175,15184.0,21.33333396911621,673.6666870117188,0.03069544363323766,21.33333396911621,673.6666870117188,0,1,1,1,-15184.0,2,4.50335,4.50335,466.0796161270806,673.6666870117188
140732,2,1,1,155.3333282470703,136.3333282470703,77.66666412353516,17240.0,19.0,136.3333282470703,0.12231760057171344,19.0,136.3333282470703,0,1,1,1,-17240.0,2,4.503349074855292,4.503349074855291,2108.75543385634,136.3333282470703
102522,2,1,1,430.6666774749756,411.3333435058594,215.3333387374878,22896.0,19.33333396911621,411.3333435058594,0.044891641216517376,19.33333396911621,411.3333435058594,0,1,1,1,-22896.0,2,0.0,0.0,1027.8390172933819,411.3333435058594
41078,3,1,2,367.6666660308838,272.0,122.55555534362793,137176.0,19.66666603088379,348.0,0.05349047887096678,19.66666603088379,272.0,0,1,1,1,-137176.0,3,13.757930254584082,10.400020669530742,94687.33990839466,76.0
126262,3,1,2,971.3333225250244,581.0,323.7777741750081,63008.0,23.66666603088379,947.6666564941406,0.024365133453222044,23.66666603088379,581.0,0,1,1,1,-63008.0,3,7.943143646427262,6.713174905280576,10727.785684456205,581.0
87422,2,1,1,1991.6667070388794,1979.3333740234375,995.8333535194397,124472.0,12.333333015441895,1979.3333740234375,0.006192468334111253,12.333333015441895,1979.3333740234375,0,1,1,1,-124472.0,2,4.503324074780764,4.503324074780761,770.7889184834959,1979.3333740234375
74034,4,1,3,239.33333587646484,88.33333587646484,59.83333396911621,172904.0,24.0,215.33333587646484,0.1002785504664838,24.0,88.33333587646484,0,1,1,1,-172904.0,4,14.765165464044927,12.125581305111726,96802.63008408155,87.0
95422,2,1,1,268.0000057220459,245.6666717529297,134.00000286102295,22984.0,22.33333396911621,245.6666717529297,0.08333333392641436,22.33333396911621,245.6666717529297,0,1,1,1,-22984.0,2,0.0,0.0,1915.3333469647077,245.6666717529297
157809,2,1,1,155.9999942779541,137.3333282470703,77.99999713897705,72536.0,18.66666603088379,137.3333282470703,0.11965811997162207,18.66666603088379,137.3333282470703,0,1,1,1,-72536.0,2,0.0,0.0,8679.52139026158,137.3333282470703
60703,2,1,1,125.33333587646484,103.33333587646484,62.66666793823242,17312.0,22.0,103.33333587646484,0.17553191133190904,22.0,103.33333587646484,0,1,1,1,-17312.0,2,4.503349074855292,4.503349074855291,3038.808448978009,103.33333587646484
29782,2,1,1,85.33333396911621,62.0,42.666666984558105,17696.0,23.33333396911621,62.0,0.2734375054133124,23.33333396911621,62.0,0,1,1,1,-17696.0,2,0.0,0.0,4838.7500957939765,62.0
124151,4,1,3,1232.9999885559082,797.0,308.24999713897705,153944.0,19.0,1213.9999885559082,0.015409570297119656,19.0,797.0,0,1,1,1,-153944.0,4,18.01330879906923,12.737341642268806,132944.34626145387,39.33333206176758
14649,2,1,1,67.33333206176758,60.33333206176758,33.66666603088379,157736.0,7.0,60.33333206176758,0.10396039800285864,7.0,60.33333206176758,0,1,1,1,-157736.0,2,4.503324074780762,4.503324074780761,16398.29733937891,60.33333206176758
59941,2,1,1,56.33333396911621,33.0,28.166666984558105,17880.0,23.33333396911621,33.0,0.4142011900433287,23.33333396911621,33.0,0,1,1,1,-17880.0,2,4.503300000000001,4.5033,7405.917277974718,33.0
163276,2,1,1,186.6666717529297,165.6666717529297,93.33333587646484,19736.0,21.0,165.6666717529297,0.11249999693461835,21.0,165.6666717529297,0,1,1,1,-19736.0,2,4.50334907485529,4.50334907485529,2220.2999395016277,165.6666717529297
66211,3,1,2,454.33332538604736,363.6666564941406,151.44444179534912,190760.0,11.333333015441895,442.99999237060547,0.024944974058004558,11.333333015441895,363.6666564941406,0,1,1,1,-190760.0,3,10.824655205645632,8.49155651076736,9759.653602414919,79.33333587646484
114419,2,1,1,477.0,454.0,238.5,22040.0,23.0,454.0,0.04821802935010482,23.0,454.0,0,1,1,1,-22040.0,2,4.503350000000001,4.50335,1062.7253668763103,454.0
74100,3,1,2,877.000020980835,519.6666870117188,292.333340326945,38792.0,18.33333396911621,858.6666870117188,0.02090459923662516,18.33333396911621,519.6666870117188,0,1,1,1,-38792.0,3,10.400002136751917,7.353912035251865,11647.492382013857,339.0
142586,2,1,1,324.6666660308838,295.0,162.3333330154419,82192.0,29.66666603088379,295.0,0.09137576824120823,29.66666603088379,295.0,0,1,1,1,-82192.0,2,7.800001602563937,7.800001602563937,7510.357143281387,295.0
35451,2,1,1,386.6666660308838,367.0,193.3333330154419,25456.0,19.66666603088379,367.0,0.05086206740488195,19.66666603088379,367.0,0,1,1,1,-25456.0,2,0.0,0.0,1294.744787858675,367.0
6836,5,2,3,587.6666717529297,258.0,117.53333435058593,127752.0,151.6666717529297,436.0,0.2580828198075767,130.6666717529297,258.0,0,1,1,1,-36904.0,5,11.249303608686184,8.254739320753865,60215.65508870788,102.66666412353516
646,2,1,1,48.999999046325684,39.33333206176758,24.499999523162842,48640.0,9.666666984558105,39.33333206176758,0.19727892189179483,9.666666984558105,39.33333206176758,0,1,1,1,-48640.0,2,4.503324074780763,4.503324074780761,9595.6467608169,39.33333206176758
99318,2,1,1,334.3333435058594,310.3333435058594,167.1666717529297,23056.0,24.0,310.3333435058594,0.0717846438776735,24.0,310.3333435058594,0,1,1,1,-23056.0,2,0.0,0.0,1655.0667492436403,310.3333435058594
11228,2,1,1,416.6666564941406,394.6666564941406,208.3333282470703,15160.0,22.0,394.6666564941406,0.05280000128906253,22.0,394.6666564941406,0,1,1,1,-15160.0,2,4.503350000000001,4.50335,800.4480195421879,394.6666564941406
8807,2,1,1,255.3333282470703,235.3333282470703,127.66666412353516,27520.0,20.0,235.3333282470703,0.078328983283558,20.0,235.3333282470703,0,1,1,1,-27520.0,2,4.50334907485529,4.50334907485529,2155.613619963516,235.3333282470703
82152,4,2,2,2034.3333702087402,1871.3333740234375,508.58334255218506,167080.0,1878.3333740234375,155.99999618530273,0.9233164050347875,1871.3333740234375,98.66666412353516,1,1,0,1,50408.0,4,14.76515303755772,11.258328149530017,5208.754832524571,1871.3333740234375
98570,4,1,3,704.9999980926514,300.0,176.24999952316284,120928.0,21.33333396911621,683.6666641235352,0.030260048265010882,21.33333396911621,300.0,0,1,1,1,-120928.0,4,14.06165620137347,9.283864442508571,56777.93661159742,300.0
120789,3,1,2,1044.666696548462,709.6666870117188,348.2222321828206,142680.0,18.66666603088379,1026.0000305175781,0.017868537489093627,18.66666603088379,709.6666870117188,0,1,1,1,-142680.0,3,10.824655205645636,8.491556510767362,24200.88305796889,316.3333435058594
157883,2,1,1,390.6666564941406,368.6666564941406,195.3333282470703,19992.0,22.0,368.6666564941406,0.056313994640415296,22.0,368.6666564941406,0,1,1,1,-19992.0,2,4.50335,4.50335,1125.8293808511826,368.6666564941406
84194,2,1,1,623.0,604.0,311.5,19288.0,19.0,604.0,0.030497592295345103,19.0,604.0,0,1,1,1,-19288.0,2,4.503350000000001,4.503349999999999,588.2375601926163,604.0
114510,2,1,1,456.6666660308838,437.0,228.3333330154419,16456.0,19.66666603088379,437.0,0.0430656920983888,19.66666603088379,437.0,0,1,1,1,-16456.0,2,4.503300000000001,4.5033,708.6890291710861,437.0
16013,3,1,2,600.9999942779541,410.0,200.3333314259847,104904.0,21.66666603088379,579.3333282470703,0.03605102535302731,21.66666603088379,410.0,0,1,1,1,-104904.0,3,13.08637307740808,9.957235157188745,61113.67767553927,169.3333282470703
43839,2,1,1,59.99999809265137,36.33333206176758,29.999999046325684,63344.0,23.66666603088379,36.33333206176758,0.3944444463871144,23.66666603088379,36.33333206176758,0,1,1,1,-63344.0,2,9.006648149561522,9.006648149561522,24985.689011945375,36.33333206176758
2387,3,1,2,936.0000305175781,593.6666870117188,312.00001017252606,11880.0,25.0,911.0000305175781,0.026709400838561725,25.0,593.6666870117188,0,1,1,1,-11880.0,3,7.943143646427261,6.713174905280576,530.4187934282485,317.3333435058594
31221,2,1,1,469.0,445.0,234.5,14928.0,24.0,445.0,0.0511727078891258,24.0,445.0,0,1,1,1,-14928.0,2,4.503300000000001,4.5033,763.90618336887,445.0
8610,2,1,1,343.6666660308838,322.0,171.8333330154419,23672.0,21.66666603088379,322.0,0.06304558507555895,21.66666603088379,322.0,0,1,1,1,-23672.0,2,4.503300000000001,4.5033,1492.4150899086314,322.0
118431,3,1,2,495.9999895095825,352.6666564941406,165.3333298365275,175576.0,8.333333015441895,487.6666564941406,0.016801074983250373,8.333333015441895,352.6666564941406,0,1,1,1,-175576.0,2,7.8,7.8,10808.172159075533,352.6666564941406
131259,3,1,2,2860.000005722046,2659.0,953.333335240682,112872.0,21.33333396911621,2838.6666717529297,0.007459207666585413,21.33333396911621,2659.0,0,1,1,1,-112872.0,3,6.004432099707678,4.245774654877482,6529.956350207916,2659.0
25172,2,1,1,138.00000190734863,114.33333587646484,69.00000095367432,82344.0,23.66666603088379,114.33333587646484,0.17149757756360956,23.66666603088379,114.33333587646484,0,1,1,1,-82344.0,2,0.0,0.0,14121.796526897866,114.33333587646484
72505,2,1,1,246.3333282470703,234.3333282470703,123.16666412353516,187040.0,12.0,234.3333282470703,0.048714480031561536,12.0,234.3333282470703,0,1,1,1,-187040.0,2,4.503350000000001,4.503349999999999,9111.55634510327,234.3333282470703
137308,2,1,1,66.0,42.0,33.0,16168.0,24.0,42.0,0.36363636363636365,24.0,42.0,0,1,1,1,-16168.0,2,4.503350000000001,4.503349999999999,5879.272727272727,42.0
13692,2,1,1,206.6666612625122,194.3333282470703,103.3333306312561,153240.0,12.333333015441895,194.3333282470703,0.059677419377167196,12.333333015441895,194.3333282470703,0,1,1,1,-153240.0,2,4.50335,4.50335,9144.9677453571,194.3333282470703
101526,2,1,1,269.3333339691162,247.0,134.6666669845581,15384.0,22.33333396911621,247.0,0.08292079424404675,22.33333396911621,247.0,0,1,1,1,-15384.0,2,4.503350000000001,4.50335,1275.653498650415,247.0
88347,3,1,2,407.666654586792,308.6666564941406,135.888884862264,138616.0,21.33333396911621,386.3333206176758,0.052330338351414894,21.33333396911621,308.6666564941406,0,1,1,1,-138616.0,3,15.011096915874528,11.233281677032565,23801.203977331996,308.6666564941406
120170,2,1,1,94.66666889190674,85.33333587646484,47.33333444595337,58640.0,9.333333015441895,85.33333587646484,0.09859154362026804,9.333333015441895,85.33333587646484,0,1,1,1,-58640.0,2,4.503324074780762,4.503324074780761,5781.408117892518,85.33333587646484
87008,2,1,1,211.33333349227905,204.0,105.66666674613953,26296.0,7.333333492279053,204.0,0.03470031618342391,7.333333492279053,204.0,0,1,1,1,-26296.0,2,7.800001602563938,7.800001602563937,912.4795143593151,204.0
81433,2,1,1,143.3333387374878,130.6666717529297,71.6666693687439,37416.0,12.666666984558105,130.6666717529297,0.08837209190917444,12.666666984558105,130.6666717529297,0,1,1,1,-37416.0,2,7.800001602563938,7.800001602563937,3306.530190873671,130.6666717529297
112566,3,1,2,634.6666641235352,530.0,211.55555470784506,130224.0,22.0,612.6666641235352,0.03466386568511781,22.0,530.0,0,1,1,1,-130224.0,3,13.08636231417187,9.957220825556139,99914.06762724991,82.66666412353516
20160,3,1,2,1174.9999599456787,619.3333129882812,391.66665331522626,16376.0,23.33333396911621,1151.6666259765625,0.01985815724640104,23.33333396911621,619.3333129882812,0,1,1,1,-16376.0,3,13.086392902935476,9.957256001864502,1847.4394544564568,532.3333129882812
18220,3,1,2,159.00000095367432,97.0,53.00000031789144,194296.0,10.333333015441895,148.66666793823242,0.0649895154305853,10.333333015441895,97.0,0,1,1,1,-194296.0,3,7.943143646427262,6.713174905280577,15008.418867336615,97.0
32646,2,1,1,535.3333129882812,513.3333129882812,267.6666564941406,18208.0,22.0,513.3333129882812,0.04109589197278592,22.0,513.3333129882812,0,1,1,1,-18208.0,2,0.0,0.0,748.274001040486,513.3333129882812
73705,2,1,1,272.66666650772095,265.0,136.33333325386047,107760.0,7.666666507720947,265.0,0.028117358846662888,7.666666507720947,265.0,0,1,1,1,-107760.0,2,4.503300000000001,4.5033,3029.926589316393,265.0
6506,2,1,1,124.33333396911621,104.0,62.166666984558105,32760.0,20.33333396911621,104.0,0.16353887827191146,20.33333396911621,104.0,0,1,1,1,-32760.0,2,0.0,0.0,5357.53365218782,104.0
72183,5,1,4,666.0000133514404,405.3333435058594,133.2000026702881,40256.0,21.33333396911621,644.6666793823242,0.03203203234450817,21.33333396911621,405.3333435058594,0,1,1,1,-40256.0,5,19.484396321159142,13.718553056208224,1422.094107222174,50.33333206176758
135299,3,1,2,630.666666507721,352.0,210.22222216924033,176640.0,7.666666507720947,623.0,0.012156447953995501,7.666666507720947,352.0,0,1,1,1,-176640.0,3,7.943143646427262,6.713174905280577,71845.3065275,352.0
132285,2,1,1,536.0000200271606,525.6666870117188,268.0000100135803,190672.0,10.333333015441895,525.6666870117188,0.01927860565176523,10.333333015441895,525.6666870117188,0,1,1,1,-190672.0,2,9.006673149531963,9.006673149531963,3675.8902968333796,525.6666870117188
112713,2,1,1,241.6666660308838,217.0,120.8333330154419,50000.0,24.66666603088379,217.0,0.10206896315494134,24.66666603088379,217.0,0,1,1,1,-50000.0,2,4.50335,4.50335,5103.448157747067,217.0
136602,2,1,1,498.6666660308838,472.0,249.3333330154419,20608.0,26.66666603088379,472.0,0.053475934622091326,26.66666603088379,472.0,0,1,1,1,-20608.0,2,4.503324074780762,4.503324074780761,1102.032060692058,472.0
124522,6,3,3,1648.9999752044678,666.3333129882812,274.83332920074463,120448.0,860.9999752044678,788.0,0.5221346198611726,666.3333129882812,357.6666564941406,1,1,0,1,176.0,5,20.299990750303312,12.48000187073704,22950.078887087016,666.3333129882812
19334,2,1,1,86.33333396911621,66.0,43.166666984558105,64336.0,20.33333396911621,66.0,0.23552124115107148,20.33333396911621,66.0,0,1,1,1,-64336.0,2,4.50334907485529,4.50334907485529,15152.494570695335,66.0
149811,2,1,1,211.3333339691162,194.0,105.6666669845581,105696.0,17.33333396911621,194.0,0.08201893020648256,17.33333396911621,194.0,0,1,1,1,-105696.0,2,9.006673149531965,9.006673149531963,8669.07284710438,194.0
156117,2,1,1,327.3333435058594,306.3333435058594,163.6666717529297,16776.0,21.0,306.3333435058594,0.06415478415697695,21.0,306.3333435058594,0,1,1,1,-16776.0,2,4.503324074780761,4.503324074780761,1076.2606590174453,306.3333435058594
129349,2,1,1,291.3333435058594,271.3333435058594,145.6666717529297,20264.0,20.0,271.3333435058594,0.06864988318646661,20.0,271.3333435058594,0,1,1,1,-20264.0,2,0.0,0.0,1391.1212328905597,271.3333435058594
107937,3,1,2,678.9999952316284,417.0,226.33333174387613,139840.0,11.666666984558105,667.3333282470703,0.01718213117303224,11.666666984558105,417.0,0,1,1,1,-139840.0,3,13.086392902935476,9.957256001864502,11106.533103589865,417.0
9233,3,1,2,576.6666669845581,342.0,192.22222232818604,167712.0,12.666666984558105,564.0,0.021965318458223443,12.666666984558105,342.0,0,1,1,1,-167712.0,3,9.006681482901703,7.353917832164173,3693.33650660138,222.0
39620,3,1,2,681.0,387.3333435058594,227.0,150384.0,26.0,655.0,0.0381791483113069,26.0,387.3333435058594,0,1,1,1,-150384.0,3,9.006681482901705,7.353917832164174,5759.733725392346,267.6666564941406
137149,2,1,1,49.0,30.33333396911621,24.5,23832.0,18.66666603088379,30.33333396911621,0.3809523679772202,18.66666603088379,30.33333396911621,0,1,1,1,-23832.0,2,4.503324074780762,4.503324074780761,9078.856833633112,30.33333396911621
46532,2,1,1,1548.9999599456787,1530.6666259765625,774.4999799728394,110504.0,18.33333396911621,1530.6666259765625,0.011835593572099986,18.33333396911621,1530.6666259765625,0,1,1,1,-110504.0,2,7.8000016025639365,7.8000016025639365,1307.8804320913368,1530.6666259765625
38751,2,1,1,94.00000286102295,82.33333587646484,47.000001430511475,185864.0,11.666666984558105,82.33333587646484,0.12411347478155964,11.666666984558105,82.33333587646484,0,1,1,1,-185864.0,2,4.503324074780763,4.503324074780761,23068.2268767998,82.33333587646484
155393,2,1,1,169.00000476837158,159.6666717529297,84.50000238418579,163712.0,9.333333015441895,159.6666717529297,0.055226821018342545,9.333333015441895,159.6666717529297,0,1,1,1,-163712.0,2,9.0067,9.0067,9041.293322554895,159.6666717529297
129436,2,1,1,465.9999895095825,455.6666564941406,232.99999475479126,18520.0,10.333333015441895,455.6666564941406,0.022174534867085885,10.333333015441895,455.6666564941406,0,1,1,1,-18520.0,2,0.0,0.0,410.6723857384306,455.6666564941406
158022,2,1,1,116.00000190734863,98.33333587646484,58.000000953674316,162616.0,17.66666603088379,98.33333587646484,0.1522988425896276,17.66666603088379,98.33333587646484,0,1,1,1,-162616.0,2,7.800000000000001,7.8,24766.22858655488,98.33333587646484
97808,2,1,1,335.3333435058594,315.3333435058594,167.6666717529297,23192.0,20.0,315.3333435058594,0.05964214530801806,20.0,315.3333435058594,0,1,1,1,-23192.0,2,0.0,0.0,1383.220633983555,315.3333435058594
132397,5,1,4,647.6666660308838,299.6666564941406,129.53333320617676,112624.0,14.0,633.6666660308838,0.021616057664039814,14.0,299.6666564941406,0,1,1,1,-112624.0,4,13.510025,10.069773538261673,23934.184942584336,299.6666564941406
8390,2,1,1,301.00000953674316,280.3333435058594,150.50000476837158,16608.0,20.66666603088379,280.3333435058594,0.06866001786076689,20.66666603088379,280.3333435058594,0,1,1,1,-16608.0,2,0.0,0.0,1140.3055766316165,280.3333435058594
25419,2,1,1,265.6666660308838,244.0,132.8333330154419,19848.0,21.66666603088379,244.0,0.08155583218093698,21.66666603088379,244.0,0,1,1,1,-19848.0,2,4.50334907485529,4.50334907485529,1618.7201571272371,244.0
802,2,1,1,404.3333435058594,383.3333435058594,202.1666717529297,30064.0,21.0,383.3333435058594,0.05193734411788792,21.0,383.3333435058594,0,1,1,1,-30064.0,2,4.503324074780762,4.503324074780761,1561.4443135601823,383.3333435058594
805,2,1,1,616.6666870117188,594.6666870117188,308.3333435058594,15512.0,22.0,594.6666870117188,0.03567567449866467,22.0,594.6666870117188,0,1,1,1,-15512.0,2,4.503324074780762,4.50332407478076,553.4010628232863,594.6666870117188
5809,2,1,1,71.66666507720947,61.33333206176758,35.833332538604736,16896.0,10.333333015441895,61.33333206176758,0.14418604527375964,10.333333015441895,61.33333206176758,0,1,1,1,-16896.0,2,4.50334907485529,4.50334907485529,2436.167420945443,61.33333206176758
164026,2,1,1,75.00000095367432,61.66666793823242,37.50000047683716,161488.0,13.333333015441895,61.66666793823242,0.177777771278664,13.333333015441895,61.66666793823242,0,1,1,1,-161488.0,2,4.503324074780764,4.503324074780761,28708.976728248894,61.66666793823242
105938,2,1,1,268.0,246.0,134.0,16704.0,22.0,246.0,0.08208955223880597,22.0,246.0,0,1,1,1,-16704.0,2,4.5033,4.5033,1371.2238805970148,246.0
46708,3,1,2,264.66665840148926,156.3333282470703,88.22221946716309,104264.0,21.66666603088379,242.99999237060547,0.08186398000316414,21.66666603088379,156.3333282470703,0,1,1,1,-104264.0,3,13.757943184494467,10.40002173790463,56196.261918573364,86.66666412353516
147019,4,1,3,763.6666460037231,552.3333129882812,190.9166615009308,143920.0,13.333333015441895,750.3333129882812,0.017459624674215364,13.333333015441895,552.3333129882812,0,1,1,1,-143920.0,3,13.75793025458408,10.400020669530742,12132.881979419624,552.3333129882812
2221,2,1,1,158.33333349227905,151.0,79.16666674613953,64320.0,7.333333492279053,151.0,0.046315790431056984,7.333333492279053,151.0,0,1,1,1,-64320.0,2,7.8,7.8,2979.0316405255853,151.0
32080,2,1,1,63.33333396911621,42.66666793823242,31.666666984558105,126208.0,20.66666603088379,42.66666793823242,0.3263157761592285,20.66666603088379,42.66666793823242,0,1,1,1,-126208.0,2,4.50335,4.50335,41183.66147750391,42.66666793823242
130582,3,2,1,906.6666812896729,651.6666870117188,302.2222270965576,102912.0,674.3333530426025,232.3333282470703,0.7437500097427296,651.6666870117188,232.3333282470703,1,1,0,1,85616.0,3,9.006681482901705,7.353917832164174,24511.899052206434,651.6666870117188
125332,3,2,1,299.33333587646484,172.6666717529297,99.77777862548828,22880.0,126.66666412353516,172.6666717529297,0.4231625714277631,104.66666412353516,172.6666717529297,0,1,1,1,-424.0,2,0.0,0.0,1829.8618962187065,172.6666717529297
138074,3,1,2,392.3333387374878,243.0,130.7777795791626,199672.0,11.666666984558105,380.6666717529297,0.029736618922319855,11.666666984558105,243.0,0,1,1,1,-199672.0,3,5.200029935918106,5.20001033481879,5940.377310310942,243.0
23144,2,1,1,656.6666870117188,639.6666870117188,328.3333435058594,18080.0,17.0,639.6666870117188,0.02588832407101629,17.0,639.6666870117188,0,1,1,1,-18080.0,2,4.50334907485529,4.50334907485529,468.06089920397454,639.6666870117188
73319,2,1,1,360.6666774749756,344.3333435058594,180.3333387374878,18072.0,16.33333396911621,344.3333435058594,0.04528650687517279,16.33333396911621,344.3333435058594,0,1,1,1,-18072.0,2,9.0067,9.0067,818.4177522481227,344.3333435058594
39069,3,1,2,264.3333330154419,127.66666412353516,88.1111110051473,116624.0,11.333333015441895,253.0,0.042875156478202545,11.333333015441895,127.66666412353516,0,1,1,1,-116624.0,3,5.200029935918103,5.200010334818789,17055.35399068632,125.33333587646484
39793,2,1,1,260.9999942779541,239.3333282470703,130.49999713897705,42208.0,21.66666603088379,239.3333282470703,0.0830140479153026,21.66666603088379,239.3333282470703,0,1,1,1,-42208.0,2,0.0,0.0,3503.8569344090924,239.3333282470703
4665,2,1,1,100.66666984558105,80.33333587646484,50.33333492279053,20184.0,20.33333396911621,80.33333587646484,0.20198675490414844,20.33333396911621,80.33333587646484,0,1,1,1,-20184.0,2,4.503350000000001,4.50335,4076.9006609853323,80.33333587646484
139510,2,1,1,92.33333110809326,83.66666412353516,46.16666555404663,140968.0,8.666666984558105,83.66666412353516,0.09386282158944495,8.666666984558105,83.66666412353516,0,1,1,1,-140968.0,2,4.50334907485529,4.50334907485529,13231.654233820876,83.66666412353516
144947,4,1,3,1033.6666889190674,841.6666870117188,258.41667222976685,193016.0,22.33333396911621,1011.3333549499512,0.021605933719766834,22.33333396911621,841.6666870117188,0,1,1,1,-193016.0,3,7.943143646427266,6.713174905280577,30208.141591024443,841.6666870117188
110079,3,1,2,412.3333330154419,303.0,137.44444433848062,166376.0,15.333333015441895,397.0,0.03718674137573947,15.333333015441895,303.0,0,1,1,1,-166376.0,3,10.824687563158578,8.491585973578003,86361.22225035728,94.0
14474,2,1,1,149.33333778381348,129.6666717529297,74.66666889190674,24568.0,19.66666603088379,129.6666717529297,0.13169642038909476,19.66666603088379,129.6666717529297,0,1,1,1,-24568.0,2,9.0067,9.0067,3235.51765611928,129.6666717529297
100663,6,3,3,2169.6666717529297,825.3333129882812,361.6111119588216,57168.0,1406.0,763.6666717529297,0.6480258088972055,825.3333129882812,401.3333435058594,0,1,1,1,-424.0,6,19.164898062524216,12.648576719591375,7107.369085142531,197.3333282470703
104978,3,1,2,113.0,48.33333206176758,37.666666666666664,175352.0,23.0,90.0,0.20353982300884957,23.0,48.33333206176758,0,1,1,1,-175352.0,3,5.200029935918103,5.200010334818789,103268.81238144056,41.66666793823242
22152,2,1,1,68.00000190734863,49.66666793823242,34.000000953674316,16512.0,18.33333396911621,49.66666793823242,0.26960784492470674,18.33333396911621,49.66666793823242,0,1,1,1,-16512.0,2,4.503324074780761,4.503324074780761,4451.764735396757,49.66666793823242
107442,3,1,2,410.00000953674316,249.6666717529297,136.66666984558105,63208.0,24.66666603088379,385.3333435058594,0.06016259867592326,24.66666603088379,249.6666717529297,0,1,1,1,-63208.0,3,10.400002136751915,7.353912035251864,11524.507240488303,249.6666717529297
3803,2,1,1,319.9999895095825,307.6666564941406,159.99999475479126,100176.0,12.333333015441895,307.6666564941406,0.03854166693675022,12.333333015441895,307.6666564941406,0,1,1,1,-100176.0,2,4.503324074780764,4.503324074780761,3860.95002705589,307.6666564941406
161147,2,1,1,86.33333396911621,58.0,43.166666984558105,28680.0,28.33333396911621,58.0,0.32818533313275977,28.33333396911621,58.0,0,1,1,1,-28680.0,2,4.503324074780762,4.503324074780761,9412.355354247551,58.0
107466,4,2,2,1319.3333129882812,621.3333129882812,329.8333282470703,41560.0,272.0,1047.3333129882812,0.206164732840651,251.0,621.3333129882812,0,1,1,1,-25496.0,3,10.824657262010655,8.491549309754964,13584.32764757998,621.3333129882812
17122,2,1,1,604.3333129882812,586.3333129882812,302.1666564941406,80952.0,18.0,586.3333129882812,0.029784887930460722,18.0,586.3333129882812,0,1,1,1,-80952.0,2,4.503324074780762,4.50332407478076,2411.146247746656,586.3333129882812
7026,2,1,1,205.0,184.0,102.5,22248.0,21.0,184.0,0.1024390243902439,21.0,184.0,0,1,1,1,-22248.0,2,4.503324074780764,4.503324074780761,2279.0634146341463,184.0
135283,2,1,1,257.6666717529297,249.6666717529297,128.83333587646484,81488.0,8.0,249.6666717529297,0.0310478648463741,8.0,249.6666717529297,0,1,1,1,-81488.0,2,4.503350000000001,4.503349999999999,2530.028410601333,249.6666717529297
125587,2,1,1,325.3333339691162,302.0,162.6666669845581,126040.0,23.33333396911621,302.0,0.07172131328949906,23.33333396911621,302.0,0,1,1,1,-126040.0,2,4.503324074780762,4.503324074780761,9039.754327008462,302.0
45967,2,1,1,157.6666660308838,136.0,78.8333330154419,13400.0,21.66666603088379,136.0,0.1374207153377602,21.66666603088379,136.0,0,1,1,1,-13400.0,2,0.0,0.0,1841.4375855259868,136.0
110680,3,1,2,284.33333587646484,174.0,94.77777862548828,47952.0,20.0,264.33333587646484,0.070339975924207,20.0,174.0,0,1,1,1,-47952.0,3,13.757877719126759,10.399978436622945,17026.94474805946,90.33333587646484
142118,2,1,1,214.33333778381348,192.6666717529297,107.16666889190674,83984.0,21.66666603088379,192.6666717529297,0.10108864190197883,21.66666603088379,192.6666717529297,0,1,1,1,-83984.0,2,4.503324074780762,4.503324074780761,8489.82850149579,192.6666717529297
7199,2,1,1,81.66666603088379,59.0,40.833333015441895,150760.0,22.66666603088379,59.0,0.2775510147838282,22.66666603088379,59.0,0,1,1,1,-150760.0,2,7.800001602563937,7.8000016025639365,41843.59098880994,59.0
160855,2,1,1,540.3333129882812,517.3333129882812,270.1666564941406,13768.0,23.0,517.3333129882812,0.04256631869095738,23.0,517.3333129882812,0,1,1,1,-13768.0,2,4.50334907485529,4.50334907485529,586.0530757371012,517.3333129882812
63151,3,1,2,234.6666660308838,161.0,78.2222220102946,140040.0,21.33333396911621,213.33333206176758,0.09090909386469313,21.33333396911621,161.0,0,1,1,1,-140040.0,3,10.824666507000472,8.491572879953134,96860.7279145629,52.33333206176758
17798,2,1,1,325.6666774749756,302.3333435058594,162.8333387374878,14048.0,23.33333396911621,302.3333435058594,0.07164790131440192,23.33333396911621,302.3333435058594,0,1,1,1,-14048.0,2,0.0,0.0,1006.5097176647182,302.3333435058594
87900,2,1,1,511.0,487.0,255.5,25424.0,24.0,487.0,0.046966731898238745,24.0,487.0,0,1,1,1,-25424.0,2,4.503350000000005,4.503350000000001,1194.0821917808219,487.0
126168,2,1,1,171.3333339691162,152.0,85.6666669845581,17240.0,19.33333396911621,152.0,0.11284047021813719,19.33333396911621,152.0,0,1,1,1,-17240.0,2,4.50335,4.50335,1945.3697065606852,152.0
119245,3,1,2,270.3333377838135,137.6666717529297,90.11111259460449,198544.0,23.66666603088379,246.6666717529297,0.08754623541773492,23.66666603088379,137.6666717529297,0,1,1,1,-198544.0,3,9.0067,7.35393975544175,108186.7828578091,109.0
148424,3,2,1,505.00001525878906,307.3333435058594,168.33333841959634,24848.0,197.6666717529297,307.3333435058594,0.3914191401591041,176.6666717529297,307.3333435058594,0,1,1,1,-536.0,3,5.2,5.199981467274666,1220.7946879836072,307.3333435058594
83296,3,1,2,213.0000057220459,157.6666717529297,71.00000190734863,73224.0,22.66666603088379,190.3333396911621,0.10641626958669019,22.66666603088379,157.6666717529297,0,1,1,1,-73224.0,3,7.943129182507357,6.713166348303906,13222.559887991894,157.6666717529297
48866,2,1,1,77.6666669845581,65.0,38.83333349227905,102144.0,12.666666984558105,65.0,0.163090132180856,12.666666984558105,65.0,0,1,1,1,-102144.0,2,7.800001602563939,7.800001602563937,16658.678461481355,65.0
1842,2,1,1,396.00000953674316,372.3333435058594,198.00000476837158,15800.0,23.66666603088379,372.3333435058594,0.05976430671951249,23.66666603088379,372.3333435058594,0,1,1,1,-15800.0,2,4.503324074780761,4.503324074780761,944.2760461682973,372.3333435058594
163855,2,1,1,257.6666660308838,232.0,128.8333330154419,14960.0,25.66666603088379,232.0,0.09961189946008536,25.66666603088379,232.0,0,1,1,1,-14960.0,2,0.0,0.0,1490.194015922877,232.0
51175,2,1,1,178.33333778381348,160.6666717529297,89.16666889190674,15376.0,17.66666603088379,160.6666717529297,0.09906541452333717,17.66666603088379,160.6666717529297,0,1,1,1,-15376.0,2,4.50334907485529,4.50334907485529,1523.2298137108323,160.6666717529297
74250,2,1,1,91.66666984558105,72.33333587646484,45.83333492279053,19560.0,19.33333396911621,72.33333587646484,0.21090909053077384,19.33333396911621,72.33333587646484,0,1,1,1,-19560.0,2,4.503300000000001,4.5033,4125.381810781936,72.33333587646484
156379,2,1,1,1012.0,1005.0,506.0,188672.0,7.0,1005.0,0.00691699604743083,7.0,1005.0,0,1,1,1,-188672.0,2,7.800001602563938,7.800001602563937,1305.0434782608695,1005.0
47802,4,1,3,679.0000095367432,346.0,169.7500023841858,144552.0,20.66666603088379,658.3333435058594,0.030436915671008456,20.66666603088379,346.0,0,1,1,1,-144552.0,4,11.914704971405083,10.069750350027302,70252.95911644331,38.0
69763,2,1,1,625.6666660308838,604.0,312.8333330154419,14528.0,21.66666603088379,604.0,0.03462972730884514,21.66666603088379,604.0,0,1,1,1,-14528.0,2,7.800001602563938,7.800001602563937,503.1006783429022,604.0
133533,4,1,3,1217.666651725769,664.0,304.41666293144226,163784.0,10.666666984558105,1206.999984741211,0.008759923719221924,10.666666984558105,664.0,0,1,1,1,-163784.0,4,14.061651974430317,12.125606838216386,39092.12972400761,248.3333282470703
116723,2,1,1,305.6666564941406,281.6666564941406,152.8333282470703,17224.0,24.0,281.6666564941406,0.07851690555741091,24.0,281.6666564941406,0,1,1,1,-17224.0,2,4.50335,4.50335,1352.3751813208455,281.6666564941406
73525,2,1,1,547.000020980835,523.6666870117188,273.5000104904175,14376.0,23.33333396911621,523.6666870117188,0.04265691604047257,23.33333396911621,523.6666870117188,0,1,1,1,-14376.0,2,4.50334907485529,4.50334907485529,613.2358249978337,523.6666870117188
15327,2,1,1,405.99999046325684,385.6666564941406,202.99999523162842,19656.0,20.33333396911621,385.6666564941406,0.05008210454861177,20.33333396911621,385.6666564941406,0,1,1,1,-19656.0,2,4.503324074780762,4.503324074780761,984.413847007513,385.6666564941406
1883,3,1,2,262.0,209.0,87.33333333333333,18360.0,22.66666603088379,239.3333339691162,0.08651399248428927,22.66666603088379,209.0,0,1,1,1,-18360.0,3,6.004465433140386,4.245798225173788,1615.2569534651195,209.0
87871,3,2,1,229.00000190734863,124.0,76.33333396911621,18104.0,105.00000190734863,124.0,0.45851528835283895,84.33333587646484,124.0,0,1,1,1,-544.0,2,0.0,0.0,1834.1775241986943,124.0
110974,2,1,1,550.3333129882812,528.3333129882812,275.1666564941406,25344.0,22.0,528.3333129882812,0.039975773737085156,22.0,528.3333129882812,0,1,1,1,-25344.0,2,4.503324074780762,4.503324074780761,1013.1460095926863,528.3333129882812
5218,2,1,1,336.6666564941406,315.6666564941406,168.3333282470703,76088.0,21.0,315.6666564941406,0.06237623950848689,21.0,315.6666564941406,0,1,1,1,-76088.0,2,4.50335,4.50335,4746.083311721751,315.6666564941406
95094,3,1,2,1393.3333740234375,1261.3333740234375,464.4444580078125,173736.0,21.0,1372.3333740234375,0.015071769894780943,21.0,1261.3333740234375,0,1,1,1,-173736.0,3,13.086392902935472,9.957256001864502,14746.719186570186,1261.3333740234375
77374,3,2,1,1023.3333225250244,528.3333129882812,341.1111075083415,91600.0,495.00000953674316,528.3333129882812,0.48371336947706844,474.3333435058594,528.3333129882812,1,1,0,1,70064.0,3,10.82467232703964,8.491567423561381,38023.008723717576,474.3333435058594
19698,2,1,1,558.6666870117188,538.6666870117188,279.3333435058594,22224.0,20.0,538.6666870117188,0.03579952136931421,20.0,538.6666870117188,0,1,1,1,-22224.0,2,4.503324074780762,4.503324074780761,795.6085629116391,538.6666870117188
19812,2,1,1,328.99999046325684,306.6666564941406,164.49999523162842,14368.0,22.33333396911621,306.6666564941406,0.06788247603797554,22.33333396911621,306.6666564941406,0,1,1,1,-14368.0,2,4.503324074780764,4.503324074780762,975.3354157136324,306.6666564941406
103038,2,1,1,303.0,280.0,151.5,16784.0,23.0,280.0,0.07590759075907591,23.0,280.0,0,1,1,1,-16784.0,2,4.50334907485529,4.50334907485529,1274.03300330033,280.0
142035,2,1,1,348.99999046325684,327.6666564941406,174.49999523162842,14560.0,21.33333396911621,327.6666564941406,0.06112703310048431,21.33333396911621,327.6666564941406,0,1,1,1,-14560.0,2,0.0,0.0,890.0096019430516,327.6666564941406
137588,2,1,1,137.33333110809326,122.66666412353516,68.66666555404663,193664.0,14.666666984558105,122.66666412353516,0.10679612055003723,14.666666984558105,122.66666412353516,0,1,1,1,-193664.0,2,9.00665,9.00665,20682.56389020241,122.66666412353516
43962,2,1,1,530.6666564941406,510.6666564941406,265.3333282470703,14816.0,20.0,510.6666564941406,0.03768844293351759,20.0,510.6666564941406,0,1,1,1,-14816.0,2,0.0,0.0,558.3919705029966,510.6666564941406
19016,2,1,1,303.6666660308838,284.0,151.8333330154419,16736.0,19.66666603088379,284.0,0.06476399365112939,19.66666603088379,284.0,0,1,1,1,-16736.0,2,4.50335,4.50335,1083.8901977453015,284.0
68552,2,1,1,122.00000238418579,114.33333587646484,61.000001192092896,188704.0,7.666666507720947,114.33333587646484,0.06284152752373008,7.666666507720947,114.33333587646484,0,1,1,1,-188704.0,2,7.800000000000001,7.8,11858.447609837962,114.33333587646484
153780,2,1,1,101.33333396911621,78.0,50.666666984558105,120992.0,23.33333396911621,78.0,0.23026316272419903,23.33333396911621,78.0,0,1,1,1,-120992.0,2,9.006673149531963,9.006673149531963,27860.000584326288,78.0
136920,2,1,1,289.3333435058594,266.3333435058594,144.6666717529297,45016.0,23.0,266.3333435058594,0.07949308476274605,23.0,266.3333435058594,0,1,1,1,-45016.0,2,4.50335,4.50335,3578.4607036797765,266.3333435058594
116048,2,1,1,343.00000953674316,326.3333435058594,171.50000476837158,15200.0,16.66666603088379,326.3333435058594,0.0485908617127849,16.66666603088379,326.3333435058594,0,1,1,1,-15200.0,2,4.503350000000001,4.503349999999999,738.5810980343305,326.3333435058594
723,3,1,2,236.66666507720947,170.0,78.88888835906982,172944.0,12.333333015441895,224.33333206176758,0.05211267506312434,12.333333015441895,170.0,0,1,1,1,-172944.0,3,9.006681482901705,7.353917832164174,35457.870428371905,54.33333206176758
159277,3,1,2,426.33334159851074,314.3333435058594,142.11111386617026,23368.0,26.33333396911621,400.00000762939453,0.06176700576685133,26.33333396911621,314.3333435058594,0,1,1,1,-23368.0,3,6.004465433140387,4.245798225173788,1467.4839775358478,314.3333435058594
105390,3,1,2,641.6666507720947,369.6666564941406,213.88888359069824,107496.0,20.66666603088379,620.9999847412109,0.032207792014773286,20.66666603088379,369.6666564941406,0,1,1,1,-107496.0,3,7.943129182507357,6.713166348303906,39375.32689531517,369.6666564941406
60882,2,1,1,637.3333339691162,616.0,318.6666669845581,18096.0,21.33333396911621,616.0,0.03347280431145624,21.33333396911621,616.0,0,1,1,1,-18096.0,2,4.50334907485529,4.50334907485529,605.7238668201121,616.0
22673,2,1,1,419.99999046325684,398.6666564941406,209.99999523162842,19184.0,21.33333396911621,398.6666564941406,0.05079365346076723,21.33333396911621,398.6666564941406,0,1,1,1,-19184.0,2,4.50334907485529,4.50334907485529,974.4254479913586,398.6666564941406
77566,2,1,1,474.6666564941406,452.6666564941406,237.3333282470703,15152.0,22.0,452.6666564941406,0.046348315600026925,22.0,452.6666564941406,0,1,1,1,-15152.0,2,4.503324074780762,4.503324074780761,702.269677971608,452.6666564941406
99007,3,1,2,168.99999618530273,96.66666412353516,56.33333206176758,165528.0,21.0,147.99999618530273,0.12426035783441211,21.0,96.66666412353516,0,1,1,1,-165528.0,3,12.008866666666668,8.491551054365091,59700.97079244243,96.66666412353516
126123,2,1,1,109.66666984558105,88.33333587646484,54.83333492279053,114552.0,21.33333396911621,88.33333587646484,0.19452887553853104,21.33333396911621,88.33333587646484,0,1,1,1,-114552.0,2,9.006673149531963,9.006673149531963,22283.671750689806,88.33333587646484
58491,3,1,2,1353.6666240692139,1237.6666259765625,451.2222080230713,130008.0,25.33333396911621,1328.3332901000977,0.018714603373290305,25.33333396911621,1237.6666259765625,0,1,1,1,-130008.0,3,5.199999999999996,5.199981467274666,2879.2298833646505,90.66666412353516
151528,3,1,2,629.3333377838135,386.0,209.77777926127115,158304.0,19.66666603088379,609.6666717529297,0.031249998768759994,19.66666603088379,386.0,0,1,1,1,-158304.0,3,13.086378460445042,9.957238694537757,46938.521649480215,386.0
153512,2,1,1,447.3333330154419,439.0,223.66666650772095,38560.0,8.333333015441895,439.0,0.01862891137413681,8.333333015441895,439.0,0,1,1,1,-38560.0,2,4.503350000000001,4.503349999999999,718.3308225867154,439.0
89434,5,1,4,769.3333377838135,269.0,153.8666675567627,70304.0,25.66666603088379,743.6666717529297,0.03336221735148081,25.66666603088379,269.0,0,1,1,1,-70304.0,5,9.531751239410308,7.427082301415542,24013.556128808577,209.0
28711,2,1,1,70.66666793823242,61.66666793823242,35.33333396911621,81288.0,9.0,61.66666793823242,0.12735848827436755,9.0,61.66666793823242,0,1,1,1,-81288.0,2,9.006673149531963,9.006673149531961,10352.71679484679,61.66666793823242
117964,3,1,2,358.33334159851074,252.6666717529297,119.44444719950359,179968.0,19.33333396911621,339.00000762939453,0.05395348890190061,19.33333396911621,252.6666717529297,0,1,1,1,-179968.0,3,9.0067,7.3539397554417505,9715.683816315603,252.6666717529297
20716,2,1,1,70.66666603088379,45.33333206176758,35.333333015441895,87672.0,25.33333396911621,45.33333206176758,0.3584905782599771,25.33333396911621,45.33333206176758,0,1,1,1,-87672.0,2,7.800001602563939,7.800001602563938,31429.585977208713,45.33333206176758
61994,2,1,1,222.66666221618652,202.3333282470703,111.33333110809326,34664.0,20.33333396911621,202.3333282470703,0.09131736994995068,20.33333396911621,202.3333282470703,0,1,1,1,-34664.0,2,4.50335,4.50335,3165.4253119450905,202.3333282470703
119248,5,1,4,306.6666660308838,169.0,61.33333320617676,76496.0,24.33333396911621,282.3333320617676,0.07934782832466587,24.33333396911621,169.0,0,1,1,1,-76496.0,5,9.006678149551032,8.055803012636295,38690.861106148725,45.0
70936,6,1,5,350.3333263397217,160.3333282470703,58.38888772328695,192552.0,21.33333396911621,328.99999237060547,0.0608943893291758,21.33333396911621,160.3333282470703,0,1,1,1,-192552.0,6,13.086347019795092,9.25346034046183,74788.0569325394,43.33333206176758
89751,2,1,1,175.6666717529297,163.6666717529297,87.83333587646484,54848.0,12.0,163.6666717529297,0.06831119346803398,12.0,163.6666717529297,0,1,1,1,-54848.0,2,9.0067,9.0067,3746.732339334728,163.6666717529297
151547,2,1,1,52.33333206176758,43.33333206176758,26.16666603088379,27096.0,9.0,43.33333206176758,0.17197452647153347,9.0,43.33333206176758,0,1,1,1,-27096.0,2,4.50334907485529,4.50334907485529,4659.821769272671,43.33333206176758
13773,2,1,1,226.0000057220459,202.6666717529297,113.00000286102295,17384.0,23.33333396911621,202.6666717529297,0.10324483795727658,23.33333396911621,202.6666717529297,0,1,1,1,-17384.0,2,0.0,0.0,1794.8082630492963,202.6666717529297
24026,2,1,1,254.3333282470703,236.3333282470703,127.16666412353516,52264.0,18.0,236.3333282470703,0.07077326484916686,18.0,236.3333282470703,0,1,1,1,-52264.0,2,4.503350000000001,4.503349999999999,3698.893914076857,236.3333282470703
155444,3,1,2,160.00000190734863,85.33333587646484,53.33333396911621,84768.0,21.33333396911621,138.66666793823242,0.1333333357175191,21.33333396911621,85.33333587646484,0,1,1,1,-84768.0,3,10.824666507000469,8.491572879953134,47266.13417851765,53.33333206176758
25706,5,1,4,616.3333225250244,257.6666564941406,123.26666450500488,198400.0,21.33333396911621,594.9999885559082,0.034613306127464875,21.33333396911621,257.6666564941406,0,1,1,1,-198400.0,4,12.536708181002899,9.283841984161246,37602.950910753054,228.0
50881,3,1,2,818.3333072662354,580.3333129882812,272.7777690887451,79280.0,17.66666603088379,800.6666412353516,0.021588594615440895,17.66666603088379,580.3333129882812,0,1,1,1,-79280.0,3,13.757877719126757,10.399978436622945,45135.133051367215,220.3333282470703
51074,3,1,2,490.00000953674316,413.3333435058594,163.3333365122477,192200.0,20.66666603088379,469.3333435058594,0.042176868629905766,20.66666603088379,413.3333435058594,0,1,1,1,-192200.0,3,6.004432099707681,4.245774654877482,154854.91191296262,56.0
86041,2,1,1,202.0000057220459,184.6666717529297,101.00000286102295,19208.0,17.33333396911621,184.6666717529297,0.08580858157482955,17.33333396911621,184.6666717529297,0,1,1,1,-19208.0,2,4.503324074780762,4.503324074780761,1648.2112348893259,184.6666717529297
59071,2,1,1,61.66666603088379,41.33333206176758,30.833333015441895,12104.0,20.33333396911621,41.33333206176758,0.32972974343923356,20.33333396911621,41.33333206176758,0,1,1,1,-12104.0,2,4.503324074780764,4.503324074780762,3991.048814588483,41.33333206176758
128705,2,1,1,61.33333206176758,36.33333206176758,30.66666603088379,90304.0,25.0,36.33333206176758,0.4076087041027381,25.0,36.33333206176758,0,1,1,1,-90304.0,2,7.800000000000001,7.800000000000001,36808.69641529366,36.33333206176758
43923,2,1,1,55.33333206176758,48.33333206176758,27.66666603088379,130312.0,7.0,48.33333206176758,0.1265060270035072,7.0,48.33333206176758,0,1,1,1,-130312.0,2,0.0,0.0,16485.25339088103,48.33333206176758
102694,2,1,1,302.6666774749756,280.3333435058594,151.3333387374878,16304.0,22.33333396911621,280.3333435058594,0.07378854572110181,22.33333396911621,280.3333435058594,0,1,1,1,-16304.0,2,7.800001602563937,7.800001602563937,1203.0484494368438,280.3333435058594
123440,2,1,1,253.6666717529297,234.6666717529297,126.83333587646484,41208.0,19.0,234.6666717529297,0.07490144396464476,19.0,234.6666717529297,0,1,1,1,-41208.0,2,7.800001602563938,7.800001602563937,3086.5387028950813,234.6666717529297
132206,2,1,1,175.3333339691162,151.0,87.6666669845581,166184.0,24.33333396911621,151.0,0.13878327308486796,24.33333396911621,151.0,0,1,1,1,-166184.0,2,7.8,7.799999999999999,23063.559454335697,151.0
145456,4,1,3,2305.9999980926514,2030.0,576.4999995231628,149936.0,20.66666603088379,2285.3333320617676,0.00896212751430082,20.66666603088379,2030.0,0,1,1,1,-149936.0,4,14.765157412998516,10.318429909238857,13393.95885999036,2030.0
119398,2,1,1,68.00000190734863,46.66666793823242,34.000000953674316,22496.0,21.33333396911621,46.66666793823242,0.3137254907460636,21.33333396911621,46.66666793823242,0,1,1,1,-22496.0,2,4.503324074780763,4.503324074780761,7057.568639823447,46.66666793823242
54168,3,2,1,328.0000057220459,161.6666717529297,109.33333524068196,16496.0,166.3333339691162,161.6666717529297,0.5071138142298405,143.0,161.6666717529297,0,1,1,1,-440.0,2,4.50335,4.50335,1365.3252114088034,161.6666717529297
118197,2,1,1,352.3333435058594,328.3333435058594,176.1666717529297,19360.0,24.0,328.3333435058594,0.06811731118375083,24.0,328.3333435058594,0,1,1,1,-19360.0,2,4.503324074780762,4.50332407478076,1318.7511445174162,328.3333435058594
108644,3,1,2,133.0,76.0,44.333333333333336,18408.0,26.33333396911621,106.66666603088379,0.19799499224899406,26.33333396911621,76.0,0,1,1,1,-18408.0,3,6.0044320997076825,4.245774654877482,3740.6918173194827,30.66666603088379
33815,2,1,1,960.0000200271606,950.6666870117188,480.0000100135803,87120.0,9.333333015441895,950.6666870117188,0.009722221688263958,9.333333015441895,950.6666870117188,0,1,1,1,-87120.0,2,4.503324074780764,4.503324074780762,846.999953481556,950.6666870117188
125264,4,2,2,561.3333225250244,290.6666564941406,140.3333306312561,194544.0,310.99999046325684,250.33333206176758,0.5540379984289857,290.6666564941406,203.0,0,1,1,1,-173400.0,3,9.006681482901705,7.353917832164173,159362.02389941635,47.33333206176758
149206,2,1,1,221.0000057220459,200.6666717529297,110.50000286102295,16920.0,20.33333396911621,200.6666717529297,0.09200603367716499,20.33333396911621,200.6666717529297,0,1,1,1,-16920.0,2,4.50335,4.50335,1556.7420898176317,200.6666717529297
67725,3,1,2,734.6666507720947,458.6666564941406,244.88888359069824,154040.0,27.66666603088379,706.9999847412109,0.03765880212720644,27.66666603088379,458.6666564941406,0,1,1,1,-154040.0,3,10.824655205645637,8.49155651076736,37376.54080988536,248.3333282470703
117917,2,1,1,573.6666469573975,549.3333129882812,286.83332347869873,18160.0,24.33333396911621,549.3333129882812,0.042417201868323526,24.33333396911621,549.3333129882812,0,1,1,1,-18160.0,2,0.0,0.0,770.2963859287552,549.3333129882812
106411,4,1,3,218.6666660308838,109.66666412353516,54.66666650772095,87936.0,20.33333396911621,198.33333206176758,0.09298780805595853,20.33333396911621,109.66666412353516,0,1,1,1,-87936.0,4,14.765168287412946,10.318430920778361,26334.292892637175,45.66666793823242
79125,2,1,1,106.99999761581421,99.66666412353516,53.499998807907104,184728.0,7.333333492279053,99.66666412353516,0.06853582855776824,7.333333492279053,99.66666412353516,0,1,1,1,-184728.0,2,7.800001602563939,7.800001602563938,12660.486537819412,99.66666412353516
14053,2,1,1,689.0000200271606,677.6666870117188,344.5000100135803,79400.0,11.333333015441895,677.6666870117188,0.01644895890568353,11.333333015441895,677.6666870117188,0,1,1,1,-79400.0,2,7.800001602563938,7.800001602563937,1306.0473371112723,677.6666870117188
116659,3,2,1,396.6666774749756,297.3333435058594,132.22222582499185,21664.0,314.6666774749756,82.0,0.7932773165571159,297.3333435058594,82.0,0,1,1,1,-536.0,2,0.0,0.0,1348.4369865170186,82.0
18834,3,1,2,809.000020980835,458.3333435058594,269.6666736602783,119992.0,20.33333396911621,788.6666870117188,0.025133910311230887,20.33333396911621,458.3333435058594,0,1,1,1,-119992.0,3,5.200029935918106,5.20001033481879,61523.90255789426,330.3333435058594
127111,3,1,2,861.3333339691162,427.0,287.11111132303876,90080.0,20.33333396911621,841.0,0.023606811866223765,20.33333396911621,427.0,0,1,1,1,-90080.0,3,13.086399842584667,9.95726028316357,36921.72759341771,427.0
19287,2,1,1,577.0,555.0,288.5,16752.0,22.0,555.0,0.038128249566724434,22.0,555.0,0,1,1,1,-16752.0,2,4.503350000000001,4.503349999999999,638.7244367417678,555.0
136883,3,2,1,221.0000057220459,104.33333587646484,73.6666685740153,163672.0,133.66666984558105,87.33333587646484,0.6048265447273113,104.33333587646484,87.33333587646484,0,1,1,1,-8384.0,3,9.006666666666668,7.353898930650476,25682.24424627371,87.33333587646484
150884,2,1,1,287.99999046325684,266.6666564941406,143.99999523162842,15432.0,21.33333396911621,266.6666564941406,0.07407407873451971,21.33333396911621,266.6666564941406,0,1,1,1,-15432.0,2,0.0,0.0,1143.111183031108,266.6666564941406
22584,2,1,1,165.33333349227905,158.0,82.66666674613953,146312.0,7.333333492279053,158.0,0.044354839628401456,7.333333492279053,158.0,0,1,1,1,-146312.0,2,4.503324074780762,4.503324074780761,6489.645295710674,158.0
97111,2,1,1,808.6666870117188,783.6666870117188,404.3333435058594,11040.0,25.0,783.6666870117188,0.030915085784457095,25.0,783.6666870117188,0,1,1,1,-11040.0,2,7.8,7.8,341.3025470604063,783.6666870117188
38404,2,1,1,324.3333330154419,316.0,162.16666650772095,65464.0,8.333333015441895,316.0,0.02569372977474731,8.333333015441895,316.0,0,1,1,1,-65464.0,2,4.50334907485529,4.50334907485529,1682.014325974058,316.0
79727,3,1,2,787.6666507720947,530.3333129882812,262.5555502573649,126512.0,22.66666603088379,764.9999847412109,0.02877697819079332,22.66666603088379,530.3333129882812,0,1,1,1,-126512.0,3,12.008933333333333,8.49159819481717,36643.7254322108,530.3333129882812
83799,2,1,1,126.00000286102295,117.33333587646484,63.000001430511475,28872.0,8.666666984558105,117.33333587646484,0.06878306974419178,8.666666984558105,117.33333587646484,0,1,1,1,-28872.0,2,4.50335,4.50335,1985.9047896543052,117.33333587646484
129477,5,1,4,793.333330154419,344.6666564941406,158.6666660308838,127200.0,17.33333396911621,775.9999961853027,0.021848740384753974,17.33333396911621,344.6666564941406,0,1,1,1,-127200.0,5,12.60933375914842,9.18503650610056,69248.1234555546,221.6666717529297
149055,4,2,2,813.0000057220459,339.3333435058594,203.25000143051147,123984.0,153.0000057220459,660.0,0.18819188763247635,135.6666717529297,339.3333435058594,0,1,1,1,-105200.0,3,10.824657262010652,8.491549309754962,61499.18392392178,339.3333435058594
123711,2,1,1,255.6666717529297,241.6666717529297,127.83333587646484,136464.0,14.0,241.6666717529297,0.05475879943213433,14.0,241.6666717529297,0,1,1,1,-136464.0,2,4.503324074780761,4.503324074780761,7472.604805706779,241.6666717529297
117796,2,1,1,504.3333225250244,481.6666564941406,252.1666612625122,20680.0,22.66666603088379,481.6666564941406,0.044943819927264664,22.66666603088379,481.6666564941406,0,1,1,1,-20680.0,2,4.503324074780764,4.503324074780762,929.4381960958333,481.6666564941406
84530,3,1,2,785.9999752044678,632.3333129882812,261.9999917348226,151400.0,21.33333396911621,764.6666412353516,0.02714164712736361,21.33333396911621,632.3333129882812,0,1,1,1,-151400.0,3,9.006681482901705,7.353917832164173,111589.82206754148,132.3333282470703
110118,4,1,3,982.3333263397217,698.0,245.58333158493042,92200.0,20.66666603088379,961.6666603088379,0.0210383435812872,20.66666603088379,698.0,0,1,1,1,-92200.0,3,7.943143646427262,6.713174905280577,57624.01388768315,221.3333282470703
75535,2,1,1,331.99999046325684,310.6666564941406,165.99999523162842,39824.0,21.33333396911621,310.6666564941406,0.06425703187325006,21.33333396911621,310.6666564941406,0,1,1,1,-39824.0,2,4.503350000000005,4.503350000000001,2558.9720373203104,310.6666564941406
77154,2,1,1,58.333333015441895,48.0,29.166666507720947,62640.0,10.333333015441895,48.0,0.17714285265864155,10.333333015441895,48.0,0,1,1,1,-62640.0,2,4.503324074780762,4.503324074780761,11096.228290537307,48.0
92752,2,1,1,401.6666564941406,381.6666564941406,200.8333282470703,25808.0,20.0,381.6666564941406,0.049792532381367216,20.0,381.6666564941406,0,1,1,1,-25808.0,2,0.0,0.0,1285.045675698325,381.6666564941406
1209,2,1,1,121.66666984558105,99.33333587646484,60.83333492279053,25464.0,22.33333396911621,99.33333587646484,0.18356164426511884,22.33333396911621,99.33333587646484,0,1,1,1,-25464.0,2,4.503324074780762,4.503324074780761,4674.213709566986,99.33333587646484
91425,2,1,1,71.99999904632568,56.33333206176758,35.99999952316284,180984.0,15.666666984558105,56.33333206176758,0.21759259988986915,15.666666984558105,56.33333206176758,0,1,1,1,-180984.0,2,7.800000000000001,7.8,39380.77909846808,56.33333206176758
20967,4,1,3,861.0000019073486,379.0,215.25000047683716,195344.0,20.66666603088379,840.3333358764648,0.024003096382231727,20.66666603088379,379.0,0,1,1,1,-195344.0,4,17.87205010975587,12.125598500151444,91264.60979682177,100.33333587646484
27909,2,1,1,246.66666221618652,230.3333282470703,123.33333110809326,65992.0,16.33333396911621,230.3333282470703,0.06621621998841966,16.33333396911621,230.3333282470703,0,1,1,1,-65992.0,2,9.006673149531963,9.006673149531963,4369.740789475791,230.3333282470703
27335,3,1,2,430.0000123977661,313.3333435058594,143.33333746592203,150944.0,9.333333015441895,420.6666793823242,0.02170542499149561,9.333333015441895,313.3333435058594,0,1,1,1,-150944.0,3,16.715677097862354,13.426352709752067,69633.01708931763,107.33333587646484
99751,3,1,2,1123.6666240692139,1065.6666259765625,374.5555413564046,31728.0,21.66666603088379,1101.99995803833,0.01928211229805932,21.66666603088379,1065.6666259765625,0,1,1,1,-31728.0,3,13.08636231417187,9.957220825556139,774.749338257079,1065.6666259765625
84243,2,1,1,160.33333778381348,139.6666717529297,80.16666889190674,173184.0,20.66666603088379,139.6666717529297,0.1288981213548353,20.66666603088379,139.6666717529297,0,1,1,1,-173184.0,2,9.006648149561524,9.006648149561524,22323.092248715795,139.6666717529297
15254,2,1,1,109.66666412353516,90.66666412353516,54.83333206176758,65552.0,19.0,90.66666412353516,0.173252283652918,19.0,90.66666412353516,0,1,1,1,-65552.0,2,9.00665,9.00665,11357.033698016081,90.66666412353516
8139,2,1,1,156.6666717529297,149.6666717529297,78.33333587646484,19112.0,7.0,149.6666717529297,0.04468084961324328,7.0,149.6666717529297,0,1,1,1,-19112.0,2,4.503324074780761,4.503324074780761,853.9403978083055,149.6666717529297
95596,2,1,1,248.3333282470703,223.3333282470703,124.16666412353516,119776.0,25.0,223.3333282470703,0.100671143001503,25.0,223.3333282470703,0,1,1,1,-119776.0,2,4.503300000000001,4.5033,12057.986824148024,223.3333282470703
116884,2,1,1,40.000001430511475,32.66666793823242,20.000000715255737,35488.0,7.333333492279053,32.66666793823242,0.18333333075046548,7.333333492279053,32.66666793823242,0,1,1,1,-35488.0,2,4.50335,4.50335,6506.133241672519,32.66666793823242
41139,2,1,1,550.6666660308838,530.0,275.3333330154419,16088.0,20.66666603088379,530.0,0.037530265232587574,20.66666603088379,530.0,0,1,1,1,-16088.0,2,4.503324074780762,4.503324074780761,603.7869070618689,530.0
14471,2,1,1,39.999998569488525,32.33333206176758,19.999999284744263,74080.0,7.666666507720947,32.33333206176758,0.19166666954755793,7.666666507720947,32.33333206176758,0,1,1,1,-74080.0,2,7.800001602563939,7.800001602563938,14198.666880083092,32.33333206176758
153250,2,1,1,216.00000476837158,207.6666717529297,108.00000238418579,117384.0,8.333333015441895,207.6666717529297,0.03858024459017108,8.333333015441895,207.6666717529297,0,1,1,1,-117384.0,2,9.00665,9.006649999999999,4528.703430972641,207.6666717529297
151017,2,1,1,302.3333225250244,275.6666564941406,151.1666612625122,21592.0,26.66666603088379,275.6666564941406,0.08820286764346515,26.66666603088379,275.6666564941406,0,1,1,1,-21592.0,2,7.800001602563937,7.8000016025639365,1904.4763181576996,275.6666564941406
128831,3,1,2,317.33333587646484,166.0,105.77777862548828,193096.0,26.0,291.33333587646484,0.08193277245262873,26.0,166.0,0,1,1,1,-193096.0,2,0.0,0.0,108992.92349627099,125.33333587646484
161221,3,2,1,1406.3333768844604,1323.3333740234375,468.77779229482013,183128.0,1333.0000410079956,73.33333587646484,0.9478549417358458,1323.3333740234375,73.33333587646484,1,1,0,1,16456.0,3,10.82467232703964,8.491567423561381,2116.8599250104003,1323.3333740234375
126695,2,1,1,102.3333330154419,94.0,51.16666650772095,169912.0,8.333333015441895,94.0,0.08143322190223601,8.333333015441895,94.0,0,1,1,1,-169912.0,2,7.800001602563937,7.8000016025639365,13836.481599852725,94.0
72255,5,2,3,1593.3333148956299,731.3333129882812,318.666662979126,113888.0,286.3333225250244,1306.9999923706055,0.17970710826678502,262.6666564941406,731.3333129882812,0,1,1,1,-72824.0,5,17.18363459988602,13.237042218471617,72687.33217081231,95.33333587646484
96217,5,2,3,480.666654586792,222.3333282470703,96.13333091735839,97336.0,154.9999942779541,325.6666603088379,0.3224687895423093,133.3333282470703,222.3333282470703,0,1,1,1,-82120.0,5,10.807987779434248,7.8518234219574765,70631.47863179879,69.66666412353516
65764,2,1,1,162.0,145.0,81.0,44432.0,17.0,145.0,0.10493827160493827,17.0,145.0,0,1,1,1,-44432.0,2,9.006648149561522,9.006648149561522,4662.617283950617,145.0
129790,2,1,1,132.6666660308838,112.0,66.3333330154419,19120.0,20.66666603088379,112.0,0.15577889042657292,20.66666603088379,112.0,0,1,1,1,-19120.0,2,4.503300000000001,4.5033,2978.492384956074,112.0
27626,2,1,1,178.66666221618652,157.3333282470703,89.33333110809326,23240.0,21.33333396911621,157.3333282470703,0.11940299160737045,21.33333396911621,157.3333282470703,0,1,1,1,-23240.0,2,4.5033,4.5033,2774.9255249552893,157.3333282470703
155303,3,1,2,235.3333282470703,158.3333282470703,78.44444274902344,41944.0,22.0,213.3333282470703,0.09348442128393636,22.0,158.3333282470703,0,1,1,1,-41944.0,3,12.008897532709282,8.491572879953132,9984.510130809538,158.3333282470703
155455,2,1,1,1742.333333015442,1734.0,871.166666507721,115608.0,8.333333015441895,1734.0,0.00478285805450296,8.333333015441895,1734.0,0,1,1,1,-115608.0,2,9.006673149531963,9.006673149531963,552.9366539649782,1734.0
22359,2,1,1,210.9999942779541,192.3333282470703,105.49999713897705,182072.0,18.66666603088379,192.3333282470703,0.08846761391990302,18.66666603088379,192.3333282470703,0,1,1,1,-182072.0,2,9.006648149561522,9.006648149561522,16107.475401624582,192.3333282470703
117145,2,1,1,208.66666221618652,187.3333282470703,104.33333110809326,19448.0,21.33333396911621,187.3333282470703,0.10223642695263929,21.33333396911621,187.3333282470703,0,1,1,1,-19448.0,2,4.503350000000005,4.503350000000001,1988.2940313749289,187.3333282470703
151760,2,1,1,178.33333778381348,159.6666717529297,89.16666889190674,143824.0,18.66666603088379,159.6666717529297,0.10467289101891121,18.66666603088379,159.6666717529297,0,1,1,1,-143824.0,2,4.503349074855292,4.50334907485529,15054.473877903885,159.6666717529297
84711,3,1,2,2689.000082015991,2185.666748046875,896.3333606719971,121920.0,20.33333396911621,2668.666748046875,0.007561671011133606,20.33333396911621,2185.666748046875,0,1,1,1,-121920.0,3,9.006681482901705,7.353917832164173,19013.312948352155,2185.666748046875
13540,4,3,1,331.9999942779541,160.3333282470703,82.99999856948853,14048.0,260.33333015441895,71.66666412353516,0.7841365501243502,160.3333282470703,71.66666412353516,0,1,1,1,-200.0,3,5.2000299359181055,5.200010334818789,1117.7268979703415,71.66666412353516
94146,2,1,1,110.0,103.0,55.0,56008.0,7.0,103.0,0.06363636363636363,7.0,103.0,0,1,1,1,-56008.0,2,7.800001602563938,7.800001602563938,3564.1454545454544,103.0
117560,3,2,1,422.3333339691162,216.0,140.7777779897054,17296.0,206.3333339691162,216.0,0.4885556440217069,184.0,216.0,0,1,1,1,-3480.0,3,6.0044320997076825,4.245774654877483,2430.7750815731383,216.0
100770,2,1,1,623.6666660308838,604.0,311.8333330154419,19152.0,19.66666603088379,604.0,0.03153393808273521,19.66666603088379,604.0,0,1,1,1,-19152.0,2,4.50334907485529,4.50334907485529,603.9379821605447,604.0
162766,2,1,1,135.99999809265137,114.66666412353516,67.99999904632568,29368.0,21.33333396911621,114.66666412353516,0.15686275197285415,21.33333396911621,114.66666412353516,0,1,1,1,-29368.0,2,4.503324074780762,4.503324074780761,4606.7452999387815,114.66666412353516
103154,2,1,1,369.3333339691162,344.0,184.6666669845581,23016.0,25.33333396911621,344.0,0.06859205936508994,25.33333396911621,344.0,0,1,1,1,-23016.0,2,4.503300000000001,4.5033,1578.7148383469103,344.0
99544,2,1,1,443.0,419.0,221.5,146088.0,24.0,419.0,0.05417607223476298,24.0,419.0,0,1,1,1,-146088.0,2,9.006673149531963,9.006673149531961,7914.474040632054,419.0
154378,2,1,1,325.9999895095825,311.6666564941406,162.99999475479126,128880.0,14.333333015441895,311.6666564941406,0.04396728060330375,14.333333015441895,311.6666564941406,0,1,1,1,-128880.0,2,4.503324074780764,4.503324074780762,5666.503124153788,311.6666564941406
21452,2,1,1,182.3333282470703,157.3333282470703,91.16666412353516,105352.0,25.0,157.3333282470703,0.1371115211922409,25.0,157.3333282470703,0,1,1,1,-105352.0,2,4.503300000000001,4.5033,14444.972980644965,157.3333282470703
149013,2,1,1,234.66666221618652,215.3333282470703,117.33333110809326,16168.0,19.33333396911621,215.3333282470703,0.08238636790813256,19.33333396911621,215.3333282470703,0,1,1,1,-16168.0,2,4.503300000000001,4.5033,1332.0227963386872,215.3333282470703
139594,2,1,1,422.99999046325684,400.6666564941406,211.49999523162842,14840.0,22.33333396911621,400.6666564941406,0.05279748102277122,22.33333396911621,400.6666564941406,0,1,1,1,-14840.0,2,0.0,0.0,783.514618377925,400.6666564941406
81614,2,1,1,254.3333339691162,233.0,127.1666669845581,18568.0,21.33333396911621,233.0,0.0838794256190843,21.33333396911621,233.0,0,1,1,1,-18568.0,2,0.0,0.0,1557.4731748951574,233.0
112700,2,1,1,289.3333339691162,270.0,144.6666669845581,60472.0,19.33333396911621,270.0,0.06682027854827081,19.33333396911621,270.0,0,1,1,1,-60472.0,2,9.006673149531963,9.006673149531963,4040.7558843710326,270.0
96879,2,1,1,155.33333778381348,134.6666717529297,77.66666889190674,19616.0,20.66666603088379,134.6666717529297,0.13304720239544973,20.66666603088379,134.6666717529297,0,1,1,1,-19616.0,2,0.0,0.0,2609.853922189142,134.6666717529297
32911,3,1,2,188.9999942779541,135.3333282470703,62.99999809265137,32944.0,22.0,166.9999942779541,0.11640211992623425,22.0,135.3333282470703,0,1,1,1,-32944.0,3,5.200029935918105,5.200010334818789,3889.7073476995442,135.3333282470703
5655,3,1,2,303.33333015441895,214.0,101.11111005147298,184152.0,24.66666603088379,278.66666412353516,0.0813186800749085,24.66666603088379,214.0,0,1,1,1,-184152.0,3,12.008866666666666,8.491551054365091,132126.59440529157,64.66666412353516
119084,3,1,2,366.3333282470703,197.3333282470703,122.11110941569011,16288.0,23.0,343.3333282470703,0.06278435028026674,23.0,197.3333282470703,0,1,1,1,-16288.0,3,7.943143646427261,6.713174905280577,1039.868985786042,146.0
28895,2,1,1,225.6666669845581,212.0,112.83333349227905,37224.0,13.666666984558105,212.0,0.06056130117565518,13.666666984558105,212.0,0,1,1,1,-37224.0,2,9.006673149531963,9.006673149531961,2254.3338749625887,212.0
46784,3,2,1,562.6666774749756,316.3333435058594,187.5555591583252,20120.0,246.3333339691162,316.3333435058594,0.43779620125108937,225.0,316.3333435058594,0,1,1,1,-464.0,2,4.503350000000001,4.503349999999999,948.3886301092551,316.3333435058594
11632,2,1,1,273.99999046325684,256.6666564941406,136.99999523162842,16400.0,17.33333396911621,256.6666564941406,0.06326034515479516,17.33333396911621,256.6666564941406,0,1,1,1,-16400.0,2,0.0,0.0,1037.4696605386407,256.6666564941406
102608,2,1,1,296.3333435058594,276.3333435058594,148.1666717529297,24944.0,20.0,276.3333435058594,0.06749156123770642,20.0,276.3333435058594,0,1,1,1,-24944.0,2,4.5033,4.5033,1683.509503513349,276.3333435058594
124219,2,1,1,318.3333225250244,298.6666564941406,159.1666612625122,17600.0,19.66666603088379,298.6666564941406,0.06178010481242591,19.66666603088379,298.6666564941406,0,1,1,1,-17600.0,2,4.503324074780762,4.503324074780761,1087.329844698696,298.6666564941406
86288,3,2,1,443.6666622161865,223.3333282470703,147.8888874053955,24832.0,220.3333339691162,223.3333282470703,0.4966190898106152,198.0,223.3333282470703,0,1,1,1,-464.0,2,4.503350000000001,4.503349999999999,1457.069922477283,223.3333282470703
89662,4,1,3,696.3333415985107,413.3333435058594,174.08333539962769,120680.0,23.33333396911621,673.0000076293945,0.033508856427227715,23.33333396911621,413.3333435058594,0,1,1,1,-120680.0,3,12.008933333333333,8.49159819481717,92705.81121675744,75.33333587646484
130504,2,1,1,488.6666564941406,467.6666564941406,244.3333282470703,17152.0,21.0,467.6666564941406,0.04297408002146306,21.0,467.6666564941406,0,1,1,1,-17152.0,2,4.503324074780762,4.503324074780761,737.0914205281343,467.6666564941406
32912,2,1,1,283.0,261.0,141.5,25432.0,22.0,261.0,0.07773851590106007,22.0,261.0,0,1,1,1,-25432.0,2,4.5033,4.5033,1977.0459363957598,261.0
105790,2,1,1,102.66666603088379,83.0,51.333333015441895,20512.0,19.66666603088379,83.0,0.19155843655201327,19.66666603088379,83.0,0,1,1,1,-20512.0,2,4.503324074780762,4.503324074780761,3929.2466505548964,83.0
79399,2,1,1,389.3333435058594,365.3333435058594,194.6666717529297,37680.0,24.0,365.3333435058594,0.06164383400580435,24.0,365.3333435058594,0,1,1,1,-37680.0,2,4.503324074780764,4.503324074780762,2322.7396653387077,365.3333435058594
137649,4,1,3,745.3333225250244,333.6666564941406,186.3333306312561,120744.0,23.66666603088379,721.6666564941406,0.03175313019778367,23.66666603088379,333.6666564941406,0,1,1,1,-120744.0,4,10.3184149582494,7.467929857857196,54526.21737326424,241.6666717529297
155677,2,1,1,1582.666666507721,1575.0,791.3333332538605,193048.0,7.666666507720947,1575.0,0.004844144803174539,7.666666507720947,1575.0,0,1,1,1,-193048.0,2,7.800000000000001,7.800000000000001,935.1524659632383,1575.0
86767,2,1,1,735.3333530426025,712.6666870117188,367.66667652130127,14616.0,22.66666603088379,712.6666870117188,0.03082502097463076,22.66666603088379,712.6666870117188,0,1,1,1,-14616.0,2,4.503300000000001,4.5033,450.5385065652032,712.6666870117188
74763,2,1,1,59.000000953674316,47.66666793823242,29.500000476837158,90720.0,11.333333015441895,47.66666793823242,0.19209038698729197,11.333333015441895,47.66666793823242,0,1,1,1,-90720.0,2,9.006673149531963,9.006673149531963,17426.43990748713,47.66666793823242
53485,2,1,1,553.6666469573975,532.3333129882812,276.83332347869873,14136.0,21.33333396911621,532.3333129882812,0.03853100793835199,21.33333396911621,532.3333129882812,0,1,1,1,-14136.0,2,4.5033,4.5033,544.6743282165437,532.3333129882812
124816,3,1,2,680.3333492279053,425.3333435058594,226.77778307596842,121760.0,20.33333396911621,660.0000152587891,0.02988731037834915,20.33333396911621,425.3333435058594,0,1,1,1,-121760.0,2,4.50335,4.50335,68088.01966268745,234.6666717529297
78071,2,1,1,85.33333587646484,75.33333587646484,42.66666793823242,133712.0,10.0,75.33333587646484,0.11718749650754044,10.0,75.33333587646484,0,1,1,1,-133712.0,2,4.503299999999999,4.503299999999999,15669.37453301625,75.33333587646484
138683,3,2,1,195.99999332427979,146.3333282470703,65.33333110809326,103104.0,49.66666507720947,146.3333282470703,0.2534013610655411,41.33333206176758,146.3333282470703,0,1,1,1,-73048.0,3,16.71564383564091,13.426332004187394,19788.353774355266,146.3333282470703
148622,2,1,1,177.6666660308838,154.0,88.8333330154419,16936.0,23.66666603088379,154.0,0.13320825205764716,23.66666603088379,154.0,0,1,1,1,-16936.0,2,4.50335,4.50335,2256.0149568483125,154.0
108834,2,1,1,202.6666717529297,181.6666717529297,101.33333587646484,17352.0,21.0,181.6666717529297,0.10361841845215199,21.0,181.6666717529297,0,1,1,1,-17352.0,2,4.50334907485529,4.50334907485529,1797.9867969817412,181.6666717529297
153872,2,1,1,214.3333339691162,191.0,107.1666669845581,43640.0,23.33333396911621,191.0,0.10886469937745831,23.33333396911621,191.0,0,1,1,1,-43640.0,2,4.503350000000001,4.50335,4750.855480832281,191.0
128559,3,2,1,293.6666717529297,204.6666717529297,97.88889058430989,16232.0,223.6666717529297,70.0,0.7616345103713607,204.6666717529297,70.0,0,1,1,1,-272.0,2,4.50335,4.50335,1239.7638878922758,70.0
48241,3,1,2,944.3333225250244,652.0,314.7777741750081,109352.0,25.66666603088379,918.6666564941406,0.027179667834080518,25.66666603088379,652.0,0,1,1,1,-109352.0,3,15.0111,11.233283984955898,21695.48269377499,652.0
38421,2,1,1,308.00000953674316,283.3333435058594,154.00000476837158,54776.0,24.66666603088379,283.3333435058594,0.08008657554259314,24.66666603088379,283.3333435058594,0,1,1,1,-54776.0,2,7.800001602563939,7.800001602563938,4386.822261921082,283.3333435058594
111398,2,1,1,599.6666660308838,576.0,299.8333330154419,15176.0,23.66666603088379,576.0,0.039466369187285986,23.66666603088379,576.0,0,1,1,1,-15176.0,2,4.503299999999999,4.503299999999999,598.9416187862522,576.0
29853,2,1,1,173.33333778381348,147.6666717529297,86.66666889190674,186848.0,25.66666603088379,147.6666717529297,0.14807691560694472,25.66666603088379,147.6666717529297,0,1,1,1,-186848.0,2,7.800001602563939,7.800001602563938,27667.875527326407,147.6666717529297
61569,2,1,1,107.33333396911621,91.0,53.666666984558105,184704.0,16.33333396911621,91.0,0.15217391806552769,16.33333396911621,91.0,0,1,1,1,-184704.0,2,9.0067,9.0067,28107.13136237523,91.0
70485,2,1,1,149.3333282470703,134.3333282470703,74.66666412353516,28136.0,15.0,134.3333282470703,0.10044643199261366,15.0,134.3333282470703,0,1,1,1,-28136.0,2,7.8,7.799999999999999,2826.160810544178,134.3333282470703
53319,2,1,1,140.33333015441895,117.66666412353516,70.16666507720947,18608.0,22.66666603088379,117.66666412353516,0.16152018915208533,22.66666603088379,117.66666412353516,0,1,1,1,-18608.0,2,4.50334907485529,4.50334907485529,3005.5676797420037,117.66666412353516
119478,3,1,2,825.333348274231,620.6666870117188,275.11111609141034,41224.0,13.333333015441895,812.0000152587891,0.016155088175367985,13.333333015441895,620.6666870117188,0,1,1,1,-41224.0,3,12.008897532709282,8.491572879953134,5514.99842772348,191.3333282470703
59522,3,1,2,695.6666870117188,356.3333435058594,231.8888956705729,186264.0,10.0,685.6666870117188,0.014374700106678453,10.0,356.3333435058594,0,1,1,1,-186264.0,3,10.4,7.353910524340095,17568.973592542352,356.3333435058594
81976,5,1,4,989.9999847412109,382.0,197.9999969482422,164520.0,20.0,969.9999847412109,0.02020202051339229,20.0,382.0,0,1,1,1,-164520.0,4,16.236985893015984,11.91468467438396,74964.75078440581,382.0
59701,3,1,2,478.66666984558105,348.0,159.5555566151937,136848.0,18.33333396911621,460.33333587646484,0.03830083672847033,18.33333396911621,348.0,0,1,1,1,-136848.0,3,10.400002136751919,7.353912035251865,90988.98007888462,112.33333587646484
55034,4,2,2,420.33333015441895,173.3333282470703,105.08333253860474,92904.0,192.9999942779541,227.33333587646484,0.4591593871631621,173.3333282470703,158.6666717529297,0,1,1,1,-73712.0,3,7.943135481939389,6.713181255477084,46697.72449254517,158.6666717529297
37972,4,1,3,378.00000190734863,139.0,94.50000047683716,182536.0,20.66666603088379,357.33333587646484,0.05467371938254483,20.66666603088379,139.0,0,1,1,1,-182536.0,4,10.318408289345067,7.467926786389579,84241.63595220962,126.33333587646484
97983,2,1,1,174.66666221618652,151.3333282470703,87.33333110809326,24296.0,23.33333396911621,151.3333282470703,0.133587793303317,23.33333396911621,151.3333282470703,0,1,1,1,-24296.0,2,4.50335,4.50335,3245.649026097389,151.3333282470703
67572,3,1,2,195.66666793823242,124.33333587646484,65.22222264607747,49616.0,20.0,175.66666793823242,0.10221465010235443,20.0,124.33333587646484,0,1,1,1,-49616.0,3,10.824666507000469,8.491572879953134,21414.855391033794,51.33333206176758
26994,2,1,1,387.3333339691162,366.0,193.6666669845581,20016.0,21.33333396911621,366.0,0.055077454218843996,21.33333396911621,366.0,0,1,1,1,-20016.0,2,4.503300000000001,4.5033,1102.4303236443814,366.0
77578,3,1,2,714.3333072662354,526.3333129882812,238.11110242207846,62536.0,22.66666603088379,691.6666412353516,0.03173121818668861,22.66666603088379,526.3333129882812,0,1,1,1,-62536.0,3,10.82466650700047,8.491572879953134,33808.96681679726,165.3333282470703
70461,6,1,5,1263.6666316986084,655.3333129882812,210.6111052831014,170328.0,23.66666603088379,1239.9999656677246,0.018728567675377554,23.66666603088379,655.3333129882812,0,1,1,1,-170328.0,6,10.824683883310916,7.6541923064894455,49794.918592951864,49.0
22723,2,1,1,589.999979019165,566.3333129882812,294.9999895095825,22880.0,23.66666603088379,566.3333129882812,0.04011299469913205,23.66666603088379,566.3333129882812,0,1,1,1,-22880.0,2,4.50334907485529,4.50334907485529,917.7853187161413,566.3333129882812
9864,2,1,1,451.3333225250244,428.6666564941406,225.6666612625122,18496.0,22.66666603088379,428.6666564941406,0.050221565525171305,22.66666603088379,428.6666564941406,0,1,1,1,-18496.0,2,4.503350000000005,4.503350000000001,928.8980759535685,428.6666564941406
43403,2,1,1,539.3333339691162,519.0,269.6666669845581,15168.0,20.33333396911621,519.0,0.03770086640014829,20.33333396911621,519.0,0,1,1,1,-15168.0,2,0.0,0.0,571.8467415574493,519.0
40631,2,1,1,140.00000190734863,115.33333587646484,70.00000095367432,21784.0,24.66666603088379,115.33333587646484,0.17619046924876527,24.66666603088379,115.33333587646484,0,1,1,1,-21784.0,2,0.0,0.0,3838.133182115103,115.33333587646484
103785,3,1,2,578.6666774749756,355.3333435058594,192.88889249165854,154016.0,19.33333396911621,559.3333435058594,0.03341013872351805,19.33333396911621,355.3333435058594,0,1,1,1,-154016.0,3,10.824666507000469,8.491572879953132,53028.34940917158,355.3333435058594
111517,2,1,1,446.6666774749756,424.3333435058594,223.3333387374878,18080.0,22.33333396911621,424.3333435058594,0.05000000021350917,22.33333396911621,424.3333435058594,0,1,1,1,-18080.0,2,4.503350000000001,4.50335,904.0000038602458,424.3333435058594
62435,2,1,1,225.0000057220459,202.6666717529297,112.50000286102295,17280.0,22.33333396911621,202.6666717529297,0.09925925956066743,22.33333396911621,202.6666717529297,0,1,1,1,-17280.0,2,4.50335,4.50335,1715.200005208333,202.6666717529297
127165,2,1,1,687.0,673.0,343.5,111584.0,14.0,673.0,0.020378457059679767,14.0,673.0,0,1,1,1,-111584.0,2,9.006673149531963,9.006673149531961,2273.909752547307,673.0
75162,2,1,1,69.00000190734863,48.66666793823242,34.500000953674316,20832.0,20.33333396911621,48.66666793823242,0.29468599140648244,20.33333396911621,48.66666793823242,0,1,1,1,-20832.0,2,0.0,0.0,6138.898572979842,48.66666793823242
135381,2,1,1,71.66666603088379,53.33333206176758,35.833333015441895,31456.0,18.33333396911621,53.33333206176758,0.25581396462918626,18.33333396911621,53.33333206176758,0,1,1,1,-31456.0,2,4.50334907485529,4.50334907485529,8046.884071375684,53.33333206176758
139298,2,1,1,334.3333330154419,325.0,167.16666650772095,21072.0,9.333333015441895,325.0,0.027916250321982746,9.333333015441895,325.0,0,1,1,1,-21072.0,2,4.50334907485529,4.50334907485529,588.2512267848205,325.0
156871,2,1,1,85.66666412353516,66.66666412353516,42.83333206176758,18848.0,19.0,66.66666412353516,0.22178988985261702,19.0,66.66666412353516,0,1,1,1,-18848.0,2,4.503324074780762,4.503324074780761,4180.295843942125,66.66666412353516
83432,3,1,2,209.9999942779541,148.3333282470703,69.99999809265137,28624.0,19.33333396911621,190.6666603088379,0.09206349759956081,19.33333396911621,148.3333282470703,0,1,1,1,-28624.0,3,6.004466666666669,4.245799097408585,2649.7398409636317,148.3333282470703
52631,3,2,1,506.0000104904175,403.3333435058594,168.6666701634725,175072.0,415.0000104904175,91.0,0.8201581064952896,403.3333435058594,91.0,0,1,1,1,-50144.0,3,10.82466650700047,8.491572879953134,44006.429718246145,91.0
86945,2,1,1,125.0,101.0,62.5,25144.0,24.0,101.0,0.192,24.0,101.0,0,1,1,1,-25144.0,2,0.0,0.0,4827.648,101.0
134223,2,1,1,260.6666717529297,240.6666717529297,130.33333587646484,25032.0,20.0,240.6666717529297,0.07672634121387333,20.0,240.6666717529297,0,1,1,1,-25032.0,2,4.503300000000001,4.5033,1920.613773265677,240.6666717529297
21930,3,1,2,182.99999809265137,123.66666412353516,60.999999364217125,23040.0,21.66666603088379,161.33333206176758,0.11839708336999073,21.66666603088379,123.66666412353516,0,1,1,1,-23040.0,3,5.2000299359181055,5.200010334818789,2733.2749938680827,37.66666793823242
119905,3,1,2,1179.6666660308838,596.3333129882812,393.2222220102946,153248.0,22.66666603088379,1157.0,0.01921446683506642,22.66666603088379,596.3333129882812,0,1,1,1,-153248.0,2,4.5033,4.5033,68445.14954785886,596.3333129882812
126378,2,1,1,118.66666889190674,107.33333587646484,59.33333444595337,125856.0,11.333333015441895,107.33333587646484,0.09550561350774418,11.333333015441895,107.33333587646484,0,1,1,1,-125856.0,2,7.8,7.8,12019.954493630652,107.33333587646484
100024,2,1,1,82.99999809265137,58.33333206176758,41.499999046325684,20600.0,24.66666603088379,58.33333206176758,0.29718875418947416,24.66666603088379,58.33333206176758,0,1,1,1,-20600.0,2,4.503350000000001,4.503349999999999,6122.088336303167,58.33333206176758
104312,2,1,1,66.33333396911621,46.0,33.166666984558105,23872.0,20.33333396911621,46.0,0.306532669963236,20.33333396911621,46.0,0,1,1,1,-23872.0,2,4.503349074855292,4.503349074855291,7317.547897362369,46.0
101879,2,1,1,120.0,101.0,60.0,75024.0,19.0,101.0,0.15833333333333333,19.0,101.0,0,1,1,1,-75024.0,2,4.503350000000001,4.503349999999999,11878.8,101.0
126453,2,1,1,93.66666603088379,69.0,46.833333015441895,14632.0,24.66666603088379,69.0,0.2633451907293326,24.66666603088379,69.0,0,1,1,1,-14632.0,2,4.50335,4.50335,3853.2668307515946,69.0
94079,3,2,1,272.0000057220459,175.6666717529297,90.6666685740153,18288.0,96.33333396911621,175.6666717529297,0.3541666615535232,74.0,175.6666717529297,0,1,1,1,-552.0,3,6.0044320997076825,4.245774654877482,1651.7647138813375,175.6666717529297
130267,2,1,1,408.0,384.0,204.0,29720.0,24.0,384.0,0.058823529411764705,24.0,384.0,0,1,1,1,-29720.0,2,4.503324074780762,4.503324074780761,1748.235294117647,384.0
52252,3,1,2,394.9999885559082,330.6666564941406,131.6666628519694,151088.0,24.0,370.9999885559082,0.060759495431233525,24.0,330.6666564941406,0,1,1,1,-151088.0,3,5.200000000000001,5.199981467274667,108470.44059443724,40.33333206176758
158818,2,1,1,285.0,262.0,142.5,15544.0,23.0,262.0,0.08070175438596491,23.0,262.0,0,1,1,1,-15544.0,2,4.503300000000001,4.5033,1254.4280701754385,262.0
39147,2,1,1,177.0,154.0,88.5,100584.0,23.0,154.0,0.12994350282485875,23.0,154.0,0,1,1,1,-100584.0,2,7.800001602563939,7.800001602563938,13070.237288135593,154.0
146585,4,1,3,2357.66672706604,1446.3333740234375,589.41668176651,172440.0,18.66666603088379,2339.0000610351562,0.00791743201725259,18.66666603088379,1446.3333740234375,0,1,1,1,-172440.0,4,5.9573808331031675,5.034886355408133,126830.03805801799,284.0
130049,3,1,2,411.00000953674316,306.3333435058594,137.0000031789144,140792.0,22.66666603088379,388.3333435058594,0.05515003772489548,22.66666603088379,306.3333435058594,0,1,1,1,-140792.0,3,13.086373077408085,9.957235157188745,100729.02567394689,82.0
137027,4,1,3,918.333345413208,610.6666870117188,229.583336353302,153720.0,22.66666603088379,895.6666793823242,0.02468239462728518,22.66666603088379,610.6666870117188,0,1,1,1,-153720.0,3,7.943143646427262,6.713174905280577,97469.98047090892,216.3333282470703
136015,5,2,3,838.333330154419,428.6666564941406,167.6666660308838,105600.0,254.0000057220459,584.333324432373,0.3029821153302586,231.6666717529297,428.6666564941406,0,1,1,1,-38816.0,5,10.02940911968397,6.739979696705325,29810.50076003672,428.6666564941406
15985,3,1,2,227.6666660308838,122.66666412353516,75.88888867696126,28520.0,18.66666603088379,209.0,0.08199121266330482,18.66666603088379,122.66666412353516,0,1,1,1,-28520.0,3,6.0044666666666675,4.245799097408586,7395.52571223114,122.66666412353516
112081,3,1,2,307.99999809265137,212.0,102.66666603088379,159296.0,20.33333396911621,287.66666412353516,0.06601731849037096,20.33333396911621,212.0,0,1,1,1,-159296.0,3,10.82466650700047,8.491572879953134,44646.87391706488,212.0
150298,3,1,2,535.6666812896729,375.3333435058594,178.55556042989096,157080.0,24.66666603088379,511.00001525878906,0.04604853520382534,24.66666603088379,375.3333435058594,0,1,1,1,-157080.0,3,7.943143646427264,6.713174905280577,104151.98466243916,135.6666717529297
65515,2,1,1,301.6666660308838,280.0,150.8333330154419,16776.0,21.66666603088379,280.0,0.0718232024636942,21.66666603088379,280.0,0,1,1,1,-16776.0,2,4.503350000000005,4.503350000000001,1204.906044530934,280.0
8471,3,1,2,353.00000953674316,186.6666717529297,117.66666984558105,17472.0,17.66666603088379,335.3333435058594,0.050047211199989776,17.66666603088379,186.6666717529297,0,1,1,1,-17472.0,3,5.2000299359181055,5.20001033481879,878.6552801306382,148.6666717529297
17254,2,1,1,2042.6666259765625,2033.6666259765625,1021.3333129882812,92232.0,9.0,2033.6666259765625,0.004406005309700138,9.0,2033.6666259765625,0,1,1,1,-92232.0,2,9.006673149531961,9.006673149531961,406.3746817242631,2033.6666259765625
135432,3,1,2,384.6666736602783,291.3333435058594,128.22222455342612,21688.0,22.66666603088379,362.00000762939453,0.05892547387898243,22.66666603088379,291.3333435058594,0,1,1,1,-21688.0,3,6.004466666666662,4.245799097408584,1344.6238588454405,70.66666412353516
15013,2,1,1,90.99999713897705,79.66666412353516,45.499998569488525,65552.0,11.333333015441895,79.66666412353516,0.1245421249643931,11.333333015441895,79.66666412353516,0,1,1,1,-65552.0,2,0.0,0.0,8163.985375665897,79.66666412353516
16422,2,1,1,160.3333330154419,148.0,80.16666650772095,180080.0,12.333333015441895,148.0,0.07692307509290072,12.333333015441895,148.0,0,1,1,1,-180080.0,2,4.503350000000001,4.50335,13852.307362729562,148.0
145243,2,1,1,95.66666984558105,73.33333587646484,47.83333492279053,31192.0,22.33333396911621,73.33333587646484,0.23344947624042137,22.33333396911621,73.33333587646484,0,1,1,1,-31192.0,2,0.0,0.0,7281.756062891223,73.33333587646484
84990,2,1,1,98.00000190734863,79.33333587646484,49.000000953674316,19448.0,18.66666603088379,79.33333587646484,0.1904761802814215,18.66666603088379,79.33333587646484,0,1,1,1,-19448.0,2,4.503350000000001,4.503349999999999,3704.3807541130855,79.33333587646484
150482,2,1,1,246.66666173934937,239.3333282470703,123.33333086967468,117672.0,7.333333492279053,239.3333282470703,0.029729730967973798,7.333333492279053,239.3333282470703,0,1,1,1,-117672.0,2,9.00665,9.006649999999999,3498.356902463413,239.3333282470703
60718,2,1,1,380.6666564941406,359.6666564941406,190.3333282470703,16392.0,21.0,359.6666564941406,0.055166376255292644,21.0,359.6666564941406,0,1,1,1,-16392.0,2,4.503300000000003,4.503299999999999,904.287239576757,359.6666564941406
1054,2,1,1,94.00000286102295,83.33333587646484,47.000001430511475,51368.0,10.666666984558105,83.33333587646484,0.11347517723301084,10.666666984558105,83.33333587646484,0,1,1,1,-51368.0,2,7.800001602563938,7.800001602563937,5828.992904105301,83.33333587646484
8024,2,1,1,579.6666870117188,560.6666870117188,289.8333435058594,17032.0,19.0,560.6666870117188,0.03277745715895502,19.0,560.6666870117188,0,1,1,1,-17032.0,2,4.50335,4.50335,558.2656503313219,560.6666870117188
45954,2,1,1,202.3333282470703,192.3333282470703,101.16666412353516,59760.0,10.0,192.3333282470703,0.04942339498211064,10.0,192.3333282470703,0,1,1,1,-59760.0,2,9.00665,9.00665,2953.542084130932,192.3333282470703
67558,4,1,3,331.6666622161865,208.3333282470703,82.91666555404663,83432.0,22.33333396911621,309.3333282470703,0.06733668623757828,22.33333396911621,208.3333282470703,0,1,1,1,-83432.0,3,6.0044,4.245751956956506,48210.709314721964,49.66666793823242
154107,2,1,1,74.0,64.0,37.0,37040.0,10.0,64.0,0.13513513513513514,10.0,64.0,0,1,1,1,-37040.0,2,4.503324074780764,4.503324074780761,5005.405405405405,64.0
92841,2,1,1,540.6666870117188,516.6666870117188,270.3333435058594,23920.0,24.0,516.6666870117188,0.0443896407464065,24.0,516.6666870117188,0,1,1,1,-23920.0,2,0.0,0.0,1061.8002066540434,516.6666870117188
104386,2,1,1,216.0000057220459,195.6666717529297,108.00000286102295,15640.0,20.33333396911621,195.6666717529297,0.0941358029188279,20.33333396911621,195.6666717529297,0,1,1,1,-15640.0,2,4.50334907485529,4.50334907485529,1472.2839576504682,195.6666717529297
40612,2,1,1,432.3333225250244,409.6666564941406,216.1666612625122,18768.0,22.66666603088379,409.6666564941406,0.052428681412989606,22.66666603088379,409.6666564941406,0,1,1,1,-18768.0,2,0.0,0.0,983.981492758989,409.6666564941406
37309,2,1,1,66.66666603088379,46.0,33.333333015441895,82344.0,20.66666603088379,46.0,0.3099999934196472,20.66666603088379,46.0,0,1,1,1,-82344.0,2,4.503324074780762,4.503324074780761,25526.639458147427,46.0
38700,4,1,3,539.9999980926514,202.6666717529297,134.99999952316284,191192.0,21.33333396911621,518.6666641235352,0.0395061741564227,21.33333396911621,202.6666717529297,0,1,1,1,-191192.0,4,10.318447690938061,7.467929857857197,76343.84385715006,117.66666412353516
144509,2,1,1,134.3333339691162,113.0,67.1666669845581,15408.0,21.33333396911621,113.0,0.15880893698373355,21.33333396911621,113.0,0,1,1,1,-15408.0,2,4.50334907485529,4.50334907485529,2446.9281010453665,113.0
29711,3,1,2,543.6666660308838,263.6666564941406,181.2222220102946,84128.0,19.66666603088379,524.0,0.03617412517574987,19.66666603088379,263.6666564941406,0,1,1,1,-84128.0,3,9.006666666666664,9.006665433012497,31145.85020843666,263.6666564941406
80172,2,1,1,538.999979019165,518.3333129882812,269.4999895095825,25104.0,20.66666603088379,518.3333129882812,0.03834261008412572,20.66666603088379,518.3333129882812,0,1,1,1,-25104.0,2,4.503324074780761,4.50332407478076,962.5528835518921,518.3333129882812
7121,2,1,1,461.6666660308838,441.0,230.8333330154419,28504.0,20.66666603088379,441.0,0.044765341644790235,20.66666603088379,441.0,0,1,1,1,-28504.0,2,0.0,0.0,1275.991298243101,441.0
87099,3,1,2,323.0,261.0,107.66666666666667,40328.0,7.0,316.0,0.021671826625386997,7.0,261.0,0,1,1,1,-40328.0,2,9.00665,9.006649999999999,4060.235294117647,261.0
138409,2,1,1,134.00000190734863,111.33333587646484,67.00000095367432,25424.0,22.66666603088379,111.33333587646484,0.16915422170334116,22.66666603088379,111.33333587646484,0,1,1,1,-25424.0,2,4.503324074780762,4.503324074780761,4300.576932585745,111.33333587646484
128829,2,1,1,238.6666717529297,228.6666717529297,119.33333587646484,47568.0,10.0,228.6666717529297,0.04189944044785653,10.0,228.6666717529297,0,1,1,1,-47568.0,2,9.00665,9.00665,1993.0725832236394,228.6666717529297
142253,2,1,1,96.66666889190674,88.33333587646484,48.33333444595337,66696.0,8.333333015441895,88.33333587646484,0.08620689127873309,8.333333015441895,88.33333587646484,0,1,1,1,-66696.0,2,7.800001602563937,7.800001602563937,5749.654820726382,88.33333587646484
119541,3,1,2,400.3333339691162,285.0,133.44444465637207,15504.0,24.33333396911621,376.0,0.060782682590686817,24.33333396911621,285.0,0,1,1,1,-15504.0,3,6.004466666666673,4.245799097408586,982.2414885079569,91.0
82022,2,1,1,109.33333587646484,82.33333587646484,54.66666793823242,16208.0,27.0,82.33333587646484,0.24695121376802365,27.0,82.33333587646484,0,1,1,1,-16208.0,2,0.0,0.0,4002.5852727521274,82.33333587646484
159736,2,1,1,372.0000104904175,361.3333435058594,186.00000524520874,110456.0,10.666666984558105,361.3333435058594,0.028673835171391406,10.666666984558105,361.3333435058594,0,1,1,1,-110456.0,2,4.503350000000001,4.503349999999999,3167.1971376912093,361.3333435058594
51897,2,1,1,88.66666412353516,68.66666412353516,44.33333206176758,21392.0,20.0,68.66666412353516,0.2255639162440455,20.0,68.66666412353516,0,1,1,1,-21392.0,2,4.503324074780761,4.503324074780761,4825.263296292622,68.66666412353516
162561,2,1,1,94.33333110809326,84.66666412353516,47.16666555404663,183128.0,9.666666984558105,84.66666412353516,0.10247350402034897,9.666666984558105,84.66666412353516,0,1,1,1,-183128.0,2,7.800001602563938,7.800001602563938,18765.767844238468,84.66666412353516
63889,2,1,1,127.99999809265137,104.66666412353516,63.999999046325684,155880.0,23.33333396911621,104.66666412353516,0.182291674350078,23.33333396911621,104.66666412353516,0,1,1,1,-155880.0,2,9.00665,9.006649999999999,28415.626197690162,104.66666412353516
130584,2,1,1,184.99999523162842,175.3333282470703,92.49999761581421,175248.0,9.666666984558105,175.3333282470703,0.05225225531738527,9.666666984558105,175.3333282470703,0,1,1,1,-175248.0,2,9.00665,9.006649999999999,9157.103239861133,175.3333282470703
110728,2,1,1,576.6666469573975,553.3333129882812,288.33332347869873,13808.0,23.33333396911621,553.3333129882812,0.040462430231100244,23.33333396911621,553.3333129882812,0,1,1,1,-13808.0,2,4.503324074780762,4.503324074780761,558.7052366310322,553.3333129882812
83861,2,1,1,510.0,487.0,255.0,21160.0,23.0,487.0,0.045098039215686274,23.0,487.0,0,1,1,1,-21160.0,2,4.503349074855292,4.503349074855291,954.2745098039215,487.0
96093,3,1,2,661.000018119812,578.6666870117188,220.33333937327066,145200.0,12.666666984558105,648.3333511352539,0.01916288447402457,12.666666984558105,578.6666870117188,0,1,1,1,-145200.0,3,13.086362314171872,11.233273757408785,42471.455671628326,69.66666412353516
69840,3,1,2,655.3333358764648,540.0,218.44444529215494,46888.0,22.0,633.3333358764648,0.03357070180258183,22.0,540.0,0,1,1,1,-46888.0,3,12.008897532709284,8.491572879953134,27764.33763386313,93.33333587646484
8717,2,1,1,150.6666660308838,127.0,75.3333330154419,19880.0,23.66666603088379,127.0,0.1570796424607456,23.66666603088379,127.0,0,1,1,1,-19880.0,2,4.503350000000005,4.503350000000001,3122.7432921196223,127.0
135183,2,1,1,277.6666774749756,256.3333435058594,138.8333387374878,20448.0,21.33333396911621,256.3333435058594,0.07683073159197813,21.33333396911621,256.3333435058594,0,1,1,1,-20448.0,2,4.503324074780764,4.503324074780762,1571.0347995927689,256.3333435058594
28644,2,1,1,752.6666469573975,733.3333129882812,376.33332347869873,58720.0,19.33333396911621,733.3333129882812,0.025686449701564255,19.33333396911621,733.3333129882812,0,1,1,1,-58720.0,2,7.800001602563939,7.800001602563938,1508.3083264758532,733.3333129882812
31724,2,1,1,130.33333587646484,110.33333587646484,65.16666793823242,35920.0,20.0,110.33333587646484,0.15345268242774665,20.0,110.33333587646484,0,1,1,1,-35920.0,2,4.503324074780761,4.503324074780761,5512.02035280466,110.33333587646484
9012,4,2,2,384.99999046325684,288.6666564941406,96.24999761581421,18288.0,310.99999046325684,74.0,0.8077922030310744,288.6666564941406,43.0,0,1,1,1,-576.0,3,6.004466666666667,4.245799097408585,1496.311740357826,31.0
115258,2,1,1,236.66666221618652,217.3333282470703,118.33333110809326,65272.0,19.33333396911621,217.3333282470703,0.08169014506764752,19.33333396911621,217.3333282470703,0,1,1,1,-65272.0,2,4.503324074780764,4.503324074780761,5332.079148855489,217.3333282470703
3307,3,1,2,551.3333377838135,338.0,183.77777926127115,69752.0,21.66666603088379,529.6666717529297,0.03929866842077239,21.66666603088379,338.0,0,1,1,1,-69752.0,3,5.200029935918105,5.200010334818789,18348.89982287362,338.0
87683,2,1,1,128.00000286102295,118.33333587646484,64.00000143051147,17336.0,9.666666984558105,118.33333587646484,0.07552083412883802,9.666666984558105,118.33333587646484,0,1,1,1,-17336.0,2,4.503324074780762,4.503324074780761,1309.229180457536,118.33333587646484
18646,2,1,1,80.0,60.0,40.0,30576.0,20.0,60.0,0.25,20.0,60.0,0,1,1,1,-30576.0,2,4.50335,4.50335,7644.0,60.0
74227,2,1,1,435.3333225250244,412.6666564941406,217.6666612625122,19240.0,22.66666603088379,412.6666564941406,0.0520673811492591,22.66666603088379,412.6666564941406,0,1,1,1,-19240.0,2,4.503324074780761,4.50332407478076,1001.7764133117452,412.6666564941406
25111,2,1,1,93.33333396911621,72.0,46.666666984558105,21928.0,21.33333396911621,72.0,0.22857143382636866,21.33333396911621,72.0,0,1,1,1,-21928.0,2,0.0,0.0,5012.114400944612,72.0
93897,2,1,1,108.66666412353516,86.66666412353516,54.33333206176758,31696.0,22.0,86.66666412353516,0.2024539924681024,22.0,86.66666412353516,0,1,1,1,-31696.0,2,4.50335,4.50335,6416.981745268974,86.66666412353516
46376,4,2,2,819.3333549499512,452.3333435058594,204.8333387374878,152992.0,53.66666793823242,765.6666870117188,0.06550040665866781,30.33333396911621,452.3333435058594,0,1,1,1,-432.0,4,8.118515672368932,5.957352660578355,56945.660209531256,452.3333435058594
25523,2,1,1,443.6666660308838,423.0,221.8333330154419,18144.0,20.66666603088379,423.0,0.046581516289630774,20.66666603088379,423.0,0,1,1,1,-18144.0,2,4.503350000000001,4.50335,845.1750315590607,423.0
27113,4,1,3,637.6666717529297,279.0,159.41666793823242,127488.0,21.0,616.6666717529297,0.03293256638655981,21.0,279.0,0,1,1,1,-127488.0,4,11.258335186901524,7.467940746074182,89235.64674092967,92.0
97374,2,1,1,76.00000286102295,66.33333587646484,38.000001430511475,33032.0,9.666666984558105,66.33333587646484,0.1271929818507377,9.666666984558105,66.33333587646484,0,1,1,1,-33032.0,2,7.800000000000001,7.8,4201.438576493568,66.33333587646484
149841,2,1,1,344.99999046325684,322.6666564941406,172.49999523162842,16592.0,22.33333396911621,322.6666564941406,0.06473430314919024,22.33333396911621,322.6666564941406,0,1,1,1,-16592.0,2,4.503299999999999,4.503299999999999,1074.0715578513646,322.6666564941406
148863,2,1,1,464.6666774749756,444.3333435058594,232.3333387374878,14864.0,20.33333396911621,444.3333435058594,0.0437589673518417,20.33333396911621,444.3333435058594,0,1,1,1,-14864.0,2,4.503299999999999,4.503299999999999,650.433290717775,444.3333435058594
23476,2,1,1,177.6666660308838,156.0,88.8333330154419,35776.0,21.66666603088379,156.0,0.12195121637008415,21.66666603088379,156.0,0,1,1,1,-35776.0,2,0.0,0.0,4362.926716856131,156.0
150261,2,1,1,391.99999046325684,368.6666564941406,195.99999523162842,20016.0,23.33333396911621,368.6666564941406,0.05952381259382532,23.33333396911621,368.6666564941406,0,1,1,1,-20016.0,2,4.503300000000001,4.5033,1191.4286328780074,368.6666564941406
50702,2,1,1,50.66666507720947,35.33333206176758,25.333332538604736,126592.0,15.333333015441895,35.33333206176758,0.30263158216700997,15.333333015441895,35.33333206176758,0,1,1,1,-126592.0,2,7.800001602563937,7.800001602563937,38310.73724968613,35.33333206176758
52025,2,1,1,88.66666412353516,76.66666412353516,44.33333206176758,13912.0,12.0,76.66666412353516,0.1353383497464273,12.0,76.66666412353516,0,1,1,1,-13912.0,2,9.006648149561524,9.006648149561522,1882.8271216722967,76.66666412353516
134262,2,1,1,168.0,147.0,84.0,25776.0,21.0,147.0,0.125,21.0,147.0,0,1,1,1,-25776.0,2,4.50335,4.50335,3222.0,147.0
31329,2,1,1,228.33333778381348,208.6666717529297,114.16666889190674,30432.0,19.66666603088379,208.6666717529297,0.08613138239806328,19.66666603088379,208.6666717529297,0,1,1,1,-30432.0,2,4.503300000000001,4.5033,2621.1502291378615,208.6666717529297
23902,2,1,1,253.3333387374878,244.6666717529297,126.6666693687439,120520.0,8.666666984558105,244.6666717529297,0.03421052684083869,8.666666984558105,244.6666717529297,0,1,1,1,-120520.0,2,9.006673149531961,9.006673149531961,4123.052694857879,244.6666717529297
58331,2,1,1,377.6666564941406,353.6666564941406,188.8333282470703,19368.0,24.0,353.6666564941406,0.06354810409473453,24.0,353.6666564941406,0,1,1,1,-19368.0,2,4.503324074780762,4.50332407478076,1230.7996801068186,353.6666564941406
96672,2,1,1,126.33333015441895,102.66666412353516,63.16666507720947,29200.0,23.66666603088379,102.66666412353516,0.187335092029599,23.66666603088379,102.66666412353516,0,1,1,1,-29200.0,2,0.0,0.0,5470.184687264291,102.66666412353516
77401,2,1,1,365.33332347869873,355.6666564941406,182.66666173934937,105960.0,9.666666984558105,355.6666564941406,0.026459855598477137,9.666666984558105,355.6666564941406,0,1,1,1,-105960.0,2,4.503324074780762,4.503324074780761,2803.6862992146375,355.6666564941406
10730,2,1,1,120.00000190734863,103.33333587646484,60.000000953674316,16152.0,16.66666603088379,103.33333587646484,0.13888888138311892,16.66666603088379,103.33333587646484,0,1,1,1,-16152.0,2,4.50334907485529,4.50334907485529,2243.3332121001367,103.33333587646484
143453,2,1,1,134.99999809265137,115.66666412353516,67.49999904632568,185272.0,19.33333396911621,115.66666412353516,0.14320988327605472,19.33333396911621,115.66666412353516,0,1,1,1,-185272.0,2,7.800000000000001,7.800000000000001,26532.781494321207,115.66666412353516
17052,2,1,1,347.6666774749756,326.3333435058594,173.8333387374878,16512.0,21.33333396911621,326.3333435058594,0.06136145725571225,21.33333396911621,326.3333435058594,0,1,1,1,-16512.0,2,4.50335,4.50335,1013.2003822063207,326.3333435058594
155918,3,1,2,1630.9999599456787,1385.6666259765625,543.6666533152262,155744.0,27.33333396911621,1603.6666259765625,0.016758635585758422,27.33333396911621,1385.6666259765625,0,1,1,1,-155744.0,3,13.086392902935474,9.957256001864502,6660.499713346309,1385.6666259765625
132891,2,1,1,170.66666221618652,148.3333282470703,85.33333110809326,15496.0,22.33333396911621,148.3333282470703,0.1308593821377146,22.33333396911621,148.3333282470703,0,1,1,1,-15496.0,2,4.503349074855292,4.50334907485529,2027.7969856060256,148.3333282470703
163885,2,1,1,615.3333530426025,592.6666870117188,307.66667652130127,18712.0,22.66666603088379,592.6666870117188,0.0368364008204744,22.66666603088379,592.6666870117188,0,1,1,1,-18712.0,2,4.50335,4.50335,689.282732152717,592.6666870117188
121319,3,1,2,407.3333282470703,233.0,135.77777608235678,96200.0,22.0,385.3333282470703,0.05400982064167304,22.0,233.0,0,1,1,1,-96200.0,2,0.0,0.0,51148.989182055346,152.3333282470703
161519,6,1,5,781.666654586792,261.6666564941406,130.27777576446533,124840.0,20.66666603088379,760.9999885559082,0.0264392320046052,20.66666603088379,261.6666564941406,0,1,1,1,-124840.0,6,20.306665036140227,13.000004561281251,59681.81409073565,184.6666717529297
38750,2,1,1,514.6666660308838,490.0,257.3333330154419,22408.0,24.66666603088379,490.0,0.04792745996377315,24.66666603088379,490.0,0,1,1,1,-22408.0,2,0.0,0.0,1073.9585228682288,490.0
43876,3,1,2,702.0,548.0,234.0,156768.0,22.0,680.0,0.03133903133903134,22.0,548.0,0,1,1,1,-156768.0,3,7.943149246433122,6.713167451773831,113107.82905982906,132.0
40410,3,1,2,636.000002861023,531.0,212.00000095367432,53424.0,14.666666984558105,621.3333358764648,0.02306079704179345,14.666666984558105,531.0,0,1,1,1,-53424.0,3,16.71566989238275,13.426347603706509,4294.243280178751,531.0
162370,3,1,2,762.3333492279053,541.6666870117188,254.11111640930176,144568.0,23.33333396911621,739.0000152587891,0.030607783317820634,23.33333396911621,541.6666870117188,0,1,1,1,-144568.0,3,13.086399842584665,9.95726028316357,36603.61199540654,541.6666870117188
73976,3,1,2,824.3333435058594,415.3333435058594,274.7777811686198,153904.0,22.0,802.3333435058594,0.02668823258614629,22.0,415.3333435058594,0,1,1,1,-153904.0,3,6.004432099707681,4.245774654877482,65164.953380333856,387.0
44716,4,1,3,738.3333330154419,339.0,184.58333325386047,193176.0,11.333333015441895,727.0,0.01534988670923904,11.333333015441895,339.0,0,1,1,1,-193176.0,4,8.118492946507992,5.95734233719198,29123.723631398447,112.0
141250,2,1,1,58.33333396911621,35.66666793823242,29.166666984558105,44048.0,22.66666603088379,35.66666793823242,0.3885714134372012,22.66666603088379,35.66666793823242,0,1,1,1,-44048.0,2,4.50332407478076,4.50332407478076,17115.79361908184,35.66666793823242
156516,2,1,1,84.66666412353516,69.66666412353516,42.33333206176758,17832.0,15.0,69.66666412353516,0.17716535965222216,15.0,69.66666412353516,0,1,1,1,-17832.0,2,4.503324074780762,4.503324074780761,3159.2126933184254,69.66666412353516
106061,2,1,1,578.6666870117188,554.6666870117188,289.3333435058594,14144.0,24.0,554.6666870117188,0.04147465291969359,24.0,554.6666870117188,0,1,1,1,-14144.0,2,4.503324074780761,4.503324074780761,586.6174908961461,554.6666870117188
18369,2,1,1,405.3333339691162,385.0,202.6666669845581,17480.0,20.33333396911621,385.0,0.05016447517406866,20.33333396911621,385.0,0,1,1,1,-17480.0,2,4.50334907485529,4.50334907485529,876.8750260427202,385.0
69380,3,1,2,211.99999618530273,147.3333282470703,70.6666653951009,190384.0,20.0,191.99999618530273,0.09433962433904296,20.0,147.3333282470703,0,1,1,1,-190384.0,3,5.200029935918105,5.200010334818789,138879.7215950394,44.66666793823242
150880,2,1,1,416.3333339691162,392.0,208.1666669845581,14728.0,24.33333396911621,392.0,0.05844675884377125,24.33333396911621,392.0,0,1,1,1,-14728.0,2,4.50335,4.50335,860.8038642510629,392.0
60903,6,2,4,5742.6668491363525,2448.666748046875,957.1111415227255,78856.0,1223.0000400543213,4519.666809082031,0.2129672628037355,1200.3333740234375,2448.666748046875,0,1,1,1,-51280.0,6,13.086399842584667,8.4915733161372,14496.949511087545,2448.666748046875
19252,4,2,2,392.0,197.3333282470703,98.0,180184.0,55.0,337.0,0.14030612244897958,31.33333396911621,197.3333282470703,0,1,1,1,-119128.0,3,10.824666507000469,8.491572879953134,62673.98783500827,197.3333282470703
67075,2,1,1,52.66666603088379,31.66666603088379,26.333333015441895,31848.0,21.0,31.66666603088379,0.39873418202863986,21.0,31.66666603088379,0,1,1,1,-31848.0,2,7.8,7.799999999999999,12698.886229248123,31.66666603088379
47246,2,1,1,273.6666660308838,251.0,136.8333330154419,36888.0,22.66666603088379,251.0,0.08282582003730704,22.66666603088379,251.0,0,1,1,1,-36888.0,2,4.503324074780764,4.503324074780761,3055.2788495361824,251.0
98114,2,1,1,289.3333225250244,267.6666564941406,144.6666612625122,15608.0,21.66666603088379,267.6666564941406,0.07488479322671118,21.66666603088379,267.6666564941406,0,1,1,1,-15608.0,2,4.503324074780761,4.50332407478076,1168.801852682508,267.6666564941406
122693,2,1,1,322.6666660308838,300.0,161.3333330154419,16344.0,22.66666603088379,300.0,0.07024793205231267,22.66666603088379,300.0,0,1,1,1,-16344.0,2,4.50335,4.50335,1148.1322014629982,300.0
141342,3,1,2,251.00000190734863,191.0,83.66666730244954,62528.0,24.33333396911621,226.66666793823242,0.09694555292512846,24.33333396911621,191.0,0,1,1,1,-62528.0,3,7.94312918250736,6.713166348303906,20215.596286305612,35.66666793823242
151931,4,2,2,1135.6666946411133,649.6666870117188,283.9166736602783,21144.0,126.66666412353516,1009.0000305175781,0.1115350698591752,117.66666412353516,649.6666870117188,0,1,1,1,-504.0,4,9.8147998819385,8.11850052180204,238.08863461306626,359.3333435058594
98587,2,1,1,88.33333396911621,67.0,44.166666984558105,136808.0,21.33333396911621,67.0,0.24150943942153183,21.33333396911621,67.0,0,1,1,1,-136808.0,2,4.50335,4.50335,33040.42338838093,67.0
124450,3,1,2,416.99999809265137,348.0,138.99999936421713,107032.0,24.66666603088379,392.3333320617676,0.059152676603617664,24.66666603088379,348.0,0,1,1,1,-107032.0,3,7.943143646427262,6.713174905280577,19937.44517181106,44.33333206176758
86301,2,1,1,132.66666984558105,116.33333587646484,66.33333492279053,127080.0,16.33333396911621,116.33333587646484,0.12311557973172606,16.33333396911621,116.33333587646484,0,1,1,1,-127080.0,2,9.00665,9.006649999999999,15645.527872307746,116.33333587646484
54588,2,1,1,383.3333225250244,360.6666564941406,191.6666612625122,34368.0,22.66666603088379,360.6666564941406,0.05913043479126207,22.66666603088379,360.6666564941406,0,1,1,1,-34368.0,2,0.0,0.0,2032.194782906095,360.6666564941406
38108,3,1,2,490.00000190734863,396.0,163.3333339691162,160400.0,20.66666603088379,469.33333587646484,0.04217686928660774,20.66666603088379,396.0,0,1,1,1,-160400.0,3,10.4,7.353910524340095,117166.73675076723,73.33333587646484
75431,2,1,1,311.00000953674316,288.3333435058594,155.50000476837158,16832.0,22.66666603088379,288.3333435058594,0.0728831682823657,22.66666603088379,288.3333435058594,0,1,1,1,-16832.0,2,0.0,0.0,1226.7694885287794,288.3333435058594
129719,2,1,1,349.0,325.0,174.5,15032.0,24.0,325.0,0.06876790830945559,24.0,325.0,0,1,1,1,-15032.0,2,4.503350000000005,4.503350000000001,1033.7191977077364,325.0
40846,3,1,2,404.6666564941406,239.3333282470703,134.88888549804688,24864.0,19.0,385.6666564941406,0.04695222523300511,19.0,239.3333282470703,0,1,1,1,-24864.0,3,7.943143646427263,6.713174905280577,3580.112032495641,239.3333282470703
135147,2,1,1,210.33333778381348,189.6666717529297,105.16666889190674,125176.0,20.66666603088379,189.6666717529297,0.09825673023895798,20.66666603088379,189.6666717529297,0,1,1,1,-125176.0,2,7.800001602563937,7.800001602563937,12299.384464391804,189.6666717529297
46942,3,1,2,600.3333339691162,294.3333435058594,200.11111132303873,16072.0,21.33333396911621,579.0,0.03553581445839503,21.33333396911621,294.3333435058594,0,1,1,1,-16072.0,3,6.004466666666666,4.245799097408586,574.9250579201466,294.3333435058594
17694,2,1,1,462.3333225250244,440.6666564941406,231.1666612625122,33808.0,21.66666603088379,440.6666564941406,0.04686373439957067,21.66666603088379,440.6666564941406,0,1,1,1,-33808.0,2,4.503324074780761,4.503324074780761,1584.3691325806853,440.6666564941406
107980,6,1,5,782.3333339691162,397.0,130.3888889948527,185344.0,22.66666603088379,759.6666679382324,0.028973156385764576,22.66666603088379,397.0,0,1,1,1,-185344.0,6,17.697832920453223,11.530247122158984,128722.03809282732,39.0
2795,2,1,1,140.33333349227905,133.0,70.16666674613953,183296.0,7.333333492279053,133.0,0.052256533139950836,7.333333492279053,133.0,0,1,1,1,-183296.0,2,7.800001602563938,7.800001602563938,9578.413498420428,133.0
138019,2,1,1,59.33333206176758,50.33333206176758,29.66666603088379,14688.0,9.0,50.33333206176758,0.15168539650917903,9.0,50.33333206176758,0,1,1,1,-14688.0,2,7.800001602563938,7.800001602563937,2227.9551039268217,50.33333206176758
127593,2,1,1,365.6666564941406,343.6666564941406,182.8333282470703,55304.0,22.0,343.6666564941406,0.060164085538798706,22.0,343.6666564941406,0,1,1,1,-55304.0,2,4.503324074780764,4.503324074780761,3327.3145866377236,343.6666564941406
103278,2,1,1,311.6666774749756,289.3333435058594,155.8333387374878,23744.0,22.33333396911621,289.3333435058594,0.07165775356561628,22.33333396911621,289.3333435058594,0,1,1,1,-23744.0,2,4.50335,4.50335,1701.4417006619929,289.3333435058594
76217,2,1,1,292.6666660308838,276.0,146.3333330154419,32288.0,16.66666603088379,276.0,0.0569476061517885,16.66666603088379,276.0,0,1,1,1,-32288.0,2,4.503350000000001,4.503349999999999,1838.7243074289472,276.0
70454,2,1,1,271.6666660308838,247.0,135.8333330154419,78080.0,24.66666603088379,247.0,0.09079754388445882,24.66666603088379,247.0,0,1,1,1,-78080.0,2,9.006673149531965,9.006673149531963,7089.472226498545,247.0
131000,3,1,2,553.9999885559082,490.6666564941406,184.6666628519694,192792.0,23.0,530.9999885559082,0.04151624634497425,23.0,490.6666564941406,0,1,1,1,-192792.0,3,7.943149246433125,6.713167451773831,161998.9363752345,40.33333206176758
120178,2,1,1,294.66666650772095,288.0,147.33333325386047,10920.0,6.666666507720947,288.0,0.022624433861935536,6.666666507720947,288.0,0,1,1,1,-10920.0,2,7.800000000000001,7.8,247.05881777233603,288.0
151960,5,1,4,157.66666793823242,41.66666793823242,31.533333587646485,140672.0,14.0,143.66666793823242,0.08879492528810622,14.0,41.66666793823242,0,1,1,1,-140672.0,5,12.480019884615565,9.360007340467208,12664.507297374674,41.66666793823242
29744,2,1,1,509.0,486.0,254.5,15968.0,23.0,486.0,0.04518664047151277,23.0,486.0,0,1,1,1,-15968.0,2,4.503324074780764,4.503324074780762,721.540275049116,486.0
97097,5,3,2,714.0000171661377,415.3333435058594,142.80000343322754,68840.0,561.333345413208,152.6666717529297,0.7861811371393759,415.3333435058594,84.33333587646484,0,1,1,1,-624.0,5,13.5997683803806,8.638887400122773,40541.98312949106,68.33333587646484
27213,2,1,1,446.6666774749756,426.3333435058594,223.3333387374878,18376.0,20.33333396911621,426.3333435058594,0.0455223883815586,20.33333396911621,426.3333435058594,0,1,1,1,-18376.0,2,4.50335,4.50335,836.5194088995208,426.3333435058594
157218,3,1,2,1544.3333797454834,1308.3333740234375,514.7777932484945,118864.0,19.33333396911621,1525.0000457763672,0.012518886286264483,19.33333396911621,1308.3333740234375,0,1,1,1,-118864.0,3,16.71566989238275,13.42634760370651,1497.0239627134358,1308.3333740234375
951,2,1,1,312.3333225250244,289.6666564941406,156.1666612625122,22224.0,22.66666603088379,289.6666564941406,0.07257203889625871,22.66666603088379,289.6666564941406,0,1,1,1,-22224.0,2,4.5033,4.5033,1612.8409924304535,289.6666564941406
68217,2,1,1,1050.6666660308838,1027.0,525.3333330154419,80664.0,23.66666603088379,1027.0,0.022525380119167233,23.66666603088379,1027.0,0,1,1,1,-80664.0,2,9.006699999999999,9.006699999999999,1816.9872619325058,1027.0
121962,2,1,1,356.3333225250244,331.6666564941406,178.1666612625122,23120.0,24.66666603088379,331.6666564941406,0.06922357374856938,24.66666603088379,331.6666564941406,0,1,1,1,-23120.0,2,4.503324074780762,4.503324074780761,1600.4490250669242,331.6666564941406
22883,2,1,1,56.66666603088379,40.0,28.333333015441895,192216.0,16.66666603088379,40.0,0.2941176391390367,16.66666603088379,40.0,0,1,1,1,-192216.0,2,4.503324074780761,4.50332407478076,56534.11612474908,40.0
117739,4,1,3,811.0000076293945,428.3333435058594,202.75000190734863,16656.0,23.0,788.0000076293945,0.028360049055030822,23.0,428.3333435058594,0,1,1,1,-16656.0,4,5.957346886880518,5.034858611408567,1973.0735530352465,428.3333435058594
17169,2,1,1,316.3333225250244,292.6666564941406,158.1666612625122,27168.0,23.66666603088379,292.6666564941406,0.07481559590994899,23.66666603088379,292.6666564941406,0,1,1,1,-27168.0,2,0.0,0.0,2032.590109681494,292.6666564941406
136977,2,1,1,321.0,313.0,160.5,35776.0,8.0,313.0,0.024922118380062305,8.0,313.0,0,1,1,1,-35776.0,2,7.800001602563939,7.800001602563937,891.6137071651091,313.0
103275,2,1,1,390.00000953674316,368.3333435058594,195.00000476837158,16184.0,21.66666603088379,368.3333435058594,0.0555555525668327,21.66666603088379,368.3333435058594,0,1,1,1,-16184.0,2,4.503299999999999,4.503299999999999,899.1110627416205,368.3333435058594
24254,2,1,1,416.6666564941406,404.6666564941406,208.3333282470703,95672.0,12.0,404.6666564941406,0.028800000703125016,12.0,404.6666564941406,0,1,1,1,-95672.0,2,7.800001602563938,7.800001602563938,2755.3536672693767,404.6666564941406
90449,2,1,1,275.00000953674316,256.3333435058594,137.50000476837158,16128.0,18.66666603088379,256.3333435058594,0.06787878321287734,18.66666603088379,256.3333435058594,0,1,1,1,-16128.0,2,0.0,0.0,1094.7490156572856,256.3333435058594
97284,2,1,1,52.00000190734863,32.66666793823242,26.000000953674316,22520.0,19.33333396911621,32.66666793823242,0.371794870384111,19.33333396911621,32.66666793823242,0,1,1,1,-22520.0,2,0.0,0.0,8372.820481050181,32.66666793823242
3968,3,1,2,556.6666736602783,440.3333435058594,185.55555788675943,16528.0,21.66666603088379,535.0000076293945,0.03892215405750424,21.66666603088379,440.3333435058594,0,1,1,1,-16528.0,3,5.200000000000001,5.199981467274667,725.571231392862,94.66666412353516
81344,2,1,1,103.66666412353516,80.66666412353516,51.83333206176758,15968.0,23.0,80.66666412353516,0.2218649572112389,23.0,80.66666412353516,0,1,1,1,-15968.0,2,4.503324074780762,4.503324074780761,3542.7396367490624,80.66666412353516
150782,2,1,1,105.33333349227905,98.0,52.666666746139526,24616.0,7.333333492279053,98.0,0.06962025456847985,7.333333492279053,98.0,0,1,1,1,-24616.0,2,4.50335,4.50335,1713.7721864577002,98.0
156304,2,1,1,243.9999942779541,221.3333282470703,121.99999713897705,15744.0,22.66666603088379,221.3333282470703,0.09289617443622936,22.66666603088379,221.3333282470703,0,1,1,1,-15744.0,2,4.503324074780764,4.503324074780762,1462.557370323995,221.3333282470703
46727,2,1,1,86.66666412353516,66.66666412353516,43.33333206176758,73664.0,20.0,66.66666412353516,0.2307692375408829,20.0,66.66666412353516,0,1,1,1,-73664.0,2,7.800001602563937,7.800001602563937,16999.3851142116,66.66666412353516
84805,2,1,1,350.9999895095825,342.6666564941406,175.49999475479126,125208.0,8.333333015441895,342.6666564941406,0.023741690212256798,8.333333015441895,342.6666564941406,0,1,1,1,-125208.0,2,4.503324074780762,4.503324074780761,2972.6495480962494,342.6666564941406
155605,3,2,1,315.9999952316284,173.3333282470703,105.33333174387614,173672.0,181.99999523162842,134.0,0.5759493606897753,173.3333282470703,134.0,0,1,1,1,-384.0,3,5.200029935918106,5.20001033481879,4973.789273120018,134.0
51305,2,1,1,128.3333339691162,107.0,64.1666669845581,22000.0,21.33333396911621,107.0,0.16623377036437112,21.33333396911621,107.0,0,1,1,1,-22000.0,2,9.0067,9.0067,3657.1429480161646,107.0
107938,2,1,1,41.33333206176758,33.33333206176758,20.66666603088379,183744.0,8.0,33.33333206176758,0.1935483930510365,8.0,33.33333206176758,0,1,1,1,-183744.0,2,0.0,0.0,35563.35593276965,33.33333206176758
82818,2,1,1,81.33333110809326,72.66666412353516,40.66666555404663,149600.0,8.666666984558105,72.66666412353516,0.10655738387303934,8.666666984558105,72.66666412353516,0,1,1,1,-149600.0,2,9.006673149531963,9.006673149531963,15940.984627406684,72.66666412353516
79652,4,1,3,539.6666588783264,256.6666564941406,134.9166647195816,162512.0,7.666666507720947,531.9999923706055,0.014206300095795762,7.666666507720947,256.6666564941406,0,1,1,1,-162512.0,4,14.765168287412948,10.318430920778361,44586.19927162437,70.66666412353516
21597,3,1,2,252.3333282470703,185.3333282470703,84.11110941569011,189264.0,22.0,230.3333282470703,0.08718626331619128,22.0,185.3333282470703,0,1,1,1,-189264.0,3,13.086378460445044,9.957238694537757,46237.60198881085,185.3333282470703
49131,2,1,1,213.3333387374878,204.6666717529297,106.6666693687439,22632.0,8.666666984558105,204.6666717529297,0.04062500046100466,8.666666984558105,204.6666717529297,0,1,1,1,-22632.0,2,4.50334907485529,4.50334907485529,919.4250104334575,204.6666717529297
158337,4,2,2,910.000002861023,750.0,227.50000071525574,117888.0,42.666666984558105,867.3333358764648,0.046886447088368026,30.0,750.0,0,1,1,1,-360.0,4,14.061644191758836,10.31842748638934,1679.1736622762985,117.33333587646484
64703,3,2,1,503.3333339691162,429.0,167.7777779897054,93400.0,74.33333396911621,429.0,0.1476821202818989,57.66666793823242,429.0,0,1,1,1,-60896.0,2,7.800001602563938,7.800001602563937,10069.541744998221,429.0
13042,2,1,1,358.00000953674316,334.3333435058594,179.00000476837158,15896.0,23.66666603088379,334.3333435058594,0.06610800391181211,23.66666603088379,334.3333435058594,0,1,1,1,-15896.0,2,4.503324074780761,4.503324074780761,1050.8528301821652,334.3333435058594
151290,2,1,1,40.666666984558105,31.0,20.333333492279053,182520.0,9.666666984558105,31.0,0.23770492399164947,9.666666984558105,31.0,0,1,1,1,-182520.0,2,9.006673149531963,9.006673149531963,43385.902726955865,31.0
92435,2,1,1,326.3333339691162,307.0,163.1666669845581,26312.0,19.33333396911621,307.0,0.059244128492696044,19.33333396911621,307.0,0,1,1,1,-26312.0,2,4.503350000000001,4.503349999999999,1558.8315088998183,307.0
20167,3,1,2,114.0,62.66666793823242,38.0,95744.0,7.0,107.0,0.06140350877192982,7.0,62.66666793823242,0,1,1,1,-95744.0,2,9.00665,9.006649999999999,16232.795024671053,62.66666793823242
70818,2,1,1,178.66666221618652,157.3333282470703,89.33333110809326,17704.0,21.33333396911621,157.3333282470703,0.11940299160737045,21.33333396911621,157.3333282470703,0,1,1,1,-17704.0,2,0.0,0.0,2113.9105634168864,157.3333282470703
21402,4,1,3,768.0000019073486,390.6666564941406,192.00000047683716,77104.0,19.33333396911621,748.6666679382324,0.02517361187643406,19.33333396911621,390.6666564941406,0,1,1,1,-77104.0,4,7.8,6.3686619823162225,40098.69362031745,302.3333435058594
134762,3,2,1,403.33333587646484,291.0,134.44444529215494,44752.0,112.33333587646484,291.0,0.2785124012433996,89.33333587646484,291.0,1,1,0,1,8208.0,3,10.82467232703964,8.491567423561381,8473.943748222264,89.33333587646484
120423,2,1,1,151.6666717529297,131.6666717529297,75.83333587646484,33328.0,20.0,131.6666717529297,0.1318681274458287,20.0,131.6666717529297,0,1,1,1,-33328.0,2,7.800001602563939,7.800001602563937,4394.900951514579,131.6666717529297
13587,3,1,2,276.3333387374878,181.6666717529297,92.11111291249593,144904.0,8.666666984558105,267.6666717529297,0.031363088594935334,8.666666984558105,181.6666717529297,0,1,1,1,-144904.0,3,7.943143646427262,6.713174905280577,4557.085722930806,181.6666717529297
116517,5,1,4,1345.6666641235352,1145.0,269.13333282470705,88416.0,30.0,1315.6666641235352,0.022293782553898456,30.0,1145.0,0,1,1,1,-88416.0,5,14.06885037458285,8.824685824073285,37764.466721916186,78.66666412353516
4006,2,1,1,227.6666612625122,213.3333282470703,113.8333306312561,47000.0,14.333333015441895,213.3333282470703,0.06295754036167277,14.333333015441895,213.3333282470703,0,1,1,1,-47000.0,2,4.50334907485529,4.50334907485529,2959.00439699862,213.3333282470703
131085,2,1,1,280.6666774749756,257.3333435058594,140.3333387374878,15624.0,23.33333396911621,257.3333435058594,0.08313539098775495,23.33333396911621,257.3333435058594,0,1,1,1,-15624.0,2,4.5033,4.5033,1298.9073487926833,257.3333435058594
140991,5,1,4,1920.9999885559082,827.3333129882812,384.19999771118165,101848.0,29.0,1891.9999885559082,0.015096304098263139,29.0,827.3333129882812,0,1,1,1,-101848.0,5,18.806465172264563,12.217228667025923,26879.043498838288,544.0
32648,4,1,3,576.3333435058594,352.3333435058594,144.08333587646484,178016.0,23.0,553.3333435058594,0.03990746025570906,23.0,352.3333435058594,0,1,1,1,-178016.0,3,7.943143646427263,6.713174905280577,134004.91420799395,84.0
67959,2,1,1,572.999979019165,551.3333129882812,286.4999895095825,16080.0,21.66666603088379,551.3333129882812,0.03781268206671105,21.66666603088379,551.3333129882812,0,1,1,1,-16080.0,2,4.503324074780761,4.50332407478076,608.0279276327136,551.3333129882812
94733,5,1,4,870.9999828338623,516.3333129882812,174.19999656677246,56752.0,27.66666603088379,843.3333168029785,0.03176425554093384,27.66666603088379,516.3333129882812,0,1,1,1,-56752.0,5,17.18361782732612,11.948685203753591,8095.139799817166,51.66666793823242
124791,2,1,1,391.6666774749756,373.3333435058594,195.8333387374878,93392.0,18.33333396911621,373.3333435058594,0.0468085109698605,18.33333396911621,373.3333435058594,0,1,1,1,-93392.0,2,7.800001602563938,7.800001602563938,4371.540456497212,373.3333435058594
113181,2,1,1,434.6666564941406,421.6666564941406,217.3333282470703,185048.0,13.0,421.6666564941406,0.029907976160060582,13.0,421.6666564941406,0,1,1,1,-185048.0,2,4.503324074780762,4.503324074780761,5534.411172466891,421.6666564941406
151339,2,1,1,187.3333282470703,162.3333282470703,93.66666412353516,48000.0,25.0,162.3333282470703,0.13345196091871053,25.0,162.3333282470703,0,1,1,1,-48000.0,2,9.0067,9.0067,6405.694124098106,162.3333282470703
82543,2,1,1,62.000000953674316,53.66666793823242,31.000000476837158,26688.0,8.333333015441895,53.66666793823242,0.13440859495580434,8.333333015441895,53.66666793823242,0,1,1,1,-26688.0,2,9.00665,9.00665,3587.0965821805066,53.66666793823242
48472,2,1,1,550.6666870117188,526.6666870117188,275.3333435058594,14608.0,24.0,526.6666870117188,0.043583533498711996,24.0,526.6666870117188,0,1,1,1,-14608.0,2,0.0,0.0,636.6682573491848,526.6666870117188
19829,2,1,1,275.6666669845581,265.0,137.83333349227905,41712.0,10.666666984558105,265.0,0.03869407607832258,10.666666984558105,265.0,0,1,1,1,-41712.0,2,9.006673149531963,9.006673149531963,1614.0073013789913,265.0
157858,2,1,1,273.3333435058594,261.3333435058594,136.6666717529297,142136.0,12.0,261.3333435058594,0.043902437390492606,12.0,261.3333435058594,0,1,1,1,-142136.0,2,9.006673149531963,9.006673149531963,6240.116840935057,261.3333435058594
110598,3,1,2,172.6666660308838,82.33333587646484,57.55555534362793,66120.0,24.66666603088379,148.0,0.14285713970102265,24.66666603088379,82.33333587646484,0,1,1,1,-66120.0,3,5.200029935918103,5.20001033481879,27654.9026280661,82.33333587646484
2817,4,1,3,1124.3333129882812,551.3333129882812,281.0833282470703,158944.0,21.0,1103.3333129882812,0.018677735292024458,21.0,551.3333129882812,0,1,1,1,-158944.0,4,14.765165464044925,12.125581305111726,94104.94076844693,342.0
21533,3,1,2,177.00000190734863,121.33333587646484,59.000000635782875,30816.0,20.33333396911621,156.66666793823242,0.11487759180793555,20.33333396911621,121.33333587646484,0,1,1,1,-30816.0,3,7.943143646427262,6.713174905280577,4897.506600401424,121.33333587646484
45700,3,2,1,287.00000190734863,169.6666717529297,95.66666730244954,22016.0,189.33333778381348,97.66666412353516,0.659698036674353,169.6666717529297,97.66666412353516,0,1,1,1,-528.0,2,4.503324074780762,4.503324074780761,1820.7850820509145,97.66666412353516
37701,2,1,1,233.0000057220459,210.6666717529297,116.50000286102295,66464.0,22.33333396911621,210.6666717529297,0.09585121639764442,22.33333396911621,210.6666717529297,0,1,1,1,-66464.0,2,4.50334907485529,4.50334907485529,6370.655246653039,210.6666717529297
28654,2,1,1,231.6666660308838,210.0,115.8333330154419,17056.0,21.66666603088379,210.0,0.09352517736839783,21.66666603088379,210.0,0,1,1,1,-17056.0,2,0.0,0.0,1595.1654251953933,210.0
2140,2,1,1,198.3333282470703,175.3333282470703,99.16666412353516,167440.0,23.0,175.3333282470703,0.11596638952858265,23.0,175.3333282470703,0,1,1,1,-167440.0,2,7.8000016025639365,7.8000016025639365,19417.41226266588,175.3333282470703
152360,2,1,1,640.6666870117188,632.6666870117188,320.3333435058594,37944.0,8.0,632.6666870117188,0.01248699231938318,8.0,632.6666870117188,0,1,1,1,-37944.0,2,9.006673149531963,9.006673149531961,473.8064365666754,632.6666870117188
23540,2,1,1,1203.0,1173.0,601.5,64056.0,30.0,1173.0,0.02493765586034913,30.0,1173.0,0,1,1,1,-64056.0,2,7.800001602563939,7.800001602563937,1597.4064837905237,1173.0
70841,2,1,1,51.333333015441895,41.0,25.666666507720947,162840.0,10.333333015441895,41.0,0.20129869635259143,10.333333015441895,41.0,0,1,1,1,-162840.0,2,7.800001602563937,7.8000016025639365,32779.47971405599,41.0
81680,2,1,1,328.0,307.0,164.0,16264.0,21.0,307.0,0.06402439024390244,21.0,307.0,0,1,1,1,-16264.0,2,0.0,0.0,1041.2926829268292,307.0
81469,4,2,2,976.0000057220459,423.0,244.00000143051147,39872.0,441.3333339691162,534.6666717529297,0.45218579035009054,423.0,340.3333435058594,1,1,0,1,8152.0,4,14.76515303755772,11.258328149530017,11078.519304456167,423.0
158256,2,1,1,58.00000190734863,33.66666793823242,29.000000953674316,17024.0,24.33333396911621,33.66666793823242,0.41954022705011607,24.33333396911621,33.66666793823242,0,1,1,1,-17024.0,2,0.0,0.0,7142.252825301176,33.66666793823242
52413,2,1,1,548.6666660308838,525.0,274.3333330154419,19840.0,23.66666603088379,525.0,0.0431348713091887,23.66666603088379,525.0,0,1,1,1,-19840.0,2,4.503300000000001,4.5033,855.7958467743039,525.0
126688,2,1,1,224.6666660308838,205.0,112.3333330154419,16392.0,19.66666603088379,205.0,0.08753708940595714,19.66666603088379,205.0,0,1,1,1,-16392.0,2,0.0,0.0,1434.9079695424496,205.0
162373,2,1,1,241.6666717529297,223.6666717529297,120.83333587646484,50168.0,18.0,223.6666717529297,0.07448275705308044,18.0,223.6666717529297,0,1,1,1,-50168.0,2,0.0,0.0,3736.65095583894,223.6666717529297
50840,2,1,1,187.6666717529297,172.6666717529297,93.83333587646484,94928.0,15.0,172.6666717529297,0.07992894987634283,15.0,172.6666717529297,0,1,1,1,-94928.0,2,0.0,0.0,7587.495353861472,172.6666717529297
45857,2,1,1,135.6666660308838,115.0,67.8333330154419,15680.0,20.66666603088379,115.0,0.15233414836168477,20.66666603088379,115.0,0,1,1,1,-15680.0,2,4.50334907485529,4.50334907485529,2388.599446311217,115.0
32095,2,1,1,219.33333778381348,198.6666717529297,109.66666889190674,66384.0,20.66666603088379,198.6666717529297,0.09422491920153947,20.66666603088379,198.6666717529297,0,1,1,1,-66384.0,2,7.8,7.799999999999999,6255.027036274996,198.6666717529297
7365,2,1,1,596.999979019165,576.3333129882812,298.4999895095825,19736.0,20.66666603088379,576.3333129882812,0.03461753225659719,20.66666603088379,576.3333129882812,0,1,1,1,-19736.0,2,4.503324074780762,4.503324074780761,683.211616616202,576.3333129882812
142724,2,1,1,187.33333778381348,163.6666717529297,93.66666889190674,18208.0,23.66666603088379,163.6666717529297,0.12633451317776448,23.66666603088379,163.6666717529297,0,1,1,1,-18208.0,2,4.503324074780762,4.503324074780761,2300.298815940736,163.6666717529297
117347,2,1,1,176.33333778381348,158.6666717529297,88.16666889190674,152288.0,17.66666603088379,158.6666717529297,0.10018902978257752,17.66666603088379,158.6666717529297,0,1,1,1,-152288.0,2,4.503350000000001,4.503349999999999,15257.586967529165,158.6666717529297
97777,3,2,1,291.99999809265137,194.0,97.33333269755046,15752.0,215.3333339691162,76.66666412353516,0.7374429293687568,194.0,76.66666412353516,0,1,1,1,-472.0,3,6.0044666666666675,4.245799097408586,1464.4201351872543,76.66666412353516
59992,3,1,2,438.0000023841858,364.0,146.0000007947286,183400.0,7.666666507720947,430.33333587646484,0.017503804716869006,7.666666507720947,364.0,0,1,1,1,-183400.0,2,9.006673149531963,9.006673149531963,86940.16993204225,66.33333587646484
29509,4,1,3,1213.0000247955322,894.6666870117188,303.25000619888306,20272.0,19.33333396911621,1193.666690826416,0.015938444825980204,19.33333396911621,894.6666870117188,0,1,1,1,-20272.0,4,10.318457388370849,7.467949399726472,897.7191526056827,894.6666870117188
121804,2,1,1,140.33333015441895,117.66666412353516,70.16666507720947,24384.0,22.66666603088379,117.66666412353516,0.16152018915208533,22.66666603088379,117.66666412353516,0,1,1,1,-24384.0,2,4.50334907485529,4.50334907485529,3938.508292284449,117.66666412353516
25150,2,1,1,51.66666603088379,31.66666603088379,25.833333015441895,144848.0,20.0,31.66666603088379,0.38709677895695815,20.0,31.66666603088379,0,1,1,1,-144848.0,2,7.800001602563938,7.800001602563937,56070.19423835747,31.66666603088379
145554,2,1,1,553.3333530426025,534.6666870117188,276.66667652130127,142888.0,18.66666603088379,534.6666870117188,0.03373493740842077,18.66666603088379,534.6666870117188,0,1,1,1,-142888.0,2,4.5033,4.5033,4820.317736414427,534.6666870117188
135627,3,1,2,247.33333778381348,124.33333587646484,82.44444592793782,102440.0,18.66666603088379,228.6666717529297,0.07547169418463011,18.66666603088379,124.33333587646484,0,1,1,1,-102440.0,3,7.943135481939386,6.713181255477084,40411.557757578375,124.33333587646484
10931,3,1,2,675.3333282470703,512.0,225.1111094156901,44728.0,27.0,648.3333282470703,0.03998025696448682,27.0,512.0,0,1,1,1,-44728.0,3,13.75790843276857,11.627554438583473,1982.321831316797,136.3333282470703
19996,2,1,1,632.3333535194397,624.6666870117188,316.16667675971985,92392.0,7.666666507720947,624.6666870117188,0.01212440631994158,7.666666507720947,624.6666870117188,0,1,1,1,-92392.0,2,9.006673149531963,9.006673149531961,1120.1981487120424,624.6666870117188
5200,2,1,1,444.3333339691162,424.0,222.1666669845581,16216.0,20.33333396911621,424.0,0.04576144172548058,20.33333396911621,424.0,0,1,1,1,-16216.0,2,4.503324074780762,4.50332407478076,742.067539020393,424.0
39472,3,1,2,331.9999942779541,221.3333282470703,110.66666475931804,76112.0,19.66666603088379,312.3333282470703,0.05923694689710939,19.66666603088379,221.3333282470703,0,1,1,1,-76112.0,3,7.943143646427264,6.713174905280577,4572.642501865108,91.0
154558,3,2,1,262.6666660308838,161.0,87.55555534362793,31616.0,180.6666660308838,82.0,0.6878172581276125,161.0,82.0,0,1,1,1,-352.0,3,6.004466666666666,4.245799097408584,2582.944092162234,82.0
152869,2,1,1,133.66666412353516,118.66666412353516,66.83333206176758,112768.0,15.0,118.66666412353516,0.1122194535066496,15.0,118.66666412353516,0,1,1,1,-112768.0,2,4.503350000000001,4.50335,12654.763333037861,118.66666412353516
794,2,1,1,69.33333396911621,51.0,34.666666984558105,14824.0,18.33333396911621,51.0,0.26442308366827705,18.33333396911621,51.0,0,1,1,1,-14824.0,2,9.006673149531961,9.006673149531961,3919.807792298539,51.0
42956,4,1,3,512.6666584014893,209.3333282470703,128.16666460037231,60776.0,22.66666603088379,489.99999237060547,0.04421326345184835,22.66666603088379,209.3333282470703,0,1,1,1,-60776.0,4,16.23700849055946,11.030877125936087,17994.89200710797,94.66666412353516
61993,4,1,3,744.3333110809326,591.3333129882812,186.08332777023315,127856.0,22.66666603088379,721.6666450500488,0.030452306370605527,22.66666603088379,591.3333129882812,0,1,1,1,-127856.0,4,14.765157412998514,10.318429909238857,11713.107081609085,78.0
121871,2,1,1,236.6666660308838,214.0,118.3333330154419,47192.0,22.66666603088379,214.0,0.09577464545820705,22.66666603088379,214.0,0,1,1,1,-47192.0,2,4.50335,4.50335,4519.797068463708,214.0
120161,2,1,1,436.99999046325684,417.6666564941406,218.49999523162842,15680.0,19.33333396911621,417.6666564941406,0.044241039796411086,19.33333396911621,417.6666564941406,0,1,1,1,-15680.0,2,0.0,0.0,693.6995040077259,417.6666564941406
15277,2,1,1,476.6666774749756,454.3333435058594,238.3333387374878,14592.0,22.33333396911621,454.3333435058594,0.046853147124572565,22.33333396911621,454.3333435058594,0,1,1,1,-14592.0,2,4.503299999999999,4.503299999999999,683.6811228417629,454.3333435058594
144683,2,1,1,123.66666984558105,101.33333587646484,61.83333492279053,20296.0,22.33333396911621,101.33333587646484,0.1805929924126136,22.33333396911621,101.33333587646484,0,1,1,1,-20296.0,2,4.50334907485529,4.50334907485529,3665.315374006406,101.33333587646484
60975,2,1,1,60.66666603088379,43.0,30.333333015441895,16664.0,17.66666603088379,43.0,0.29120878378070353,17.66666603088379,43.0,0,1,1,1,-16664.0,2,9.006673149531963,9.006673149531961,4852.703172921643,43.0
66835,4,1,3,530.333330154419,256.6666564941406,132.58333253860474,165352.0,16.33333396911621,513.9999961853027,0.03079824148401229,16.33333396911621,256.6666564941406,0,1,1,1,-165352.0,4,12.536782268189873,8.118522349541202,78944.9066271977,33.66666793823242
107935,2,1,1,236.3333339691162,217.0,118.1666669845581,21416.0,19.33333396911621,217.0,0.08180536213161818,19.33333396911621,217.0,0,1,1,1,-21416.0,2,4.503324074780761,4.50332407478076,1751.943635410735,217.0
54931,5,3,2,3397.000082015991,2586.666748046875,679.4000164031983,132368.0,94.33333396911621,3302.666748046875,0.027769600144705604,38.66666793823242,2586.666748046875,1,1,0,1,69168.0,5,12.609305821098955,11.534141750126015,78239.13785580888,38.66666793823242
125870,4,1,3,800.9999847412109,384.6666564941406,200.24999618530273,33920.0,21.0,779.9999847412109,0.02621722896384915,21.0,384.6666564941406,0,1,1,1,-33920.0,4,12.536734458781522,9.283849171814458,4053.0337841597575,233.3333282470703
3529,5,1,4,1241.3333282470703,854.0,248.26666564941405,139752.0,11.0,1230.3333282470703,0.008861439348876165,11.0,854.0,0,1,1,1,-139752.0,5,14.744542096504725,11.104155893105967,18733.501237443135,854.0
51740,3,1,2,269.6666660308838,205.0,89.88888867696126,137352.0,16.33333396911621,253.33333206176758,0.06056860571430665,16.33333396911621,205.0,0,1,1,1,-137352.0,3,13.757896310482938,10.399990733649718,80574.49742356218,48.33333206176758
76750,3,1,2,584.6666622161865,427.0,194.8888874053955,88944.0,20.33333396911621,564.3333282470703,0.03477765243539361,20.33333396911621,427.0,0,1,1,1,-88944.0,3,13.086378460445044,9.957238694537757,54210.56835429669,137.3333282470703
84602,2,1,1,59.99999809265137,41.33333206176758,29.999999046325684,133008.0,18.66666603088379,41.33333206176758,0.31111111040468564,18.66666603088379,41.33333206176758,0,1,1,1,-133008.0,2,9.006648149561522,9.006648149561522,41380.26657270643,41.33333206176758
18817,4,2,2,588.0000133514404,357.3333435058594,147.0000033378601,97800.0,108.33333396911621,479.6666793823242,0.1842403597095953,84.0,357.3333435058594,0,1,1,1,-472.0,4,10.318432838856879,7.4679230174794915,20960.09068295539,357.3333435058594
145883,2,1,1,470.6666660308838,446.0,235.3333330154419,29408.0,24.66666603088379,446.0,0.0524079307313113,24.66666603088379,446.0,0,1,1,1,-29408.0,2,4.503300000000001,4.5033,1541.212426946403,446.0
36689,3,1,2,87.66666603088379,48.33333206176758,29.222222010294598,161312.0,9.0,78.66666603088379,0.10266159770270517,9.0,48.33333206176758,0,1,1,1,-161312.0,3,12.008864199415362,8.491549309754962,43634.95145427103,48.33333206176758
145468,2,1,1,200.3333282470703,190.3333282470703,100.16666412353516,10640.0,10.0,190.3333282470703,0.04991680659179704,10.0,190.3333282470703,0,1,1,1,-10640.0,2,4.503324074780762,4.503324074780761,531.1148221367205,190.3333282470703
138154,3,2,1,424.00000953674316,251.6666717529297,141.3333365122477,16312.0,172.33333778381348,251.6666717529297,0.4064465422349934,149.6666717529297,251.6666717529297,0,1,1,1,-504.0,2,0.0,0.0,1049.9307755809734,251.6666717529297
122272,3,1,2,235.9999942779541,182.3333282470703,78.66666475931804,153408.0,22.0,213.9999942779541,0.09322034124326725,22.0,182.3333282470703,0,1,1,1,-153408.0,3,7.943149246433125,6.713167451773831,32138.20381092307,182.3333282470703
14705,3,1,2,380.66666412353516,273.0,126.88888804117839,17360.0,22.0,358.66666412353516,0.05779334539485835,22.0,273.0,0,1,1,1,-17360.0,3,6.004466666666667,4.245799097408585,1020.5043851014278,85.66666412353516
145621,2,1,1,393.6666660308838,372.0,196.8333330154419,31288.0,21.66666603088379,372.0,0.05503810177614582,21.66666603088379,372.0,0,1,1,1,-31288.0,2,7.800001602563938,7.800001602563937,1722.0321283720505,372.0
24859,3,1,2,271.9999952316284,230.3333282470703,90.66666507720947,153384.0,11.666666984558105,260.3333282470703,0.04289215878339653,11.666666984558105,230.3333282470703,0,1,1,1,-153384.0,3,9.006666666666668,9.006665433012499,13858.38277515213,230.3333282470703
161720,2,1,1,59.00000190734863,37.66666793823242,29.500000953674316,25008.0,21.33333396911621,37.66666793823242,0.3615819199907361,21.33333396911621,37.66666793823242,0,1,1,1,-25008.0,2,4.50335,4.50335,9042.440655128328,37.66666793823242
158073,2,1,1,175.0,154.0,87.5,28528.0,21.0,154.0,0.12,21.0,154.0,0,1,1,1,-28528.0,2,4.503324074780762,4.503324074780761,3423.36,154.0
71127,3,1,2,209.6666612625122,147.3333282470703,69.88888708750407,170208.0,9.333333015441895,200.3333282470703,0.044515102969833326,9.333333015441895,147.3333282470703,0,1,1,1,-170208.0,3,10.82467232703964,8.491567423561381,7666.7725914485645,53.0
48851,3,1,2,226.3333282470703,167.3333282470703,75.44444274902344,174936.0,20.0,206.3333282470703,0.08836524499020122,20.0,167.3333282470703,0,1,1,1,-174936.0,2,4.503324074780762,4.503324074780761,132815.36318775034,39.0
7383,2,1,1,124.99999809265137,103.66666412353516,62.499999046325684,15976.0,21.33333396911621,103.66666412353516,0.17066667435709648,21.33333396911621,103.66666412353516,0,1,1,1,-15976.0,2,4.503350000000001,4.50335,2726.5707895289734,103.66666412353516
86967,2,1,1,138.66666984558105,115.33333587646484,69.33333492279053,20528.0,23.33333396911621,115.33333587646484,0.1682692314966543,23.33333396911621,115.33333587646484,0,1,1,1,-20528.0,2,4.503350000000001,4.50335,3454.2307841633196,115.33333587646484
27072,2,1,1,500.3333225250244,476.6666564941406,250.1666612625122,17584.0,23.66666603088379,476.6666564941406,0.04730179855190454,23.66666603088379,476.6666564941406,0,1,1,1,-17584.0,2,0.0,0.0,831.7548257366896,476.6666564941406
29724,2,1,1,80.66666603088379,57.0,40.333333015441895,24200.0,23.66666603088379,57.0,0.2933884241828321,23.66666603088379,57.0,0,1,1,1,-24200.0,2,7.800001602563938,7.800001602563938,7099.999865224538,57.0
152860,3,1,2,513.9999942779541,266.0,171.3333314259847,131520.0,20.66666603088379,493.3333282470703,0.04020752190846902,20.66666603088379,266.0,0,1,1,1,-131520.0,3,7.943149246433125,6.713167451773832,47976.436169076274,227.3333282470703
161586,3,1,2,1244.6666564941406,888.0,414.8888854980469,186960.0,21.0,1223.6666564941406,0.016871987283045578,21.0,888.0,0,1,1,1,-186960.0,3,13.086399842584667,9.95726028316357,48687.82976251922,888.0
41853,2,1,1,508.6666564941406,488.6666564941406,254.3333282470703,27128.0,20.0,488.6666564941406,0.03931848047175937,20.0,488.6666564941406,0,1,1,1,-27128.0,2,4.50334907485529,4.50334907485529,1066.6317382378882,488.6666564941406
147867,2,1,1,330.0,308.0,165.0,19704.0,22.0,308.0,0.06666666666666667,22.0,308.0,0,1,1,1,-19704.0,2,4.503324074780762,4.503324074780761,1313.6,308.0
84042,5,3,2,833.6666851043701,359.3333435058594,166.73333702087402,160536.0,427.00000953674316,406.66667556762695,0.5121951220628246,238.6666717529297,359.3333435058594,1,1,0,1,141360.0,4,4.5033,4.5033,72768.40601541079,168.6666717529297
101472,2,1,1,302.6666564941406,280.6666564941406,151.3333282470703,54592.0,22.0,280.6666564941406,0.07268722711259706,22.0,280.6666564941406,0,1,1,1,-54592.0,2,4.503299999999999,4.503299999999999,3968.141102530899,280.6666564941406
47568,2,1,1,529.3333225250244,507.6666564941406,264.6666612625122,19376.0,21.66666603088379,507.6666564941406,0.04093198955911091,21.66666603088379,507.6666564941406,0,1,1,1,-19376.0,2,4.503350000000001,4.50335,793.0982296973331,507.6666564941406
103651,2,1,1,111.33333015441895,88.66666412353516,55.66666507720947,15016.0,22.66666603088379,88.66666412353516,0.20359281447384356,22.66666603088379,88.66666412353516,0,1,1,1,-15016.0,2,9.00665,9.00665,3057.1497021392347,88.66666412353516
155550,2,1,1,108.33333587646484,92.33333587646484,54.16666793823242,20240.0,16.0,92.33333587646484,0.14769230422522198,16.0,92.33333587646484,0,1,1,1,-20240.0,2,4.503324074780762,4.503324074780761,2989.2922375184926,92.33333587646484
33212,2,1,1,89.33333110809326,75.66666412353516,44.66666555404663,18728.0,13.666666984558105,75.66666412353516,0.1529850819961191,13.666666984558105,75.66666412353516,0,1,1,1,-18728.0,2,4.503300000000001,4.5033,2865.1046156233188,75.66666412353516
51977,2,1,1,189.33333349227905,182.0,94.66666674613953,117912.0,7.333333492279053,182.0,0.0387323951731833,7.333333492279053,182.0,0,1,1,1,-117912.0,2,7.8,7.799999999999999,4567.014179660389,182.0
157204,2,1,1,436.99999046325684,415.6666564941406,218.49999523162842,74760.0,21.33333396911621,415.6666564941406,0.048817698935190085,21.33333396911621,415.6666564941406,0,1,1,1,-74760.0,2,4.503350000000001,4.50335,3649.6111723948106,415.6666564941406
132050,3,1,2,800.3333129882812,476.6666564941406,266.77777099609375,41624.0,22.0,778.3333129882812,0.0274885471377625,22.0,476.6666564941406,0,1,1,1,-41624.0,3,10.824657262010653,8.491549309754962,11095.037014378699,476.6666564941406
75199,4,2,2,470.0000114440918,330.3333435058594,117.50000286102295,122624.0,351.3333435058594,118.66666793823242,0.7475177339387188,330.3333435058594,83.0,0,1,1,1,-75376.0,4,13.696360481187146,10.798635410869052,64152.93076890343,83.0
135597,4,1,3,1252.3333339691162,553.0,313.08333349227905,139504.0,19.33333396911621,1233.0,0.01543784984772512,19.33333396911621,553.0,0,1,1,1,-139504.0,4,14.76515303755772,11.258328149530017,35772.26846302294,553.0
50865,2,1,1,96.00000286102295,86.33333587646484,48.000001430511475,43120.0,9.666666984558105,86.33333587646484,0.10069444475488529,9.666666984558105,86.33333587646484,0,1,1,1,-43120.0,2,0.0,0.0,4341.944457830654,86.33333587646484
60625,2,1,1,465.6666660308838,446.0,232.8333330154419,36272.0,19.66666603088379,446.0,0.042233355886331495,19.66666603088379,446.0,0,1,1,1,-36272.0,2,7.800000000000001,7.800000000000001,1531.888284709016,446.0
89282,2,1,1,169.3333339691162,149.0,84.6666669845581,28208.0,20.33333396911621,149.0,0.12007874346125316,20.33333396911621,149.0,0,1,1,1,-28208.0,2,4.503350000000001,4.503349999999999,3387.1811955550293,149.0
90642,2,1,1,197.99999523162842,186.3333282470703,98.99999761581421,38040.0,11.666666984558105,186.3333282470703,0.05892256194708472,11.666666984558105,186.3333282470703,0,1,1,1,-38040.0,2,9.00665,9.00665,2241.414256467103,186.3333282470703
23113,6,3,3,3789.3332557678223,2180.333251953125,631.5555426279703,84544.0,1393.0,2396.3332557678223,0.36761084496320984,830.0,2180.333251953125,0,1,1,1,-504.0,6,12.28711841375394,9.611806916394833,1377.7234903026626,2180.333251953125
6115,2,1,1,638.0,615.0,319.0,17312.0,23.0,615.0,0.03605015673981191,23.0,615.0,0,1,1,1,-17312.0,2,0.0,0.0,624.1003134796239,615.0
38841,3,2,1,496.6666774749756,272.3333435058594,165.5555591583252,72408.0,224.3333339691162,272.3333435058594,0.4516778437998172,201.0,272.3333435058594,1,1,0,1,36784.0,3,13.757918132277297,10.400005167413244,23571.200333135203,201.0
37871,3,1,2,529.6666584014893,428.6666564941406,176.55555280049643,119144.0,21.66666603088379,507.99999237060547,0.04090622977151863,21.66666603088379,428.6666564941406,0,1,1,1,-119144.0,3,6.0044320997076825,4.245774654877482,85351.91872525433,79.33333587646484
159071,2,1,1,60.0,52.0,30.0,42584.0,8.0,52.0,0.13333333333333333,8.0,52.0,0,1,1,1,-42584.0,2,7.800001602563937,7.800001602563937,5677.866666666667,52.0
149714,2,1,1,348.6666564941406,327.6666564941406,174.3333282470703,26824.0,21.0,327.6666564941406,0.06022944726391669,21.0,327.6666564941406,0,1,1,1,-26824.0,2,7.800001602563937,7.8000016025639365,1615.5946934073015,327.6666564941406
100377,2,1,1,467.0,446.0,233.5,18184.0,21.0,446.0,0.044967880085653104,21.0,446.0,0,1,1,1,-18184.0,2,4.503324074780762,4.503324074780761,817.6959314775161,446.0
17512,2,1,1,84.33333396911621,61.0,42.166666984558105,16672.0,23.33333396911621,61.0,0.27667984735029133,23.33333396911621,61.0,0,1,1,1,-16672.0,2,4.503324074780762,4.503324074780761,4612.806415024057,61.0
52582,2,1,1,158.3333339691162,137.0,79.1666669845581,24904.0,21.33333396911621,137.0,0.13473684557970209,21.33333396911621,137.0,0,1,1,1,-24904.0,2,4.50334907485529,4.50334907485529,3355.486402316901,137.0
125511,3,1,2,488.66665410995483,382.6666564941406,162.88888470331827,91984.0,7.333333492279053,481.3333206176758,0.015006821993278428,7.333333492279053,382.6666564941406,0,1,1,1,-91984.0,3,7.943143646427262,6.713174905280577,11398.352042768633,382.6666564941406
153358,3,1,2,396.0000104904175,215.6666717529297,132.00000349680582,162664.0,8.666666984558105,387.3333435058594,0.021885522108509702,8.666666984558105,215.6666717529297,0,1,1,1,-162664.0,3,10.82464921453706,8.4915615310469,35147.52856397433,171.6666717529297
118737,2,1,1,224.99999523162842,216.3333282470703,112.49999761581421,150856.0,8.666666984558105,216.3333282470703,0.03851852074768322,8.666666984558105,216.3333282470703,0,1,1,1,-150856.0,2,9.006673149531963,9.006673149531961,5810.749965912501,216.3333282470703
119265,2,1,1,71.33333492279053,56.66666793823242,35.666667461395264,118320.0,14.666666984558105,56.66666793823242,0.2056074765105676,14.666666984558105,56.66666793823242,0,1,1,1,-118320.0,2,9.006673149531963,9.006673149531961,24327.47662073036,56.66666793823242
107722,3,2,1,758.3333072662354,555.3333129882812,252.77776908874512,179256.0,202.9999942779541,555.3333129882812,0.26769230934846033,182.3333282470703,555.3333129882812,1,1,0,1,160656.0,3,7.943149246433124,6.713167451773831,122534.84282849033,182.3333282470703
39937,5,1,4,661.6666622161865,442.0,132.3333324432373,127384.0,21.33333396911621,640.3333282470703,0.03224181477975985,21.33333396911621,442.0,0,1,1,1,-127384.0,5,14.744564495759107,11.104163403804899,79634.01547306369,36.0
46026,6,1,5,1002.6666660308838,343.3333435058594,167.1111110051473,108280.0,27.33333396911621,975.3333320617676,0.027260638949250057,27.33333396911621,343.3333435058594,0,1,1,1,-108280.0,4,14.0616535300796,12.125588870030189,37295.00360269179,321.6666564941406
19352,2,1,1,366.3333435058594,344.3333435058594,183.1666717529297,15120.0,22.0,344.3333435058594,0.06005459341881643,22.0,344.3333435058594,0,1,1,1,-15120.0,2,0.0,0.0,908.0254524925044,344.3333435058594
110004,3,1,2,120.66666412353516,60.33333206176758,40.22222137451172,124400.0,21.0,99.66666412353516,0.17403315283913698,21.0,60.33333206176758,0,1,1,1,-124400.0,3,5.200029935918105,5.20001033481879,56353.45862932276,60.33333206176758
108872,4,1,3,390.33333015441895,158.0,97.58333253860474,102064.0,23.66666603088379,366.66666412353516,0.060631937379062834,23.66666603088379,158.0,0,1,1,1,-102064.0,3,9.006648149561522,7.353897419736013,58166.27145211028,113.0
17678,4,3,1,599.6666803359985,340.3333435058594,149.91667008399963,47136.0,395.00000858306885,204.6666717529297,0.6586992766744133,340.3333435058594,204.6666717529297,0,1,1,1,-760.0,4,7.800000000040064,6.368679660013918,1533.967711125506,204.6666717529297
51782,2,1,1,141.6666717529297,129.6666717529297,70.83333587646484,66072.0,12.0,129.6666717529297,0.08470587931174318,12.0,129.6666717529297,0,1,1,1,-66072.0,2,7.800001602563938,7.800001602563937,5596.686857885496,129.6666717529297
90578,4,1,3,1021.0000152587891,430.3333435058594,255.25000381469727,198480.0,21.0,1000.0000152587891,0.02056807021171024,21.0,430.3333435058594,0,1,1,1,-198480.0,4,11.700000000026709,9.283850069441826,123149.4664509075,149.6666717529297
49527,2,1,1,93.33333015441895,70.66666412353516,46.66666507720947,21976.0,22.66666603088379,70.66666412353516,0.2428571443168485,22.66666603088379,70.66666412353516,0,1,1,1,-21976.0,2,4.5033,4.5033,5337.028603507062,70.66666412353516
22935,2,1,1,505.99999046325684,484.6666564941406,252.99999523162842,18272.0,21.33333396911621,484.6666564941406,0.04216073986401652,21.33333396911621,484.6666564941406,0,1,1,1,-18272.0,2,4.50334907485529,4.50334907485529,770.3610387953098,484.6666564941406
88643,2,1,1,367.3333339691162,346.0,183.6666669845581,29928.0,21.33333396911621,346.0,0.05807622667565973,21.33333396911621,346.0,0,1,1,1,-29928.0,2,0.0,0.0,1738.1053119491444,346.0
146483,3,1,2,769.6666889190674,669.6666870117188,256.55556297302246,14832.0,21.66666603088379,748.0000228881836,0.028150712955127125,21.66666603088379,669.6666870117188,0,1,1,1,-14832.0,3,6.004399999999999,4.245751956956506,419.97399041014376,669.6666870117188
1542,3,1,2,1173.3333339691162,603.0,391.11111132303876,125000.0,21.33333396911621,1152.0,0.01818181871382658,21.33333396911621,603.0,0,1,1,1,-125000.0,3,13.757896310482938,10.39999073364972,50788.106858394305,603.0
135172,2,1,1,449.9999895095825,440.6666564941406,224.99999475479126,81288.0,9.333333015441895,440.6666564941406,0.02074074051782427,9.333333015441895,440.6666564941406,0,1,1,1,-81288.0,2,9.006673149531963,9.006673149531963,1685.9733152128993,440.6666564941406
59523,5,1,4,5053.333242416382,1979.6666259765625,1010.6666484832764,58040.0,19.33333396911621,5033.999908447266,0.003825857714436319,19.33333396911621,1979.6666259765625,0,1,1,1,-58040.0,5,9.531751239410314,7.427082301415544,2304.774661219501,1979.6666259765625
3450,2,1,1,364.6666564941406,353.6666564941406,182.3333282470703,106584.0,11.0,353.6666564941406,0.030164534662293,11.0,353.6666564941406,0,1,1,1,-106584.0,2,7.8,7.8,3215.056762445837,353.6666564941406
46587,2,1,1,586.3333339691162,567.0,293.1666669845581,21576.0,19.33333396911621,567.0,0.03297328132146509,19.33333396911621,567.0,0,1,1,1,-21576.0,2,4.503324074780764,4.503324074780762,711.4315177919308,567.0
71845,3,1,2,505.3333282470703,264.0,168.44444274902344,108152.0,21.0,484.3333282470703,0.04155672865046527,21.0,264.0,0,1,1,1,-108152.0,3,15.011133333333333,11.233292893695754,52988.248554443606,220.3333282470703
139036,2,1,1,96.66666889190674,83.33333587646484,48.33333444595337,14592.0,13.333333015441895,83.33333587646484,0.13793102801909218,13.333333015441895,83.33333587646484,0,1,1,1,-14592.0,2,7.8,7.8,2012.689560854593,83.33333587646484
85040,2,1,1,142.66666412353516,119.66666412353516,71.33333206176758,24720.0,23.0,119.66666412353516,0.16121495614479558,23.0,119.66666412353516,0,1,1,1,-24720.0,2,4.503300000000001,4.5033,3985.2337158993464,119.66666412353516
89077,3,1,2,562.0000057220459,375.3333435058594,187.33333524068198,127352.0,20.33333396911621,541.6666717529297,0.03618030918521498,20.33333396911621,375.3333435058594,0,1,1,1,-127352.0,3,10.400002136751917,7.353912035251865,77718.82932953312,166.3333282470703
54379,3,1,2,419.6666564941406,217.3333282470703,139.88888549804688,15824.0,23.0,396.6666564941406,0.05480540244045127,23.0,217.3333282470703,0,1,1,1,-15824.0,3,7.943149246433125,6.713167451773831,887.752205210187,217.3333282470703
155854,3,1,2,614.999979019165,533.3333129882812,204.99999300638834,19112.0,21.66666603088379,593.3333129882812,0.035230352471619514,21.66666603088379,533.3333129882812,0,1,1,1,-19112.0,3,7.943143646427262,6.713174905280579,678.0054234266192,533.3333129882812
43824,2,1,1,49.66666793823242,31.33333396911621,24.83333396911621,193624.0,18.33333396911621,31.33333396911621,0.3691275201291201,18.33333396911621,31.33333396911621,0,1,1,1,-193624.0,2,9.006673149531961,9.006673149531961,71471.94695748074,31.33333396911621
132076,6,2,4,2625.000009536743,971.0,437.5000015894572,83216.0,722.6666660308838,1902.3333435058594,0.27530158605920124,698.0,971.0,0,1,1,1,-8616.0,5,19.484410188671347,12.480002136762637,30180.583520805056,86.0
163776,4,1,3,743.3333129882812,397.6666564941406,185.8333282470703,109768.0,20.0,723.3333129882812,0.02690583033282581,20.0,397.6666564941406,0,1,1,1,-109768.0,3,13.75793025458408,10.400020669530742,54019.88181962173,269.6666564941406
88598,3,1,2,241.99999809265137,130.3333282470703,80.66666603088379,105016.0,21.33333396911621,220.66666412353516,0.08815427329445101,21.33333396911621,130.3333282470703,0,1,1,1,-105016.0,3,5.200029935918105,5.20001033481879,55173.71792714235,90.33333587646484
93491,4,1,3,914.333330154419,471.0,228.58333253860474,76376.0,24.66666603088379,889.6666641235352,0.026977760973361773,24.66666603088379,471.0,0,1,1,1,-76376.0,4,9.814794677201608,6.754999383188351,39780.74800450845,314.0
26511,2,1,1,56.999999046325684,46.33333206176758,28.499999523162842,25432.0,10.666666984558105,46.33333206176758,0.18713451163199094,10.666666984558105,46.33333206176758,0,1,1,1,-25432.0,2,4.503300000000001,4.5033,4759.204899824793,46.33333206176758
153325,3,1,2,586.6666717529297,400.3333435058594,195.55555725097656,64352.0,10.0,576.6666717529297,0.017045454397674437,10.0,400.3333435058594,0,1,1,1,-64352.0,3,13.08637463691827,11.233281677032565,15834.36761944192,400.3333435058594
72260,3,2,1,449.33333587646484,317.0,149.77777862548828,18176.0,132.33333587646484,317.0,0.29451038974959837,113.33333587646484,317.0,0,1,1,1,-440.0,2,4.50334907485529,4.50334907485529,879.5489589365783,317.0
80319,2,1,1,467.99999046325684,442.6666564941406,233.99999523162842,35552.0,25.33333396911621,442.6666564941406,0.054131056592628624,25.33333396911621,442.6666564941406,0,1,1,1,-35552.0,2,4.503349074855292,4.50334907485529,1924.4673239811327,442.6666564941406
109893,2,1,1,289.6666774749756,268.3333435058594,144.8333387374878,17112.0,21.33333396911621,268.3333435058594,0.07364787056308611,21.33333396911621,268.3333435058594,0,1,1,1,-17112.0,2,4.503300000000001,4.5033,1260.2623610755295,268.3333435058594
79634,5,1,4,2495.3332738876343,1527.6666259765625,499.0666547775269,85176.0,13.666666984558105,2481.666606903076,0.005476890452899687,13.666666984558105,1527.6666259765625,0,1,1,1,-85176.0,5,14.74454105838496,10.347869990176724,660.7983136648785,1527.6666259765625
45183,2,1,1,525.0,503.0,262.5,16392.0,22.0,503.0,0.0419047619047619,22.0,503.0,0,1,1,1,-16392.0,2,4.503300000000001,4.5033,686.9028571428571,503.0
13386,2,1,1,211.6666717529297,201.6666717529297,105.83333587646484,81104.0,10.0,201.6666717529297,0.04724409335293283,10.0,201.6666717529297,0,1,1,1,-81104.0,2,4.503324074780761,4.50332407478076,3831.684947296264,201.6666717529297
10550,2,1,1,310.6666564941406,287.6666564941406,155.3333282470703,15856.0,23.0,287.6666564941406,0.07403433718814235,23.0,287.6666564941406,0,1,1,1,-15856.0,2,4.503324074780761,4.503324074780761,1173.8884504551852,287.6666564941406
127847,3,1,2,311.6666622161865,255.3333282470703,103.88888740539551,62376.0,22.66666603088379,288.99999618530273,0.07272727172584514,22.66666603088379,255.3333282470703,0,1,1,1,-62376.0,3,10.824655205645628,8.49155651076736,38276.48316968496,33.66666793823242
76471,2,1,1,497.6666660308838,476.0,248.8333330154419,19800.0,21.66666603088379,476.0,0.04353650246194953,21.66666603088379,476.0,0,1,1,1,-19800.0,2,7.800001602563937,7.800001602563937,862.0227487466008,476.0
78985,3,1,2,395.3333282470703,215.0,131.77777608235678,78080.0,23.0,372.3333282470703,0.05817875285643956,23.0,215.0,0,1,1,1,-78080.0,2,4.50334907485529,4.50334907485529,37773.693571990574,157.3333282470703
68377,2,1,1,76.33333206176758,55.33333206176758,38.16666603088379,17544.0,21.0,55.33333206176758,0.2751091748884638,21.0,55.33333206176758,0,1,1,1,-17544.0,2,4.50334907485529,4.50334907485529,4826.51536424321,55.33333206176758
156696,2,1,1,437.3333435058594,417.3333435058594,218.6666717529297,16328.0,20.0,417.3333435058594,0.045731706253337716,20.0,417.3333435058594,0,1,1,1,-16328.0,2,4.503299999999999,4.503299999999999,746.7072997044982,417.3333435058594
24888,3,1,2,358.6666793823242,259.3333435058594,119.55555979410808,22016.0,15.0,343.6666793823242,0.0418215598556079,15.0,259.3333435058594,0,1,1,1,-22016.0,3,6.004465433140388,4.245798225173788,943.8810083367654,84.33333587646484
3663,2,1,1,316.0,296.0,158.0,27912.0,20.0,296.0,0.06329113924050633,20.0,296.0,0,1,1,1,-27912.0,2,4.503324074780761,4.503324074780761,1766.5822784810127,296.0
48300,2,1,1,93.66666984558105,75.33333587646484,46.83333492279053,25944.0,18.33333396911621,75.33333587646484,0.1957295375114815,18.33333396911621,75.33333587646484,0,1,1,1,-25944.0,2,4.503349074855292,4.503349074855291,5078.007121197877,75.33333587646484
96634,2,1,1,81.33333396911621,62.66666793823242,40.666666984558105,98056.0,18.66666603088379,62.66666793823242,0.2295081871102428,18.66666603088379,62.66666793823242,0,1,1,1,-98056.0,2,9.006648149561524,9.006648149561522,22504.654795281967,62.66666793823242
100148,2,1,1,93.66666984558105,73.33333587646484,46.83333492279053,25144.0,20.33333396911621,73.33333587646484,0.21708184995407395,20.33333396911621,73.33333587646484,0,1,1,1,-25144.0,2,4.50335,4.50335,5458.306035245236,73.33333587646484
56838,2,1,1,56.0,31.33333396911621,28.0,149504.0,24.66666603088379,31.33333396911621,0.4404761791229248,24.66666603088379,31.33333396911621,0,1,1,1,-149504.0,2,9.00665,9.006649999999999,65852.95068359375,31.33333396911621
73243,3,1,2,126.00000190734863,71.0,42.000000635782875,187248.0,21.33333396911621,104.66666793823242,0.1693121717950704,21.33333396911621,71.0,0,1,1,1,-187248.0,3,12.008866666666666,8.491551054365091,75106.6469498491,71.0
95060,3,1,2,544.0000057220459,269.3333435058594,181.33333524068198,181480.0,24.33333396911621,519.6666717529297,0.04473039285508612,24.33333396911621,269.3333435058594,0,1,1,1,-181480.0,3,12.008897532709286,8.491572879953134,87832.41896567185,250.3333282470703
161613,2,1,1,237.9999942779541,215.3333282470703,118.99999713897705,50824.0,22.66666603088379,215.3333282470703,0.09523809485647286,22.66666603088379,215.3333282470703,0,1,1,1,-50824.0,2,0.0,0.0,4840.380932985377,215.3333282470703
151479,2,1,1,73.66666603088379,57.33333206176758,36.833333015441895,70576.0,16.33333396911621,57.33333206176758,0.2217194675576695,16.33333396911621,57.33333206176758,0,1,1,1,-70576.0,2,4.50334907485529,4.50334907485529,15648.073142350082,57.33333206176758
49162,2,1,1,301.6666660308838,279.0,150.8333330154419,24344.0,22.66666603088379,279.0,0.07513811959775243,22.66666603088379,279.0,0,1,1,1,-24344.0,2,4.503324074780762,4.503324074780761,1829.1623834876855,279.0
28102,2,1,1,67.66666603088379,47.0,33.833333015441895,22736.0,20.66666603088379,47.0,0.30541871268567156,20.66666603088379,47.0,0,1,1,1,-22736.0,2,4.50334907485529,4.50334907485529,6943.999851621429,47.0
129839,3,2,1,764.6666769981384,392.0,254.8888923327128,90864.0,372.6666769981384,392.0,0.48735833299434556,365.3333435058594,392.0,1,1,0,1,10432.0,3,16.715677097862354,13.426352709752067,6219.285026401146,365.3333435058594
96161,3,1,2,754.0000057220459,510.3333435058594,251.33333524068198,198792.0,23.33333396911621,730.6666717529297,0.030946066037190186,23.33333396911621,510.3333435058594,0,1,1,1,-198792.0,3,6.004466666666666,4.245799097408586,128853.83364266742,220.3333282470703
28909,3,1,2,1414.6667127609253,1165.3333740234375,471.5555709203084,70208.0,10.666666984558105,1404.0000457763672,0.007540056529456732,10.666666984558105,1165.3333740234375,0,1,1,1,-70208.0,3,13.757877719126757,10.399978436622945,2613.262934510574,1165.3333740234375
16806,2,1,1,315.0,291.0,157.5,37536.0,24.0,291.0,0.0761904761904762,24.0,291.0,0,1,1,1,-37536.0,2,4.50335,4.50335,2859.885714285714,291.0
110946,3,1,2,397.00000190734863,255.0,132.3333339691162,95880.0,23.66666603088379,373.33333587646484,0.05961376805334899,23.66666603088379,255.0,0,1,1,1,-95880.0,3,6.004399999999999,4.245751956956506,29158.287363824496,255.0
23750,2,1,1,119.99999809265137,91.66666412353516,59.999999046325684,142232.0,28.33333396911621,91.66666412353516,0.23611112016218694,28.33333396911621,91.66666412353516,0,1,1,1,-142232.0,2,4.503349074855292,4.50334907485529,33582.556842908176,91.66666412353516
108067,4,1,3,400.66665840148926,151.3333282470703,100.16666460037231,66048.0,22.66666603088379,377.99999237060547,0.056572378947914816,22.66666603088379,151.3333282470703,0,1,1,1,-66048.0,3,12.008866666666668,8.491551054365091,24477.018020898427,141.0
54156,3,1,2,219.99999809265137,109.66666412353516,73.33333269755046,150760.0,17.33333396911621,202.66666412353516,0.0787878823608735,17.33333396911621,109.66666412353516,0,1,1,1,-150760.0,3,13.086399842584667,11.233296358890682,44965.77052249709,109.66666412353516
30916,4,2,2,123.33333396911621,38.0,30.833333492279053,185808.0,56.0,67.33333396911621,0.45405405171340707,38.0,36.66666793823242,0,1,1,1,-848.0,4,8.118492946507992,5.95734233719198,27431.52418472948,30.66666603088379
80904,3,1,2,193.66666984558105,101.0,64.55555661519368,141680.0,23.33333396911621,170.33333587646484,0.12048192901608162,23.33333396911621,101.0,0,1,1,1,-141680.0,3,5.199999999999999,5.199981467274666,46162.051342508654,69.33333587646484
29597,3,2,1,216.3333339691162,102.66666412353516,72.11111132303874,198152.0,113.66666984558105,102.66666412353516,0.525423741963909,92.33333587646484,102.66666412353516,1,1,0,1,179784.0,3,10.82466650700047,8.491572879953134,104861.6314426721,92.33333587646484
6809,6,2,4,298.33333587646484,77.33333587646484,49.722222646077476,80936.0,89.33333587646484,209.0,0.29944134675400935,77.33333587646484,57.33333206176758,0,1,1,1,-34624.0,5,12.609382381322247,10.029414041189046,20752.769102803926,57.0
128793,2,1,1,282.3333339691162,262.0,141.1666669845581,17456.0,20.33333396911621,262.0,0.07201889229041736,20.33333396911621,262.0,0,1,1,1,-17456.0,2,0.0,0.0,1257.1617838215252,262.0
68031,2,1,1,481.6666660308838,460.0,240.8333330154419,28776.0,21.66666603088379,460.0,0.04498269770134883,21.66666603088379,460.0,0,1,1,1,-28776.0,2,4.503350000000001,4.50335,1294.4221090540138,460.0
123984,3,1,2,256.6666736602783,183.6666717529297,85.55555788675944,97584.0,20.33333396911621,236.3333396911621,0.07922077953926043,20.33333396911621,183.6666717529297,0,1,1,1,-97584.0,3,5.200029935918103,5.200010334818789,66025.04940767278,52.66666793823242
13649,2,1,1,625.999979019165,603.3333129882812,312.9999895095825,15248.0,22.66666603088379,603.3333129882812,0.03620873289228952,22.66666603088379,603.3333129882812,0,1,1,1,-15248.0,2,4.503324074780762,4.503324074780761,552.1107591416305,603.3333129882812
102941,2,1,1,144.33333015441895,124.66666412353516,72.16666507720947,25656.0,19.66666603088379,124.66666412353516,0.13625865910419216,19.66666603088379,124.66666412353516,0,1,1,1,-25656.0,2,4.50335,4.50335,3495.852157977154,124.66666412353516
106299,2,1,1,228.33333778381348,207.6666717529297,114.16666889190674,17160.0,20.66666603088379,207.6666717529297,0.09051094435649619,20.66666603088379,207.6666717529297,0,1,1,1,-17160.0,2,4.50335,4.50335,1553.1678051574745,207.6666717529297
15366,2,1,1,216.33333778381348,193.6666717529297,108.16666889190674,20352.0,22.66666603088379,193.6666717529297,0.10477657425844866,22.66666603088379,193.6666717529297,0,1,1,1,-20352.0,2,4.503350000000001,4.50335,2132.4128393079473,193.6666717529297
95620,2,1,1,117.33333015441895,91.66666412353516,58.66666507720947,26240.0,25.66666603088379,91.66666412353516,0.21875000050799415,25.66666603088379,91.66666412353516,0,1,1,1,-26240.0,2,4.503324074780761,4.50332407478076,5740.000013329766,91.66666412353516
22991,2,1,1,100.66666412353516,78.66666412353516,50.33333206176758,22248.0,22.0,78.66666412353516,0.21854305187864626,22.0,78.66666412353516,0,1,1,1,-22248.0,2,0.0,0.0,4862.145818196122,78.66666412353516
102703,6,1,5,2988.666603088379,1140.6666259765625,498.1111005147298,126736.0,7.0,2981.666603088379,0.002342181624663807,7.0,1140.6666259765625,0,1,1,1,-126736.0,6,15.600017638887818,11.030867801071782,10665.771358870596,338.0
50735,2,1,1,83.33333587646484,67.33333587646484,41.66666793823242,88240.0,16.0,67.33333587646484,0.19199999414062519,16.0,67.33333587646484,0,1,1,1,-88240.0,2,7.800001602563938,7.800001602563937,16942.079482968766,67.33333587646484
70847,4,1,3,743.6666870117188,556.6666870117188,185.9166717529297,146800.0,19.0,724.6666870117188,0.025549080430572784,19.0,556.6666870117188,0,1,1,1,-146800.0,4,10.318430416008047,7.467936977171139,6857.875207429929,133.0
108596,3,1,2,672.3333129882812,572.3333129882812,224.1111043294271,16576.0,20.0,652.3333129882812,0.0297471501316916,20.0,572.3333129882812,0,1,1,1,-16576.0,3,9.006681482901705,7.353917832164173,1088.983672020966,572.3333129882812
117709,2,1,1,427.00000953674316,409.3333435058594,213.50000476837158,27720.0,17.66666603088379,409.3333435058594,0.041373924206818034,17.66666603088379,409.3333435058594,0,1,1,1,-27720.0,2,4.503299999999999,4.503299999999999,1146.8851790129959,409.3333435058594
80733,3,2,1,492.3333339691162,241.0,164.11111132303873,37312.0,265.3333339691162,227.0,0.5389302646441576,241.0,227.0,1,1,0,1,17616.0,3,12.008864199415362,8.491549309754964,9966.331788867788,241.0
124166,3,1,2,647.6666660308838,409.0,215.88888867696127,84360.0,17.66666603088379,630.0,0.02727740511820838,17.66666603088379,409.0,0,1,1,1,-84360.0,3,9.006699999999999,7.353939755441749,21322.36329375463,409.0
3052,2,1,1,752.3333339691162,731.0,376.1666669845581,14688.0,21.33333396911621,731.0,0.028356225898654597,21.33333396911621,731.0,0,1,1,1,-14688.0,2,4.503300000000001,4.5033,416.4962459994387,731.0
140350,2,1,1,248.6666717529297,226.6666717529297,124.33333587646484,25504.0,22.0,226.6666717529297,0.08847184805633611,22.0,226.6666717529297,0,1,1,1,-25504.0,2,4.503349074855292,4.50334907485529,2256.386012828796,226.6666717529297
75945,2,1,1,326.6666669845581,317.0,163.33333349227905,35344.0,9.666666984558105,317.0,0.029591837679034023,9.666666984558105,317.0,0,1,1,1,-35344.0,2,9.00665,9.00665,1045.8939109277785,317.0
29189,3,1,2,244.66666221618652,142.3333282470703,81.55555407206218,193312.0,21.33333396911621,223.3333282470703,0.08719346467507763,21.33333396911621,142.3333282470703,0,1,1,1,-193312.0,3,5.2000299359181055,5.20001033481879,74516.06725287494,142.3333282470703
89523,2,1,1,530.6666774749756,509.3333435058594,265.3333387374878,15896.0,21.33333396911621,509.3333435058594,0.04020100540441833,21.33333396911621,509.3333435058594,0,1,1,1,-15896.0,2,4.503324074780762,4.503324074780761,639.0351819086337,509.3333435058594
94856,2,1,1,525.3333435058594,506.3333435058594,262.6666717529297,12160.0,19.0,506.3333435058594,0.0361675119900096,19.0,506.3333435058594,0,1,1,1,-12160.0,2,9.00665,9.00665,439.79694579851673,506.3333435058594
132433,2,1,1,473.3333339691162,452.0,236.6666669845581,18040.0,21.33333396911621,452.0,0.04507042381787579,21.33333396911621,452.0,0,1,1,1,-18040.0,2,4.503300000000001,4.5033,813.0704456744793,452.0
50282,3,1,2,713.3333158493042,634.3333129882812,237.77777194976807,127096.0,9.666666984558105,703.6666488647461,0.013551402646950315,9.666666984558105,634.3333129882812,0,1,1,1,-127096.0,3,10.400002136751917,10.399991802026683,34325.87648779397,69.33333587646484
118110,3,2,1,1160.666696548462,742.6666870117188,386.8888988494873,18320.0,759.3333530426025,401.3333435058594,0.6542217117977742,742.6666870117188,401.3333435058594,0,1,1,1,0.0,3,13.086392902935476,9.957256001864502,263.0671859490562,401.3333435058594
33260,2,1,1,375.3333435058594,354.3333435058594,187.6666717529297,38016.0,21.0,354.3333435058594,0.05595026491343998,21.0,354.3333435058594,0,1,1,1,-38016.0,2,4.503324074780762,4.503324074780761,2127.0052709493343,354.3333435058594
115340,2,1,1,218.9999942779541,195.3333282470703,109.49999713897705,16808.0,23.66666603088379,195.3333282470703,0.10806697100113223,23.66666603088379,195.3333282470703,0,1,1,1,-16808.0,2,4.503350000000005,4.503350000000001,1816.3896485870305,195.3333282470703
74717,3,2,1,189.3333339691162,117.33333587646484,63.111111323038735,15512.0,140.00000190734863,49.33333206176758,0.7394366273093002,117.33333587646484,49.33333206176758,0,1,1,1,-440.0,3,6.004432099707681,4.245774654877481,2129.7464255422055,49.33333206176758
20914,2,1,1,150.3333282470703,128.3333282470703,75.16666412353516,19304.0,22.0,128.3333282470703,0.14634146836583947,22.0,128.3333282470703,0,1,1,1,-19304.0,2,4.503299999999999,4.503299999999999,2824.975705334165,128.3333282470703
147808,2,1,1,45.000000953674316,36.66666793823242,22.500000476837158,88328.0,8.333333015441895,36.66666793823242,0.18518517419634556,8.333333015441895,36.66666793823242,0,1,1,1,-88328.0,2,9.00665,9.00665,16357.03606641481,36.66666793823242
73329,2,1,1,124.66666412353516,114.66666412353516,62.33333206176758,13584.0,10.0,114.66666412353516,0.0802139053796351,10.0,114.66666412353516,0,1,1,1,-13584.0,2,7.800001602563938,7.800001602563938,1089.6256906769634,114.66666412353516
15635,2,1,1,290.3333339691162,266.0,145.1666669845581,21664.0,24.33333396911621,266.0,0.08381171268368597,24.33333396911621,266.0,0,1,1,1,-21664.0,2,0.0,0.0,1815.6969435793728,266.0
12879,2,1,1,290.3333225250244,269.6666564941406,145.1666612625122,17288.0,20.66666603088379,269.6666564941406,0.0711825492545813,20.66666603088379,269.6666564941406,0,1,1,1,-17288.0,2,4.503350000000001,4.50335,1230.6039115132016,269.6666564941406
44708,5,1,4,626.9999904632568,325.6666564941406,125.39999809265137,151416.0,22.66666603088379,604.333324432373,0.03615098305525746,22.66666603088379,325.6666564941406,0,1,1,1,-151416.0,5,18.97822425834409,12.609342645673484,85976.14367544584,131.0
120645,3,1,2,324.99999809265137,182.0,108.33333269755046,87056.0,28.33333396911621,296.66666412353516,0.08717948964737812,28.33333396911621,182.0,0,1,1,1,-87056.0,3,10.824655205645634,8.491556510767362,7719.33559734248,182.0
73704,2,1,1,49.66666793823242,36.66666793823242,24.83333396911621,170064.0,13.0,36.66666793823242,0.2617449597417599,13.0,36.66666793823242,0,1,1,1,-170064.0,2,4.5033,4.5033,44513.394833522645,36.66666793823242
129311,3,1,2,346.66665840148926,276.6666564941406,115.55555280049641,181544.0,18.33333396911621,328.33332443237305,0.05288461847947201,18.33333396911621,276.6666564941406,0,1,1,1,-181544.0,3,9.006681482901705,7.353917832164173,33925.15558658567,276.6666564941406
117342,3,1,2,266.66666412353516,161.0,88.88888804117839,146568.0,21.0,245.66666412353516,0.07875000075101853,21.0,161.0,0,1,1,1,-146568.0,3,7.943143646427262,6.713174905280577,52065.38927934064,161.0
42916,2,1,1,377.3333435058594,358.3333435058594,188.6666717529297,36416.0,19.0,358.3333435058594,0.050353355532983694,19.0,358.3333435058594,0,1,1,1,-36416.0,2,4.50335,4.50335,1833.6677950891342,358.3333435058594
127406,4,1,3,592.6666707992554,345.0,148.16666769981384,171888.0,9.666666984558105,583.0000038146973,0.016310461614994953,9.666666984558105,345.0,0,1,1,1,-171888.0,4,21.479529663277663,14.41769302322237,11264.61215914116,345.0
43301,2,1,1,197.0,176.0,98.5,27232.0,21.0,176.0,0.1065989847715736,21.0,176.0,0,1,1,1,-27232.0,2,7.800001602563938,7.800001602563937,2902.903553299492,176.0
158516,3,1,2,495.6666512489319,346.6666564941406,165.2222170829773,183424.0,7.666666507720947,487.99998474121094,0.015467384155063163,7.666666507720947,346.6666564941406,0,1,1,1,-183424.0,3,9.006666666666668,7.353898930650476,8799.892401121751,346.6666564941406
125138,3,1,2,607.0000095367432,511.3333435058594,202.3333365122477,80416.0,23.66666603088379,583.3333435058594,0.038989564512438755,23.66666603088379,511.3333435058594,0,1,1,1,-80416.0,3,9.006666666666664,7.353898930650476,52270.55910553282,72.0
43713,2,1,1,440.99999046325684,411.6666564941406,220.49999523162842,81280.0,29.33333396911621,411.6666564941406,0.06651549796702365,29.33333396911621,411.6666564941406,0,1,1,1,-81280.0,2,4.503324074780764,4.503324074780762,5406.3796747596825,411.6666564941406
75028,3,1,2,717.6666460037231,647.3333129882812,239.22221533457437,76624.0,8.333333015441895,709.3333129882812,0.011611704489605976,8.333333015441895,647.3333129882812,0,1,1,1,-76624.0,3,10.82467232703964,8.491567423561381,18215.297670091677,62.0
114638,2,1,1,170.3333339691162,147.0,85.1666669845581,26592.0,23.33333396911621,147.0,0.1369863045911311,23.33333396911621,147.0,0,1,1,1,-26592.0,2,4.503350000000001,4.50335,3642.7398116873583,147.0
81150,2,1,1,449.99999046325684,428.6666564941406,224.99999523162842,17440.0,21.33333396911621,428.6666564941406,0.04740740982495223,21.33333396911621,428.6666564941406,0,1,1,1,-17440.0,2,4.503350000000001,4.503349999999999,826.7852273471668,428.6666564941406
148879,2,1,1,393.3333225250244,376.6666564941406,196.6666612625122,34744.0,16.66666603088379,376.6666564941406,0.042372880903888924,16.66666603088379,376.6666564941406,0,1,1,1,-34744.0,2,0.0,0.0,1472.2033741247167,376.6666564941406
60082,3,1,2,252.66666221618652,180.3333282470703,84.22222073872884,79568.0,22.66666603088379,229.99999618530273,0.08970976159684156,22.66666603088379,180.3333282470703,0,1,1,1,-79568.0,3,6.004399999999999,4.245751956956506,48191.21848809066,49.66666793823242
157472,4,1,3,3011.666706085205,1896.3333740234375,752.9166765213013,33224.0,12.0,2999.666706085205,0.003984504651777527,12.0,1896.3333740234375,0,1,1,1,-33224.0,4,13.696349219066553,8.72066200422164,6039.59535407473,55.33333206176758
55640,2,1,1,161.0,141.0,80.5,30496.0,20.0,141.0,0.12422360248447205,20.0,141.0,0,1,1,1,-30496.0,2,4.50335,4.50335,3788.3229813664598,141.0
19235,2,1,1,63.66666603088379,41.0,31.833333015441895,18160.0,22.66666603088379,41.0,0.3560209359775257,22.66666603088379,41.0,0,1,1,1,-18160.0,2,4.503324074780761,4.503324074780761,6465.340197351867,41.0
56218,2,1,1,228.66666221618652,208.3333282470703,114.33333110809326,41776.0,20.33333396911621,208.3333282470703,0.0889212873098774,20.33333396911621,208.3333282470703,0,1,1,1,-41776.0,2,4.503300000000001,4.5033,3714.7756986574386,208.3333282470703
14236,2,1,1,260.3333282470703,240.3333282470703,130.16666412353516,23200.0,20.0,240.3333282470703,0.07682458536779788,20.0,240.3333282470703,0,1,1,1,-23200.0,2,4.50334907485529,4.50334907485529,1782.3303805329108,240.3333282470703
157143,2,1,1,230.3333282470703,207.3333282470703,115.16666412353516,18608.0,23.0,207.3333282470703,0.09985528440473332,23.0,207.3333282470703,0,1,1,1,-18608.0,2,4.503350000000001,4.503349999999999,1858.1071322032776,207.3333282470703
59364,3,1,2,329.6666660308838,167.0,109.88888867696126,17688.0,19.66666603088379,310.0,0.05965621658891463,19.66666603088379,167.0,0,1,1,1,-17688.0,3,13.086392902935476,9.957256001864502,2540.4327311509687,167.0
99455,2,1,1,357.6666564941406,337.6666564941406,178.8333282470703,29632.0,20.0,337.6666564941406,0.05591798854285329,20.0,337.6666564941406,0,1,1,1,-29632.0,2,4.50335,4.50335,1656.9618365018289,337.6666564941406
103296,3,1,2,214.66666412353516,113.0,71.55555470784505,21872.0,25.0,189.66666412353516,0.11645962870887648,25.0,113.0,0,1,1,1,-21872.0,3,6.004465433140385,4.245798225173787,2552.9192847129784,113.0
112168,3,1,2,233.66666984558105,110.0,77.88888994852702,165384.0,16.33333396911621,217.33333587646484,0.06990014442329373,16.33333396911621,110.0,0,1,1,1,-165384.0,3,5.199999999999999,5.199981467274667,11628.154357418294,107.33333587646484
49557,4,1,3,846.9999828338623,564.3333129882812,211.74999570846558,110840.0,19.66666603088379,827.3333168029785,0.023219204757341034,19.66666603088379,564.3333129882812,0,1,1,1,-110840.0,4,19.238240633712454,13.321033386598616,66468.43954946965,51.33333206176758
39303,2,1,1,516.6666660308838,499.0,258.3333330154419,26768.0,17.66666603088379,499.0,0.03419354719862605,17.66666603088379,499.0,0,1,1,1,-26768.0,2,4.503324074780762,4.503324074780761,915.2928714128223,499.0
62375,2,1,1,408.6666660308838,389.0,204.3333330154419,26016.0,19.66666603088379,389.0,0.04812397894326311,19.66666603088379,389.0,0,1,1,1,-26016.0,2,4.503324074780762,4.503324074780761,1251.993436187933,389.0
27399,3,1,2,486.0,415.0,162.0,52856.0,20.0,466.0,0.0411522633744856,20.0,415.0,0,1,1,1,-52856.0,3,13.086392902935472,9.957256001864502,20175.555555555555,51.0
73232,3,1,2,529.3333377838135,309.3333435058594,176.44444592793783,133248.0,21.66666603088379,507.6666717529297,0.040931988379187885,21.66666603088379,309.3333435058594,0,1,1,1,-133248.0,3,13.757908432768568,11.627554438583472,70516.95856552375,198.3333282470703
81268,2,1,1,397.0,372.0,198.5,18616.0,25.0,372.0,0.06297229219143577,25.0,372.0,0,1,1,1,-18616.0,2,7.80000160256394,7.800001602563938,1172.2921914357682,372.0
114179,2,1,1,257.3333377838135,236.6666717529297,128.66666889190674,21880.0,20.66666603088379,236.6666717529297,0.08031087696941124,20.66666603088379,236.6666717529297,0,1,1,1,-21880.0,2,4.50335,4.50335,1757.201988090718,236.6666717529297
81559,2,1,1,603.3333530426025,581.6666870117188,301.66667652130127,18968.0,21.66666603088379,581.6666870117188,0.03591159998302607,21.66666603088379,581.6666870117188,0,1,1,1,-18968.0,2,0.0,0.0,681.1712284780385,581.6666870117188
25087,3,2,1,367.0,203.6666717529297,122.33333333333333,139704.0,163.3333282470703,203.6666717529297,0.44504994072771203,151.3333282470703,203.6666717529297,0,1,1,1,-440.0,3,9.006666666666668,7.353898930650476,4749.413254574144,203.6666717529297
153737,2,1,1,336.6666669845581,322.0,168.33333349227905,134912.0,14.666666984558105,322.0,0.0435643573387407,14.666666984558105,322.0,0,1,1,1,-134912.0,2,9.006673149531963,9.006673149531963,5877.354577284185,322.0
82161,2,1,1,138.3333330154419,128.0,69.16666650772095,87768.0,10.333333015441895,128.0,0.07469879305437109,10.333333015441895,128.0,0,1,1,1,-87768.0,2,7.8,7.8,6556.163668796042,128.0
147601,3,1,2,1833.0,1607.0,611.0,22064.0,20.0,1813.0,0.010911074740861976,20.0,1607.0,0,1,1,1,-22064.0,3,16.715677097862354,13.426352709752067,2029.2198581560283,206.0
26617,2,1,1,230.3333330154419,222.0,115.16666650772095,94744.0,8.333333015441895,222.0,0.036179448742154986,8.333333015441895,222.0,0,1,1,1,-94744.0,2,7.8,7.8,3427.785691626732,222.0
117465,2,1,1,406.9999899864197,399.6666564941406,203.49999499320984,82120.0,7.333333492279053,399.6666564941406,0.018018018851852412,7.333333492279053,399.6666564941406,0,1,1,1,-82120.0,2,9.006673149531963,9.006673149531961,1479.6397081141201,399.6666564941406
75818,2,1,1,62.0,50.0,31.0,144416.0,12.0,50.0,0.1935483870967742,12.0,50.0,0,1,1,1,-144416.0,2,0.0,0.0,27951.483870967742,50.0
114249,2,1,1,399.3333435058594,377.3333435058594,199.6666717529297,14192.0,22.0,377.3333435058594,0.05509181829610278,22.0,377.3333435058594,0,1,1,1,-14192.0,2,4.50335,4.50335,781.8630852582907,377.3333435058594
118371,2,1,1,566.000020980835,548.6666870117188,283.0000104904175,74576.0,17.33333396911621,548.6666870117188,0.030624263827903862,17.33333396911621,548.6666870117188,0,1,1,1,-74576.0,2,7.800001602563939,7.800001602563938,2283.8350992297583,548.6666870117188
126401,5,1,4,760.3333377838135,336.0,152.0666675567627,192312.0,18.66666603088379,741.6666717529297,0.02455063470621001,18.66666603088379,336.0,0,1,1,1,-192312.0,5,12.60935296395497,8.254749908652594,126569.59312300898,126.66666412353516
14628,3,1,2,356.0,251.0,118.66666666666667,129824.0,18.0,338.0,0.05056179775280899,18.0,251.0,0,1,1,1,-129824.0,3,15.6,12.737346662472525,88390.13483146067,87.0
17320,2,1,1,130.66666412353516,107.66666412353516,65.33333206176758,19176.0,23.0,107.66666412353516,0.176020411589105,23.0,107.66666412353516,0,1,1,1,-19176.0,2,4.503324074780762,4.503324074780761,3375.3674126326778,107.66666412353516
3650,2,1,1,174.33333778381348,155.6666717529297,87.16666889190674,21032.0,18.66666603088379,155.6666717529297,0.1070745634092767,18.66666603088379,155.6666717529297,0,1,1,1,-21032.0,2,4.50334907485529,4.50334907485529,2251.9922176239074,155.6666717529297
54974,2,1,1,212.3333282470703,192.3333282470703,106.16666412353516,71496.0,20.0,192.3333282470703,0.09419152501922859,20.0,192.3333282470703,0,1,1,1,-71496.0,2,7.800001602563938,7.800001602563937,6734.317272774767,192.3333282470703
27557,4,1,3,709.3333187103271,388.6666564941406,177.3333296775818,185088.0,21.66666603088379,687.6666526794434,0.03054511251533622,21.66666603088379,388.6666564941406,0,1,1,1,-185088.0,3,7.943143646427261,6.713174905280577,64411.22557393607,388.6666564941406
52837,3,1,2,340.3333435058594,160.6666717529297,113.44444783528645,25688.0,21.0,319.3333435058594,0.061704209712964704,21.0,160.6666717529297,0,1,1,1,-25688.0,3,9.006666666666668,7.353898930650476,1902.299659353896,158.6666717529297
133591,3,2,1,935.6666469573975,636.3333129882812,311.8888823191325,159160.0,654.6666469573975,281.0,0.6996793666700033,636.3333129882812,281.0,1,1,0,1,48752.0,3,13.086423491712486,11.233309392259354,17759.79243094806,636.3333129882812
68557,6,1,5,212.3333339691162,41.66666793823242,35.3888889948527,25792.0,24.33333396911621,188.0,0.11459968867938317,24.33333396911621,41.66666793823242,0,1,1,1,-25792.0,6,19.629558765637377,11.333128829882867,3187.0267545169286,41.33333206176758
66539,3,1,2,809.6666851043701,672.6666870117188,269.88889503479004,173528.0,21.33333396911621,788.3333511352539,0.026348291663212297,21.33333396911621,672.6666870117188,0,1,1,1,-173528.0,3,9.006699999999999,7.353939755441749,135472.15910016102,115.66666412353516
66997,5,2,3,1125.3333148956299,851.3333129882812,225.06666297912597,122944.0,872.999979019165,252.33333587646484,0.7757701362463727,851.3333129882812,118.33333587646484,0,1,1,1,-28648.0,5,11.812125930398812,7.427073497576282,39740.137730901275,76.0
108969,2,1,1,374.6666660308838,354.0,187.3333330154419,21680.0,20.66666603088379,354.0,0.055160140745427924,20.66666603088379,354.0,0,1,1,1,-21680.0,2,7.800001602563937,7.800001602563937,1195.8718513608774,354.0
162953,2,1,1,201.9999942779541,180.3333282470703,100.99999713897705,17712.0,21.66666603088379,180.3333282470703,0.10726072596353756,21.66666603088379,180.3333282470703,0,1,1,1,-17712.0,2,4.503350000000001,4.503349999999999,1899.8019782661772,180.3333282470703
128490,4,1,3,968.3333225250244,333.0,242.0833306312561,176408.0,22.66666603088379,945.6666564941406,0.023407916988520263,22.66666603088379,333.0,0,1,1,1,-176408.0,3,10.824655205645636,8.49155651076736,100153.16970314897,333.0
82802,2,1,1,121.00000238418579,113.33333587646484,60.500001192092896,19184.0,7.666666507720947,113.33333587646484,0.06336087898063504,7.666666507720947,113.33333587646484,0,1,1,1,-19184.0,2,0.0,0.0,1215.5151023645026,113.33333587646484
91306,3,2,1,188.66666221618652,139.3333282470703,62.88888740539551,165096.0,157.66666221618652,31.0,0.8356890420604453,139.3333282470703,31.0,0,1,1,1,-105784.0,2,9.006673149531965,9.006673149531963,94166.06353005738,31.0
20726,2,1,1,56.33333396911621,36.0,28.166666984558105,16256.0,20.33333396911621,36.0,0.36094675277454047,20.33333396911621,36.0,0,1,1,1,-16256.0,2,4.503350000000001,4.50335,5867.550413102929,36.0
108564,2,1,1,54.333333015441895,44.0,27.166666507720947,188848.0,10.333333015441895,44.0,0.19018404434171363,10.333333015441895,44.0,0,1,1,1,-188848.0,2,7.800001602563938,7.800001602563938,35915.876405843934,44.0
71309,3,1,2,322.33333015441895,187.3333282470703,107.44444338480632,23192.0,22.66666603088379,299.66666412353516,0.07032057783172767,22.66666603088379,187.3333282470703,0,1,1,1,-23192.0,3,6.004465433140388,4.245798225173788,1635.5242722236558,112.33333587646484
48233,3,2,1,418.6666717529297,263.3333435058594,139.55555725097656,51984.0,155.3333282470703,263.3333435058594,0.37101909162413127,133.3333282470703,263.3333435058594,1,1,0,1,26296.0,2,4.5033,4.5033,19271.325245567794,133.3333282470703
150595,3,1,2,256.00000190734863,145.0,85.33333396911621,122584.0,20.66666603088379,235.33333587646484,0.08072916358166066,20.66666603088379,145.0,0,1,1,1,-122584.0,2,4.50335,4.50335,62984.22839295694,90.33333587646484
46220,2,1,1,437.6666564941406,422.6666564941406,218.8333282470703,16568.0,15.0,422.6666564941406,0.03427265883162113,15.0,422.6666564941406,0,1,1,1,-16568.0,2,4.503324074780761,4.50332407478076,567.8294115222989,422.6666564941406
140460,2,1,1,58.66666507720947,43.33333206176758,29.333332538604736,55688.0,15.333333015441895,43.33333206176758,0.26136363802616264,15.333333015441895,43.33333206176758,0,1,1,1,-55688.0,2,4.503324074780762,4.503324074780761,14554.818274400946,43.33333206176758
9548,4,1,3,584.6666507720947,241.3333282470703,146.16666269302368,152936.0,21.66666603088379,562.9999847412109,0.03705815271363842,21.66666603088379,241.3333282470703,0,1,1,1,-152936.0,4,16.999722435252433,10.798623441757519,68292.00943615634,141.3333282470703
134950,2,1,1,529.6666660308838,508.0,264.8333330154419,14232.0,21.66666603088379,508.0,0.04090622918229944,21.66666603088379,508.0,0,1,1,1,-14232.0,2,4.50334907485529,4.50334907485529,582.1774537224856,508.0
38618,5,2,3,1489.3333435058594,523.6666870117188,297.8666687011719,17704.0,152.0,1337.3333435058594,0.10205908614265977,128.0,523.6666870117188,0,1,1,1,-160.0,5,18.806459532362812,10.807995679754873,2212.051934661101,394.0
5649,3,1,2,526.9999942779541,351.6666564941406,175.66666475931802,102376.0,22.66666603088379,504.3333282470703,0.04301075194875386,22.66666603088379,351.6666564941406,0,1,1,1,-102376.0,3,12.008864199415362,8.491549309754962,62613.10956195393,152.6666717529297
140114,3,1,2,429.33334159851074,306.3333435058594,143.11111386617026,170952.0,21.33333396911621,408.00000762939453,0.0496894415180687,21.33333396911621,306.3333435058594,0,1,1,1,-170952.0,3,13.086362314171872,9.95722082555614,119099.87119847303,101.66666412353516
162425,5,2,3,1184.0000324249268,575.6666870117188,236.80000648498535,153496.0,84.66666603088379,1099.333366394043,0.07150900651369045,62.0,575.6666870117188,0,1,1,1,-560.0,5,16.509488665612874,12.217236805268202,55256.12632916079,439.3333435058594
66896,2,1,1,492.99999046325684,470.6666564941406,246.49999523162842,23920.0,22.33333396911621,470.6666564941406,0.045300881138213143,22.33333396911621,470.6666564941406,0,1,1,1,-23920.0,2,4.503324074780761,4.50332407478076,1083.5970768260584,470.6666564941406
45466,2,1,1,515.0,492.0,257.5,23464.0,23.0,492.0,0.04466019417475728,23.0,492.0,0,1,1,1,-23464.0,2,4.503324074780764,4.503324074780762,1047.906796116505,492.0
35300,4,1,3,501.99999809265137,198.0,125.49999952316284,51320.0,25.33333396911621,476.66666412353516,0.05046480889515975,25.33333396911621,198.0,0,1,1,1,-51320.0,4,5.9573468868805195,5.034858611408567,26515.760932693483,156.0
160993,2,1,1,501.6666564941406,480.6666564941406,250.8333282470703,26304.0,21.0,480.6666564941406,0.04186046596510302,21.0,480.6666564941406,0,1,1,1,-26304.0,2,7.800001602563939,7.800001602563938,1101.0976967460697,480.6666564941406
71754,2,1,1,309.6666564941406,289.6666564941406,154.8333282470703,20944.0,20.0,289.6666564941406,0.06458557800968291,20.0,289.6666564941406,0,1,1,1,-20944.0,2,4.50334907485529,4.50334907485529,1352.6803458347988,289.6666564941406
57087,2,1,1,469.6666660308838,447.0,234.8333330154419,25144.0,22.66666603088379,447.0,0.04826117685216626,22.66666603088379,447.0,0,1,1,1,-25144.0,2,4.503324074780764,4.503324074780762,1213.4790307708683,447.0
5009,3,1,2,388.33334159851074,250.6666717529297,129.44444719950357,162896.0,21.33333396911621,367.00000762939453,0.054935622785571354,21.33333396911621,250.6666717529297,0,1,1,1,-162896.0,3,9.006681482901703,7.353917832164173,79808.49442648429,116.33333587646484
98845,2,1,1,104.00000190734863,81.33333587646484,52.000000953674316,38288.0,22.66666603088379,81.33333587646484,0.21794870783826556,22.66666603088379,81.33333587646484,0,1,1,1,-38288.0,2,4.503324074780762,4.503324074780761,8344.820125711512,81.33333587646484
50021,3,1,2,241.33333015441895,130.0,80.44444338480632,149840.0,20.66666603088379,220.66666412353516,0.08563535760957704,20.66666603088379,130.0,0,1,1,1,-149840.0,2,4.50334907485529,4.50334907485529,75317.79065260953,90.66666412353516
130479,2,1,1,383.99999046325684,356.6666564941406,191.99999523162842,35448.0,27.33333396911621,356.6666564941406,0.07118055897902843,27.33333396911621,356.6666564941406,0,1,1,1,-35448.0,2,4.503324074780764,4.503324074780762,2523.2084546886,356.6666564941406
91683,2,1,1,210.00000476837158,195.6666717529297,105.00000238418579,184496.0,14.333333015441895,195.6666717529297,0.0682539651903887,14.333333015441895,195.6666717529297,0,1,1,1,-184496.0,2,4.50335,4.50335,12592.583561765954,195.6666717529297
14727,2,1,1,400.6666774749756,379.3333435058594,200.3333387374878,29824.0,21.33333396911621,379.3333435058594,0.05324459249658621,21.33333396911621,379.3333435058594,0,1,1,1,-29824.0,2,7.800001602563938,7.800001602563937,1587.966726618187,379.3333435058594
90829,2,1,1,2159.333414077759,2139.666748046875,1079.6667070388794,120560.0,19.66666603088379,2139.666748046875,0.00910774867033831,19.66666603088379,2139.666748046875,0,1,1,1,-120560.0,2,7.800001602563939,7.800001602563938,1098.0301796959866,2139.666748046875
92813,2,1,1,243.0000057220459,220.6666717529297,121.50000286102295,23864.0,22.33333396911621,220.6666717529297,0.09190672198856678,22.33333396911621,220.6666717529297,0,1,1,1,-23864.0,2,0.0,0.0,2193.2620135351576,220.6666717529297
104170,3,1,2,423.99999713897705,313.0,141.33333237965903,190112.0,8.333333015441895,415.66666412353516,0.019654087433190307,8.333333015441895,313.0,0,1,1,1,-190112.0,3,10.400002136751917,10.399991802026683,18208.60339543012,313.0
94296,2,1,1,165.9999942779541,143.3333282470703,82.99999713897705,151016.0,22.66666603088379,143.3333282470703,0.1365461856157068,22.66666603088379,143.3333282470703,0,1,1,1,-151016.0,2,7.80000160256394,7.8000016025639365,20620.65876694158,143.3333282470703
125448,3,2,1,200.33332633972168,143.3333282470703,66.7777754465739,14944.0,165.9999942779541,34.33333206176758,0.8286189687503829,143.3333282470703,34.33333206176758,0,1,1,1,-584.0,2,4.503324074780762,4.50332407478076,2108.672224338025,34.33333206176758
12893,2,1,1,121.00000190734863,98.33333587646484,60.500000953674316,22888.0,22.66666603088379,98.33333587646484,0.18732781548416808,22.66666603088379,98.33333587646484,0,1,1,1,-22888.0,2,4.50335,4.50335,4287.559040801639,98.33333587646484
92804,2,1,1,460.99999046325684,438.6666564941406,230.49999523162842,16880.0,22.33333396911621,438.6666564941406,0.048445410913509006,22.33333396911621,438.6666564941406,0,1,1,1,-16880.0,2,4.503324074780764,4.503324074780761,817.758536220032,438.6666564941406
140447,3,2,1,696.0,399.6666564941406,232.0,15360.0,421.6666564941406,274.3333435058594,0.6058428972616963,399.6666564941406,274.3333435058594,0,1,1,1,-496.0,3,6.004399999999999,4.245751956956506,770.3371575015715,274.3333435058594
77387,4,1,3,346.99999618530273,211.3333282470703,86.74999904632568,59800.0,21.0,325.99999618530273,0.06051873265377707,21.0,211.3333282470703,0,1,1,1,-59800.0,4,21.479572464684324,14.417717459323269,25358.962254581533,79.33333587646484
107321,2,1,1,95.66666984558105,72.33333587646484,47.83333492279053,23048.0,23.33333396911621,72.33333587646484,0.24390243756555305,23.33333396911621,72.33333587646484,0,1,1,1,-23048.0,2,4.503324074780764,4.503324074780762,5621.463381010867,72.33333587646484
109869,3,1,2,588.6666622161865,319.6666564941406,196.22222073872885,30904.0,23.33333396911621,565.3333282470703,0.039637600473707645,23.33333396911621,319.6666564941406,0,1,1,1,-30904.0,3,12.008897532709286,8.491572879953134,2226.545937312226,319.6666564941406
72278,2,1,1,441.0,421.0,220.5,15152.0,20.0,421.0,0.045351473922902494,20.0,421.0,0,1,1,1,-15152.0,2,7.800001602563938,7.800001602563937,687.1655328798186,421.0
18685,3,2,1,1418.6666641235352,1316.0,472.8888880411784,182696.0,102.66666412353516,1316.0,0.07236841938973983,94.66666412353516,1316.0,1,1,0,1,62032.0,3,10.824672327039638,8.49156742356138,58573.082811766246,94.66666412353516
40378,2,1,1,128.66666412353516,120.66666412353516,64.33333206176758,60400.0,8.0,120.66666412353516,0.062176167032037585,8.0,120.66666412353516,0,1,1,1,-60400.0,2,7.8,7.8,3755.44048873507,120.66666412353516
163821,3,1,2,402.66666412353516,302.0,134.22222137451172,141624.0,13.0,389.66666412353516,0.032284768415822215,13.0,302.0,0,1,1,1,-141624.0,2,9.00665,9.006649999999999,8242.105905861923,302.0
6119,2,1,1,115.33333587646484,93.33333587646484,57.66666793823242,19168.0,22.0,93.33333587646484,0.19075144088058382,22.0,93.33333587646484,0,1,1,1,-19168.0,2,4.50335,4.50335,3656.3236187990306,93.33333587646484
93376,2,1,1,434.0000104904175,419.3333435058594,217.00000524520874,13096.0,14.666666984558105,419.3333435058594,0.03379416274203509,14.666666984558105,419.3333435058594,0,1,1,1,-13096.0,2,4.503350000000001,4.503349999999999,442.56835526969155,419.3333435058594
83006,3,1,2,451.6666564941406,245.3333282470703,150.55555216471353,165320.0,24.0,427.6666564941406,0.05313653256206515,24.0,245.3333282470703,0,1,1,1,-165320.0,3,5.2,5.199981467274667,64855.46262719327,245.3333282470703
75411,2,1,1,194.0,183.0,97.0,54072.0,11.0,183.0,0.05670103092783505,11.0,183.0,0,1,1,1,-54072.0,2,9.0067,9.0067,3065.938144329897,183.0
91186,4,1,3,1884.333360671997,1413.3333740234375,471.08334016799927,32072.0,27.66666603088379,1856.6666946411133,0.014682468934805258,27.66666603088379,1413.3333740234375,0,1,1,1,-32072.0,3,13.086392902935474,9.957256001864502,1035.8888635616072,1413.3333740234375
128084,2,1,1,245.6666717529297,228.6666717529297,122.83333587646484,154792.0,17.0,228.6666717529297,0.06919945582645876,17.0,228.6666717529297,0,1,1,1,-154792.0,2,7.800001602563937,7.800001602563937,10711.522166289204,228.6666717529297
45638,2,1,1,382.0,359.0,191.0,14368.0,23.0,359.0,0.060209424083769635,23.0,359.0,0,1,1,1,-14368.0,2,4.503324074780762,4.50332407478076,865.0890052356021,359.0
115789,3,1,2,480.99998474121094,318.6666564941406,160.3333282470703,189424.0,23.0,457.99998474121094,0.047817049333950666,23.0,318.6666564941406,0,1,1,1,-189424.0,3,5.200029935918104,5.200010334818789,116500.70158264737,139.3333282470703
77485,4,2,2,912.6666717529297,454.0,228.16666793823242,70304.0,470.0,442.6666717529297,0.5149744310234163,454.0,307.0,0,1,1,1,-43800.0,4,16.999760145440288,11.700026994306468,36483.67255051254,135.6666717529297
109187,2,1,1,612.6666870117188,605.6666870117188,306.3333435058594,12528.0,7.0,605.6666870117188,0.011425462079785167,7.0,605.6666870117188,0,1,1,1,-12528.0,2,7.800000000000001,7.8,143.13818893554858,605.6666870117188
128033,3,1,2,535.3333435058594,360.3333435058594,178.44444783528647,95832.0,21.0,514.3333435058594,0.03922789464686156,21.0,360.3333435058594,0,1,1,1,-95832.0,3,10.400002136751917,7.353912035251865,55221.88832379431,154.0
129286,3,2,1,1619.3333339691162,995.6666870117188,539.7777779897054,39224.0,1015.000020980835,604.3333129882812,0.6268011654481219,995.6666870117188,604.3333129882812,1,1,0,1,20272.0,3,5.2000299359181055,5.200010334818789,8033.784854299285,995.6666870117188
130874,2,1,1,280.6666564941406,260.6666564941406,140.3333282470703,26168.0,20.0,260.6666564941406,0.07125890994613937,20.0,260.6666564941406,0,1,1,1,-26168.0,2,0.0,0.0,1864.703155470575,260.6666564941406
1107,2,1,1,357.6666774749756,336.3333435058594,178.8333387374878,16056.0,21.33333396911621,336.3333435058594,0.05964585272445128,21.33333396911621,336.3333435058594,0,1,1,1,-16056.0,2,4.50335,4.50335,957.6738113437898,336.3333435058594
132151,2,1,1,271.9999942779541,251.3333282470703,135.99999713897705,20904.0,20.66666603088379,251.3333282470703,0.07598039141782013,20.66666603088379,251.3333282470703,0,1,1,1,-20904.0,2,0.0,0.0,1588.2941021981121,251.3333282470703
32923,2,1,1,113.66666412353516,90.66666412353516,56.83333206176758,20616.0,23.0,90.66666412353516,0.20234604558292613,23.0,90.66666412353516,0,1,1,1,-20616.0,2,0.0,0.0,4171.566075737605,90.66666412353516
136819,2,1,1,351.3333225250244,329.6666564941406,175.6666612625122,20888.0,21.66666603088379,329.6666564941406,0.06166982930957406,21.66666603088379,329.6666564941406,0,1,1,1,-20888.0,2,4.503324074780762,4.50332407478076,1288.1593946183832,329.6666564941406
22989,2,1,1,90.66666984558105,70.33333587646484,45.33333492279053,30656.0,20.33333396911621,70.33333587646484,0.22426470503159462,20.33333396911621,70.33333587646484,0,1,1,1,-30656.0,2,4.50335,4.50335,6875.058797448565,70.33333587646484
104549,2,1,1,225.0,205.0,112.5,24504.0,20.0,205.0,0.08888888888888889,20.0,205.0,0,1,1,1,-24504.0,2,7.800001602563938,7.800001602563937,2178.133333333333,205.0
112204,4,2,2,1099.0000247955322,630.6666870117188,274.75000619888306,136608.0,652.3333530426025,446.6666717529297,0.5935699165830032,630.6666870117188,243.6666717529297,0,1,1,1,-36816.0,4,14.765182194016436,11.258334722440082,49448.93663086656,203.0
39482,4,1,3,1359.9999980926514,1026.0,339.99999952316284,158176.0,20.66666603088379,1339.3333320617676,0.015196077985197065,20.66666603088379,1026.0,0,1,1,1,-158176.0,4,11.914698498309765,10.069755526420439,37612.97640759661,268.0
47411,3,1,2,160.33333110809326,88.66666412353516,53.444443702697754,134568.0,10.666666984558105,149.66666412353516,0.06652806943408959,10.666666984558105,88.66666412353516,0,1,1,1,-134568.0,3,13.757907221344063,10.400005167413246,23817.580212589237,61.0
147482,5,1,4,414.6666626930237,190.3333282470703,82.93333253860473,35640.0,7.666666507720947,406.99999618530273,0.01848874577457063,7.666666507720947,190.3333282470703,0,1,1,1,-35640.0,5,17.183617827326117,14.41065810233523,1114.9839134992885,31.0
63605,3,1,2,474.3333225250244,411.6666564941406,158.11110750834146,97344.0,20.66666603088379,453.6666564941406,0.043569922350950745,20.66666603088379,411.6666564941406,0,1,1,1,-97344.0,3,12.008866666666666,8.491551054365091,76303.47698842597,42.0
138336,2,1,1,477.3333435058594,469.3333435058594,238.6666717529297,44648.0,8.0,469.3333435058594,0.01675977617914261,8.0,469.3333435058594,0,1,1,1,-44648.0,2,9.006648149561522,9.006648149561522,748.2904868463594,469.3333435058594
132159,3,1,2,353.66666412353516,221.3333282470703,117.88888804117839,40408.0,24.0,329.66666412353516,0.06786050944178568,24.0,221.3333282470703,0,1,1,1,-40408.0,3,7.943135481939386,6.713181255477084,10480.844743366186,221.3333282470703
71565,3,2,1,535.3333377838135,335.3333435058594,178.44444592793783,173368.0,358.00000953674316,177.3333282470703,0.6687422289424393,335.3333435058594,177.3333282470703,1,1,0,1,27080.0,3,13.757886610999202,10.399991802026683,16311.072875680235,335.3333435058594
136754,2,1,1,382.3333435058594,361.3333435058594,191.1666717529297,16056.0,21.0,361.3333435058594,0.05492589217418901,21.0,361.3333435058594,0,1,1,1,-16056.0,2,0.0,0.0,881.8901247487787,361.3333435058594
126033,2,1,1,262.3333377838135,238.6666717529297,131.16666889190674,21432.0,23.66666603088379,238.6666717529297,0.09021600621110258,23.66666603088379,238.6666717529297,0,1,1,1,-21432.0,2,4.503300000000001,4.5033,1933.5094451163507,238.6666717529297
51475,2,1,1,316.6666774749756,292.3333435058594,158.3333387374878,116088.0,24.33333396911621,292.3333435058594,0.07684210464815686,24.33333396911621,292.3333435058594,0,1,1,1,-116088.0,2,7.8,7.8,8920.446244395234,292.3333435058594
15868,3,1,2,1531.6666688919067,1454.0,510.55555629730225,30192.0,10.333333015441895,1521.3333358764648,0.006746463329986547,10.333333015441895,1454.0,0,1,1,1,-30192.0,3,13.08637463691827,11.233281677032565,218.87790418835635,67.33333587646484
114994,4,1,3,539.9999885559082,281.6666564941406,134.99999713897705,34488.0,27.0,512.9999885559082,0.05000000105963815,27.0,281.6666564941406,0,1,1,1,-34488.0,4,14.765165464044925,9.283864442508571,19136.360498506627,50.33333206176758
103438,2,1,1,66.99999809265137,45.33333206176758,33.499999046325684,19976.0,21.66666603088379,45.33333206176758,0.3233830842938518,21.66666603088379,45.33333206176758,0,1,1,1,-19976.0,2,4.503324074780762,4.503324074780761,6459.900491853984,45.33333206176758
136867,2,1,1,266.0000057220459,243.6666717529297,133.00000286102295,42320.0,22.33333396911621,243.6666717529297,0.08395990033343537,22.33333396911621,243.6666717529297,0,1,1,1,-42320.0,2,4.503324074780764,4.503324074780762,3553.1829821109845,243.6666717529297
26586,2,1,1,291.0,268.0,145.5,16040.0,23.0,268.0,0.07903780068728522,23.0,268.0,0,1,1,1,-16040.0,2,4.50334907485529,4.50334907485529,1267.766323024055,268.0
71893,2,1,1,66.00000190734863,44.66666793823242,33.000000953674316,38208.0,21.33333396911621,44.66666793823242,0.32323232352423453,21.33333396911621,44.66666793823242,0,1,1,1,-38208.0,2,0.0,0.0,12350.060617213954,44.66666793823242
154444,2,1,1,220.3333387374878,211.6666717529297,110.1666693687439,176448.0,8.666666984558105,211.6666717529297,0.039334342384217444,8.666666984558105,211.6666717529297,0,1,1,1,-176448.0,2,7.800001602563938,7.800001602563937,6940.466045010399,211.6666717529297
110149,2,1,1,734.6666469573975,712.3333129882812,367.33332347869873,16344.0,22.33333396911621,712.3333129882812,0.03039927572812666,22.33333396911621,712.3333129882812,0,1,1,1,-16344.0,2,4.50335,4.50335,496.84576250050213,712.3333129882812
92772,2,1,1,379.6666564941406,372.6666564941406,189.8333282470703,50984.0,7.0,372.6666564941406,0.01843722613051755,7.0,372.6666564941406,0,1,1,1,-50984.0,2,4.503324074780762,4.50332407478076,940.0035370383067,372.6666564941406
37532,5,1,4,981.6666831970215,491.0,196.3333366394043,174432.0,19.33333396911621,962.3333492279053,0.01969439759955263,19.33333396911621,491.0,0,1,1,1,-174432.0,5,14.744547166854598,9.531761527776489,74051.3697271586,491.0
54425,2,1,1,294.00000953674316,271.3333435058594,147.00000476837158,25200.0,22.66666603088379,271.3333435058594,0.07709750100552627,22.66666603088379,271.3333435058594,0,1,1,1,-25200.0,2,4.503324074780762,4.503324074780761,1942.857025339262,271.3333435058594
78204,3,1,2,527.3333377838135,265.0,175.77777926127115,25248.0,23.66666603088379,503.6666717529297,0.04487989727777503,23.66666603088379,265.0,0,1,1,1,-25248.0,3,6.004399999999999,4.245751956956506,3772.6422190027256,265.0
112841,4,1,3,2966.999969482422,2025.6666259765625,741.7499923706055,189096.0,11.0,2955.999969482422,0.003707448639414342,11.0,2025.6666259765625,0,1,1,1,-189096.0,4,11.258347686938789,7.467936977171139,15668.871053480281,2025.6666259765625
21389,2,1,1,432.0,410.0,216.0,14600.0,22.0,410.0,0.05092592592592592,22.0,410.0,0,1,1,1,-14600.0,2,4.503324074780761,4.503324074780761,743.5185185185185,410.0
76184,2,1,1,222.9999942779541,201.3333282470703,111.49999713897705,23592.0,21.66666603088379,201.3333282470703,0.0971599398512889,21.66666603088379,201.3333282470703,0,1,1,1,-23592.0,2,0.0,0.0,2292.1973009716075,201.3333282470703
31220,2,1,1,467.6666660308838,446.0,233.8333330154419,17784.0,21.66666603088379,446.0,0.046329293072713815,21.66666603088379,446.0,0,1,1,1,-17784.0,2,7.800001602563938,7.800001602563938,823.9201480051424,446.0
130783,2,1,1,342.0,319.0,171.0,15296.0,23.0,319.0,0.06725146198830409,23.0,319.0,0,1,1,1,-15296.0,2,4.503324074780761,4.50332407478076,1028.6783625730993,319.0
77237,3,1,2,438.0000057220459,272.0,146.00000190734863,12784.0,21.33333396911621,416.6666717529297,0.0487062413023216,21.33333396911621,272.0,0,1,1,1,-12784.0,3,7.9431291825073576,6.713166348303906,625.302902413683,272.0
12430,3,1,2,723.3333072662354,551.3333129882812,241.11110242207846,190008.0,22.66666603088379,700.6666412353516,0.03133640578027597,22.66666603088379,551.3333129882812,0,1,1,1,-190008.0,3,12.008933333333333,8.49159819481717,20167.948462770073,551.3333129882812
60895,2,1,1,462.33332347869873,452.6666564941406,231.16666173934937,133128.0,9.666666984558105,452.6666564941406,0.020908436605486174,9.666666984558105,452.6666564941406,0,1,1,1,-133128.0,2,9.006648149561522,9.006648149561522,2783.4983484151635,452.6666564941406
148838,3,1,2,395.666654586792,280.6666564941406,131.888884862264,136008.0,24.33333396911621,371.3333206176758,0.0614995822544822,24.33333396911621,280.6666564941406,0,1,1,1,-136008.0,3,5.2000299359181055,5.200010334818789,92084.91322218253,90.66666412353516
53721,2,1,1,601.3333339691162,580.0,300.6666669845581,16136.0,21.33333396911621,580.0,0.03547671942332714,21.33333396911621,580.0,0,1,1,1,-16136.0,2,4.503324074780764,4.503324074780762,572.4523446148067,580.0
67466,2,1,1,1536.6667079925537,1517.3333740234375,768.3333539962769,128552.0,19.33333396911621,1517.3333740234375,0.012581344977775034,19.33333396911621,1517.3333740234375,0,1,1,1,-128552.0,2,4.503324074780764,4.503324074780762,1617.3570595829362,1517.3333740234375
158780,3,1,2,422.00000953674316,346.3333435058594,140.66666984558105,79424.0,20.66666603088379,401.3333435058594,0.04897314114653915,20.66666603088379,346.3333435058594,0,1,1,1,-79424.0,3,9.006681482901705,7.353917832164173,10238.540119800746,55.0
60322,3,1,2,486.9999876022339,391.6666564941406,162.33332920074463,194104.0,9.666666984558105,477.3333206176758,0.01984941936477734,9.666666984558105,391.6666564941406,0,1,1,1,-194104.0,3,6.004432099707681,4.245774654877482,29141.229412846464,391.6666564941406
122476,3,2,1,371.3333263397217,260.6666564941406,123.7777754465739,14304.0,110.66666984558105,260.6666564941406,0.29802514882366216,88.33333587646484,260.6666564941406,0,1,1,1,-512.0,2,4.503350000000001,4.50335,982.0898131005647,260.6666564941406
151720,2,1,1,324.99999046325684,304.6666564941406,162.49999523162842,20200.0,20.33333396911621,304.6666564941406,0.06256410635622776,20.33333396911621,304.6666564941406,0,1,1,1,-20200.0,2,7.800001602563939,7.800001602563938,1263.794948395801,304.6666564941406
112381,2,1,1,428.6666660308838,405.0,214.3333330154419,16752.0,23.66666603088379,405.0,0.055209951942423015,23.66666603088379,405.0,0,1,1,1,-16752.0,2,4.503324074780764,4.503324074780762,924.8771149394703,405.0
122233,2,1,1,530.6666774749756,508.3333435058594,265.3333387374878,15048.0,22.33333396911621,508.3333435058594,0.04208542747659028,22.33333396911621,508.3333435058594,0,1,1,1,-15048.0,2,4.503350000000001,4.503349999999999,633.3015126677305,508.3333435058594
25564,3,1,2,259.3333387374878,211.6666717529297,86.44444624582927,193048.0,10.666666984558105,248.6666717529297,0.04113110576714366,10.666666984558105,211.6666717529297,0,1,1,1,-193048.0,3,9.006666666666668,7.353898930650477,22030.714430504842,211.6666717529297
89789,2,1,1,304.6666774749756,283.3333435058594,152.3333387374878,17904.0,21.33333396911621,283.3333435058594,0.07002188144080335,21.33333396911621,283.3333435058594,0,1,1,1,-17904.0,2,7.800001602563938,7.800001602563937,1253.6717653161431,283.3333435058594
7258,3,1,2,219.00000381469727,150.6666717529297,73.00000127156575,38224.0,24.0,195.00000381469727,0.10958903918699082,24.0,150.6666717529297,0,1,1,1,-38224.0,3,5.2,5.199981467274666,4359.5493970975585,44.33333206176758
81828,2,1,1,254.6666660308838,234.0,127.3333330154419,25336.0,20.66666603088379,234.0,0.0811518301668013,20.66666603088379,234.0,0,1,1,1,-25336.0,2,4.50334907485529,4.50334907485529,2056.062769106078,234.0
76815,2,1,1,88.66666412353516,68.66666412353516,44.33333206176758,73144.0,20.0,68.66666412353516,0.2255639162440455,20.0,68.66666412353516,0,1,1,1,-73144.0,2,4.5033,4.5033,16498.647089754464,68.66666412353516
59926,2,1,1,73.33333396911621,55.66666793823242,36.666666984558105,123368.0,17.66666603088379,55.66666793823242,0.24090908015069892,17.66666603088379,55.66666793823242,0,1,1,1,-123368.0,2,7.800001602563938,7.800001602563938,29720.471400031423,55.66666793823242
32071,2,1,1,514.3333435058594,488.3333435058594,257.1666717529297,110752.0,26.0,488.3333435058594,0.050550873919189734,26.0,488.3333435058594,0,1,1,1,-110752.0,2,4.503324074780762,4.503324074780761,5598.6103882981015,488.3333435058594
124810,2,1,1,339.3333230018616,331.6666564941406,169.6666615009308,123088.0,7.666666507720947,331.6666564941406,0.022593320455235363,7.666666507720947,331.6666564941406,0,1,1,1,-123088.0,2,4.503324074780762,4.503324074780761,2780.9666281940104,331.6666564941406
127769,2,1,1,126.66666603088379,102.0,63.333333015441895,41264.0,24.66666603088379,102.0,0.19473683806337477,24.66666603088379,102.0,0,1,1,1,-41264.0,2,0.0,0.0,8035.620885847096,102.0
111615,2,1,1,139.66666412353516,115.66666412353516,69.83333206176758,22776.0,24.0,115.66666412353516,0.17183771195946945,24.0,115.66666412353516,0,1,1,1,-22776.0,2,4.503350000000001,4.50335,3913.775727588876,115.66666412353516
146847,2,1,1,55.000001430511475,47.66666793823242,27.500000715255737,175904.0,7.333333492279053,47.66666793823242,0.13333333275534892,7.333333492279053,47.66666793823242,0,1,1,1,-175904.0,2,9.00665,9.00665,23453.866564996897,47.66666793823242
73375,3,1,2,328.9999895095825,276.6666564941406,109.66666316986084,148560.0,13.333333015441895,315.6666564941406,0.04052684936348165,13.333333015441895,276.6666564941406,0,1,1,1,-148560.0,3,10.824687563158578,8.491585973578001,7424.194622057596,276.6666564941406
159322,2,1,1,182.0,162.0,91.0,16296.0,20.0,162.0,0.10989010989010989,20.0,162.0,0,1,1,1,-16296.0,2,0.0,0.0,1790.7692307692307,162.0
11075,3,1,2,538.6666564941406,365.6666564941406,179.55555216471353,144944.0,22.0,516.6666564941406,0.04084158492969447,22.0,365.6666564941406,0,1,1,1,-144944.0,3,5.199999999999999,5.199981467274667,89052.79144824928,151.0
58426,3,1,2,414.3333377838135,238.6666717529297,138.1111125946045,123640.0,22.66666603088379,391.6666717529297,0.05470635346922184,22.66666603088379,238.6666717529297,0,1,1,1,-123640.0,3,6.0044,4.245751956956506,65218.98667889776,153.0
115179,2,1,1,419.6666564941406,393.6666564941406,209.8333282470703,14944.0,26.0,393.6666564941406,0.06195393319355361,26.0,393.6666564941406,0,1,1,1,-14944.0,2,0.0,0.0,925.8395776444652,393.6666564941406
124561,2,1,1,490.00000953674316,466.3333435058594,245.00000476837158,14528.0,23.66666603088379,466.3333435058594,0.048299317490337966,23.66666603088379,466.3333435058594,0,1,1,1,-14528.0,2,4.503350000000001,4.503349999999999,701.6924844996299,466.3333435058594
27352,2,1,1,185.0,165.0,92.5,18120.0,20.0,165.0,0.10810810810810811,20.0,165.0,0,1,1,1,-18120.0,2,4.503324074780762,4.503324074780761,1958.918918918919,165.0
103843,3,2,1,541.9999847412109,269.6666564941406,180.66666158040366,107832.0,293.6666564941406,248.3333282470703,0.5418204146894171,269.6666564941406,248.3333282470703,1,1,0,1,10608.0,3,10.824655205645634,8.491556510767362,9635.217883886862,269.6666564941406
45648,2,1,1,178.6666717529297,155.6666717529297,89.33333587646484,15312.0,23.0,155.6666717529297,0.12873133961887248,23.0,155.6666717529297,0,1,1,1,-15312.0,2,4.50334907485529,4.50334907485529,1971.1342722441752,155.6666717529297
136179,2,1,1,232.3333339691162,211.0,116.1666669845581,22232.0,21.33333396911621,211.0,0.09182209717677457,21.33333396911621,211.0,0,1,1,1,-22232.0,2,7.800001602563939,7.800001602563938,2041.3888644340525,211.0
141244,2,1,1,295.3333435058594,273.3333435058594,147.6666717529297,21040.0,22.0,273.3333435058594,0.07449209675697699,22.0,273.3333435058594,0,1,1,1,-21040.0,2,4.50332407478076,4.50332407478076,1567.313715766796,273.3333435058594
10419,2,1,1,106.33333015441895,85.66666412353516,53.16666507720947,16488.0,20.66666603088379,85.66666412353516,0.19435736660246913,20.66666603088379,85.66666412353516,0,1,1,1,-16488.0,2,4.503349074855292,4.503349074855291,3204.564260541511,85.66666412353516
146030,4,1,3,1408.3333225250244,874.3333129882812,352.0833306312561,151232.0,18.66666603088379,1389.6666564941406,0.013254437520100719,18.66666603088379,874.3333129882812,0,1,1,1,-151232.0,4,5.95735773482045,5.034892152457191,32388.58330691272,165.0
91170,3,2,1,262.66666412353516,136.3333282470703,87.55555470784505,15088.0,126.33333587646484,136.3333282470703,0.48096448134373393,103.33333587646484,136.3333282470703,0,1,1,1,-576.0,3,5.199999999999999,5.199981467274666,1547.7563657398161,136.3333282470703
15008,6,3,3,676.000020980835,274.3333435058594,112.66667016347249,109208.0,231.66667366027832,444.33334732055664,0.34270216933446845,128.6666717529297,274.3333435058594,0,1,1,1,-16.0,6,13.510016666666669,9.374437960471136,42749.71203347259,44.66666793823242
37611,2,1,1,179.3333282470703,157.3333282470703,89.66666412353516,35384.0,22.0,157.3333282470703,0.12267658340501135,22.0,157.3333282470703,0,1,1,1,-35384.0,2,7.800001602563937,7.8000016025639365,4340.788227202922,157.3333282470703
74228,2,1,1,55.66666603088379,33.33333206176758,27.833333015441895,42416.0,22.33333396911621,33.33333206176758,0.4011976207938465,22.33333396911621,33.33333206176758,0,1,1,1,-42416.0,2,7.8,7.799999999999999,17017.19828359179,33.33333206176758
73075,4,2,2,727.6666641235352,441.6666564941406,181.9166660308838,114296.0,114.33333587646484,613.3333282470703,0.1571232289638798,106.33333587646484,441.6666564941406,0,1,1,1,-464.0,4,14.061633960021322,9.283853213341699,5466.294016029592,171.6666717529297
89686,2,1,1,698.000020980835,676.6666870117188,349.0000104904175,16192.0,21.33333396911621,676.6666870117188,0.03056351479637271,21.33333396911621,676.6666870117188,0,1,1,1,-16192.0,2,0.0,0.0,494.8844315828669,676.6666870117188
135387,3,1,2,605.3333225250244,420.6666564941406,201.77777417500815,129136.0,21.66666603088379,583.6666564941406,0.035792951130636116,21.66666603088379,420.6666564941406,0,1,1,1,-129136.0,3,12.008864199415365,8.491549309754964,82754.96861556392,163.0
66074,2,1,1,111.00000190734863,91.33333587646484,55.500000953674316,20360.0,19.66666603088379,91.33333587646484,0.17717716840491135,19.66666603088379,91.33333587646484,0,1,1,1,-20360.0,2,4.503350000000001,4.503349999999999,3607.327148723995,91.33333587646484
105902,2,1,1,256.6666717529297,233.6666717529297,128.33333587646484,115240.0,23.0,233.6666717529297,0.08961038783461557,23.0,233.6666717529297,0,1,1,1,-115240.0,2,4.50332407478076,4.50332407478076,10326.7010940611,233.6666717529297
128514,2,1,1,110.66666603088379,93.0,55.333333015441895,46448.0,17.66666603088379,93.0,0.1596385493889691,17.66666603088379,93.0,0,1,1,1,-46448.0,2,9.006673149531965,9.006673149531963,7414.891342018836,93.0
152421,2,1,1,326.6666774749756,302.3333435058594,163.3333387374878,20800.0,24.33333396911621,302.3333435058594,0.07448979540002293,24.33333396911621,302.3333435058594,0,1,1,1,-20800.0,2,4.503324074780762,4.503324074780761,1549.387744320477,302.3333435058594
30182,3,2,1,434.3333282470703,254.3333282470703,144.77777608235678,126048.0,180.0,254.3333282470703,0.4144282473704322,173.0,254.3333282470703,0,1,1,1,-1944.0,3,13.086392902935476,9.957256001864502,2805.7897488971253,254.3333282470703
60995,2,1,1,266.9999942779541,245.3333282470703,133.49999713897705,16328.0,21.66666603088379,245.3333282470703,0.08114856365250785,21.66666603088379,245.3333282470703,0,1,1,1,-16328.0,2,4.503350000000001,4.503349999999999,1324.993747318148,245.3333282470703
82323,2,1,1,532.6666660308838,512.0,266.3333330154419,50736.0,20.66666603088379,512.0,0.03879849697537774,20.66666603088379,512.0,0,1,1,1,-50736.0,2,7.8,7.8,1968.480542542765,512.0
74229,2,1,1,72.33333206176758,54.33333206176758,36.16666603088379,31968.0,18.0,54.33333206176758,0.2488479306418411,18.0,54.33333206176758,0,1,1,1,-31968.0,2,7.8,7.799999999999999,7955.170646758376,54.33333206176758
138268,2,1,1,403.3333435058594,380.3333435058594,201.6666717529297,15712.0,23.0,380.3333435058594,0.05702479195019955,23.0,380.3333435058594,0,1,1,1,-15712.0,2,0.0,0.0,895.9735311215353,380.3333435058594
21128,3,2,1,114.66666603088379,54.0,38.222222010294594,23304.0,60.66666603088379,54.0,0.5290697648307322,41.33333206176758,54.0,0,1,1,1,-496.0,2,4.50334907485529,4.50334907485529,4107.953634860647,54.0
84364,2,1,1,155.66666221618652,131.3333282470703,77.83333110809326,89184.0,24.33333396911621,131.3333282470703,0.15631692504155192,24.33333396911621,131.3333282470703,0,1,1,1,-89184.0,2,4.503324074780761,4.503324074780761,13940.968642905766,131.3333282470703
129405,2,1,1,54.000001430511475,46.66666793823242,27.000000715255737,104400.0,7.333333492279053,46.66666793823242,0.13580246848170488,7.333333492279053,46.66666793823242,0,1,1,1,-104400.0,2,4.503300000000001,4.5033,14177.777709489988,46.66666793823242
117989,2,1,1,91.33333587646484,69.33333587646484,45.66666793823242,24312.0,22.0,69.33333587646484,0.24087590570168863,22.0,69.33333587646484,0,1,1,1,-24312.0,2,0.0,0.0,5856.175019419454,69.33333587646484
125179,3,2,1,431.0,294.0,143.66666666666666,171120.0,137.0,294.0,0.31786542923433875,110.0,294.0,0,1,1,1,-464.0,2,4.503324074780762,4.503324074780761,10838.236658932714,294.0
120992,2,1,1,108.0,82.0,54.0,21336.0,26.0,82.0,0.24074074074074073,26.0,82.0,0,1,1,1,-21336.0,2,4.50334907485529,4.50334907485529,5136.444444444444,82.0
160287,2,1,1,73.33333206176758,50.33333206176758,36.66666603088379,23584.0,23.0,50.33333206176758,0.3136363690746718,23.0,50.33333206176758,0,1,1,1,-23584.0,2,4.503300000000003,4.503299999999999,7396.80012825706,50.33333206176758
86539,2,1,1,337.3333225250244,313.6666564941406,168.6666612625122,28424.0,23.66666603088379,313.6666564941406,0.07015810312996316,23.66666603088379,313.6666564941406,0,1,1,1,-28424.0,2,4.50335,4.50335,1994.173923366073,313.6666564941406
15365,2,1,1,78.33333396911621,58.0,39.166666984558105,19232.0,20.33333396911621,58.0,0.2595744740946792,20.33333396911621,58.0,0,1,1,1,-19232.0,2,4.50334907485529,4.50334907485529,4992.136285788871,58.0
33271,2,1,1,447.6666564941406,427.6666564941406,223.8333282470703,25616.0,20.0,427.6666564941406,0.044676099302610836,20.0,427.6666564941406,0,1,1,1,-25616.0,2,4.503324074780762,4.503324074780761,1144.4229597356791,427.6666564941406
114744,2,1,1,52.66666793823242,33.66666793823242,26.33333396911621,19136.0,19.0,33.66666793823242,0.36075948496083404,19.0,33.66666793823242,0,1,1,1,-19136.0,2,4.50334907485529,4.50334907485529,6903.49350421052,33.66666793823242
13994,2,1,1,404.0,380.0,202.0,19416.0,24.0,380.0,0.0594059405940594,24.0,380.0,0,1,1,1,-19416.0,2,0.0,0.0,1153.4257425742574,380.0
141403,2,1,1,88.6666669845581,75.0,44.33333349227905,15512.0,13.666666984558105,75.0,0.154135341378494,13.666666984558105,75.0,0,1,1,1,-15512.0,2,4.503324074780761,4.503324074780761,2390.947415463199,75.0
71342,2,1,1,335.3333225250244,313.6666564941406,167.6666612625122,15792.0,21.66666603088379,313.6666564941406,0.0646123262303194,21.66666603088379,313.6666564941406,0,1,1,1,-15792.0,2,4.503300000000001,4.5033,1020.3578558292039,313.6666564941406
72343,3,2,1,960.0000057220459,787.0,320.00000190734863,111760.0,807.3333339691162,152.6666717529297,0.840972217871911,787.0,152.6666717529297,1,1,0,1,82184.0,3,7.943149246433125,6.713167451773831,15436.678195210228,787.0
107695,2,1,1,489.3333225250244,466.6666564941406,244.6666612625122,16232.0,22.66666603088379,466.6666564941406,0.04632152560941651,22.66666603088379,466.6666564941406,0,1,1,1,-16232.0,2,4.503350000000001,4.503349999999999,751.8910036920488,466.6666564941406
127244,2,1,1,162.6666612625122,151.3333282470703,81.3333306312561,137800.0,11.333333015441895,151.3333282470703,0.06967213150795608,11.333333015441895,151.3333282470703,0,1,1,1,-137800.0,2,7.800000000000001,7.800000000000001,9600.819721796346,151.3333282470703
14555,2,1,1,151.6666660308838,129.0,75.8333330154419,18776.0,22.66666603088379,129.0,0.1494505458850674,22.66666603088379,129.0,0,1,1,1,-18776.0,2,4.503324074780762,4.503324074780761,2806.0834495380254,129.0
